[14Apr2025 13:48:26.519] [main/INFO] [cpw.mods.modlauncher.Launcher/MODLAUNCHER]: ModLauncher running: args [--launchTarget, forgeserver, --fml.forgeVersion, 47.3.7, --fml.mcVersion, 1.20.1, --fml.forgeGroup, net.minecraftforge, --fml.mcpVersion, 20230612.114412, nogui]
[14Apr2025 13:48:26.523] [main/INFO] [cpw.mods.modlauncher.Launcher/MODLAUNCHER]: ModLauncher 10.0.9+10.0.9+main.dcd20f30 starting: java version 17.0.14 by Ubuntu; OS Linux arch amd64 version 6.8.0-1021-azure
[14Apr2025 13:48:26.550] [main/DEBUG] [cpw.mods.modlauncher.LaunchServiceHandler/MODLAUNCHER]: Found launch services [fmlclientdev,forgeclient,minecraft,forgegametestserverdev,fmlserveruserdev,fmlclient,fmldatauserdev,forgeserverdev,forgeserveruserdev,forgeclientdev,forgeclientuserdev,forgeserver,forgedatadev,fmlserver,fmlclientuserdev,fmlserverdev,forgedatauserdev,testharness,forgegametestserveruserdev]
[14Apr2025 13:48:26.563] [main/DEBUG] [cpw.mods.modlauncher.NameMappingServiceHandler/MODLAUNCHER]: Found naming services : [srgtomcp]
[14Apr2025 13:48:26.583] [main/DEBUG] [cpw.mods.modlauncher.LaunchPluginHandler/MODLAUNCHER]: Found launch plugins: [mixin,eventbus,slf4jfixer,object_holder_definalize,runtime_enum_extender,capability_token_subclass,accesstransformer,runtimedistcleaner]
[14Apr2025 13:48:26.598] [main/DEBUG] [cpw.mods.modlauncher.TransformationServicesHandler/MODLAUNCHER]: Discovering transformation services
[14Apr2025 13:48:26.603] [main/DEBUG] [net.minecraftforge.fml.loading.FMLPaths/CORE]: Path GAMEDIR is /workspaces/mine2/servidor_minecraft
[14Apr2025 13:48:26.604] [main/DEBUG] [net.minecraftforge.fml.loading.FMLPaths/CORE]: Path MODSDIR is /workspaces/mine2/servidor_minecraft/mods
[14Apr2025 13:48:26.604] [main/DEBUG] [net.minecraftforge.fml.loading.FMLPaths/CORE]: Path CONFIGDIR is /workspaces/mine2/servidor_minecraft/config
[14Apr2025 13:48:26.604] [main/DEBUG] [net.minecraftforge.fml.loading.FMLPaths/CORE]: Path FMLCONFIG is /workspaces/mine2/servidor_minecraft/config/fml.toml
[14Apr2025 13:48:27.884] [main/DEBUG] [cpw.mods.modlauncher.TransformationServicesHandler/MODLAUNCHER]: Found additional transformation services from discovery services: 
[14Apr2025 13:48:27.891] [main/INFO] [net.minecraftforge.fml.loading.ImmediateWindowHandler/]: ImmediateWindowProvider not loading because launch target is forgeserver
[14Apr2025 13:48:27.900] [main/DEBUG] [cpw.mods.modlauncher.TransformationServicesHandler/MODLAUNCHER]: Found transformer services : [mixin,fml]
[14Apr2025 13:48:27.901] [main/DEBUG] [cpw.mods.modlauncher.TransformationServicesHandler/MODLAUNCHER]: Transformation services loading
[14Apr2025 13:48:27.901] [main/DEBUG] [cpw.mods.modlauncher.TransformationServiceDecorator/MODLAUNCHER]: Loading service mixin
[14Apr2025 13:48:27.902] [main/DEBUG] [cpw.mods.modlauncher.TransformationServiceDecorator/MODLAUNCHER]: Loaded service mixin
[14Apr2025 13:48:27.902] [main/DEBUG] [cpw.mods.modlauncher.TransformationServiceDecorator/MODLAUNCHER]: Loading service fml
[14Apr2025 13:48:27.903] [main/DEBUG] [net.minecraftforge.fml.loading.LauncherVersion/CORE]: Found FMLLauncher version 1.0
[14Apr2025 13:48:27.903] [main/DEBUG] [net.minecraftforge.fml.loading.FMLLoader/CORE]: FML 1.0 loading
[14Apr2025 13:48:27.903] [main/DEBUG] [net.minecraftforge.fml.loading.FMLLoader/CORE]: FML found ModLauncher version : 10.0.9+10.0.9+main.dcd20f30
[14Apr2025 13:48:27.904] [main/DEBUG] [net.minecraftforge.fml.loading.FMLLoader/CORE]: FML found AccessTransformer version : 8.0.4+66+master.c09db6d7
[14Apr2025 13:48:27.904] [main/DEBUG] [net.minecraftforge.fml.loading.FMLLoader/CORE]: FML found EventBus version : 6.0.5+6.0.5+master.eb8e549b
[14Apr2025 13:48:27.904] [main/DEBUG] [net.minecraftforge.fml.loading.FMLLoader/CORE]: Found Runtime Dist Cleaner
[14Apr2025 13:48:27.906] [main/DEBUG] [net.minecraftforge.fml.loading.FMLLoader/CORE]: FML found CoreMod version : 5.1.6
[14Apr2025 13:48:27.906] [main/DEBUG] [net.minecraftforge.fml.loading.FMLLoader/CORE]: Found ForgeSPI package implementation version 7.0.1+7.0.1+master.d2b38bf6
[14Apr2025 13:48:27.907] [main/DEBUG] [net.minecraftforge.fml.loading.FMLLoader/CORE]: Found ForgeSPI package specification 5
[14Apr2025 13:48:27.907] [main/DEBUG] [cpw.mods.modlauncher.TransformationServiceDecorator/MODLAUNCHER]: Loaded service fml
[14Apr2025 13:48:27.908] [main/DEBUG] [cpw.mods.modlauncher.TransformationServicesHandler/MODLAUNCHER]: Configuring option handling for services
[14Apr2025 13:48:27.919] [main/DEBUG] [cpw.mods.modlauncher.TransformationServicesHandler/MODLAUNCHER]: Transformation services initializing
[14Apr2025 13:48:27.920] [main/DEBUG] [cpw.mods.modlauncher.TransformationServiceDecorator/MODLAUNCHER]: Initializing transformation service mixin
[14Apr2025 13:48:27.935] [main/DEBUG] [mixin/]: MixinService [ModLauncher] was successfully booted in cpw.mods.cl.ModuleClassLoader@7a3d45bd
[14Apr2025 13:48:27.954] [main/INFO] [mixin/]: SpongePowered MIXIN Subsystem Version=0.8.5 Source=union:/workspaces/mine2/servidor_minecraft/libraries/org/spongepowered/mixin/0.8.5/mixin-0.8.5.jar%2365!/ Service=ModLauncher Env=SERVER
[14Apr2025 13:48:27.958] [main/DEBUG] [mixin/]: Initialising Mixin Platform Manager
[14Apr2025 13:48:27.958] [main/DEBUG] [mixin/]: Adding mixin platform agents for container ModLauncher Root Container(ModLauncher:4f56a0a2)
[14Apr2025 13:48:27.959] [main/DEBUG] [mixin/]: Instancing new MixinPlatformAgentMinecraftForge for ModLauncher Root Container(ModLauncher:4f56a0a2)
[14Apr2025 13:48:27.960] [main/DEBUG] [mixin/]: MixinPlatformAgentMinecraftForge rejected container ModLauncher Root Container(ModLauncher:4f56a0a2)
[14Apr2025 13:48:27.960] [main/DEBUG] [mixin/]: Instancing new MixinPlatformAgentDefault for ModLauncher Root Container(ModLauncher:4f56a0a2)
[14Apr2025 13:48:27.960] [main/DEBUG] [mixin/]: MixinPlatformAgentDefault accepted container ModLauncher Root Container(ModLauncher:4f56a0a2)
[14Apr2025 13:48:27.963] [main/DEBUG] [cpw.mods.modlauncher.TransformationServiceDecorator/MODLAUNCHER]: Initialized transformation service mixin
[14Apr2025 13:48:27.963] [main/DEBUG] [cpw.mods.modlauncher.TransformationServiceDecorator/MODLAUNCHER]: Initializing transformation service fml
[14Apr2025 13:48:27.963] [main/DEBUG] [net.minecraftforge.fml.loading.FMLServiceProvider/CORE]: Setting up basic FML game directories
[14Apr2025 13:48:27.964] [main/DEBUG] [net.minecraftforge.fml.loading.FMLPaths/CORE]: Path GAMEDIR is /workspaces/mine2/servidor_minecraft
[14Apr2025 13:48:27.964] [main/DEBUG] [net.minecraftforge.fml.loading.FMLPaths/CORE]: Path MODSDIR is /workspaces/mine2/servidor_minecraft/mods
[14Apr2025 13:48:27.964] [main/DEBUG] [net.minecraftforge.fml.loading.FMLPaths/CORE]: Path CONFIGDIR is /workspaces/mine2/servidor_minecraft/config
[14Apr2025 13:48:27.964] [main/DEBUG] [net.minecraftforge.fml.loading.FMLPaths/CORE]: Path FMLCONFIG is /workspaces/mine2/servidor_minecraft/config/fml.toml
[14Apr2025 13:48:27.964] [main/DEBUG] [net.minecraftforge.fml.loading.FMLServiceProvider/CORE]: Loading configuration
[14Apr2025 13:48:27.967] [main/DEBUG] [net.minecraftforge.fml.loading.FMLServiceProvider/CORE]: Preparing ModFile
[14Apr2025 13:48:27.970] [main/DEBUG] [net.minecraftforge.fml.loading.FMLServiceProvider/CORE]: Preparing launch handler
[14Apr2025 13:48:27.970] [main/DEBUG] [net.minecraftforge.fml.loading.FMLLoader/CORE]: Using forgeserver as launch service
[14Apr2025 13:48:27.988] [main/DEBUG] [net.minecraftforge.fml.loading.FMLLoader/CORE]: Received command line version data  : VersionInfo[forgeVersion=47.3.7, mcVersion=1.20.1, mcpVersion=20230612.114412, forgeGroup=net.minecraftforge]
[14Apr2025 13:48:27.991] [main/DEBUG] [cpw.mods.modlauncher.TransformationServiceDecorator/MODLAUNCHER]: Initialized transformation service fml
[14Apr2025 13:48:27.991] [main/DEBUG] [cpw.mods.modlauncher.NameMappingServiceHandler/MODLAUNCHER]: Current naming domain is 'srg'
[14Apr2025 13:48:27.992] [main/DEBUG] [cpw.mods.modlauncher.NameMappingServiceHandler/MODLAUNCHER]: Identified name mapping providers {}
[14Apr2025 13:48:27.992] [main/DEBUG] [cpw.mods.modlauncher.TransformationServicesHandler/MODLAUNCHER]: Transformation services begin scanning
[14Apr2025 13:48:27.995] [main/DEBUG] [cpw.mods.modlauncher.TransformationServiceDecorator/MODLAUNCHER]: Beginning scan trigger - transformation service mixin
[14Apr2025 13:48:27.995] [main/DEBUG] [cpw.mods.modlauncher.TransformationServiceDecorator/MODLAUNCHER]: End scan trigger - transformation service mixin
[14Apr2025 13:48:27.995] [main/DEBUG] [cpw.mods.modlauncher.TransformationServiceDecorator/MODLAUNCHER]: Beginning scan trigger - transformation service fml
[14Apr2025 13:48:27.996] [main/DEBUG] [net.minecraftforge.fml.loading.FMLServiceProvider/CORE]: Initiating mod scan
[14Apr2025 13:48:28.010] [main/DEBUG] [net.minecraftforge.fml.loading.moddiscovery.ModListHandler/CORE]: Found mod coordinates from lists: []
[14Apr2025 13:48:28.019] [main/DEBUG] [net.minecraftforge.fml.loading.moddiscovery.ModDiscoverer/CORE]: Found Mod Locators : (mods folder:null),(maven libs:null),(exploded directory:null),(minecraft:null),(userdev classpath:null)
[14Apr2025 13:48:28.020] [main/DEBUG] [net.minecraftforge.fml.loading.moddiscovery.ModDiscoverer/CORE]: Found Dependency Locators : (JarInJar:null)
[14Apr2025 13:48:28.046] [main/DEBUG] [net.minecraftforge.fml.loading.moddiscovery.ModFileParser/LOADING]: Considering mod file candidate /workspaces/mine2/servidor_minecraft/mods/[1.20.1] SecurityCraft v1.9.12.jar
[14Apr2025 13:48:28.136] [main/DEBUG] [net.minecraftforge.fml.loading.moddiscovery.ModFileInfo/LOADING]: Found valid mod file [1.20.1] SecurityCraft v1.9.12.jar with {securitycraft} mods - versions {1.9.12}
[14Apr2025 13:48:28.137] [main/DEBUG] [net.minecraftforge.fml.loading.moddiscovery.ModFileParser/LOADING]: Considering mod file candidate /workspaces/mine2/servidor_minecraft/mods/alexsdelight-1.5.jar
[14Apr2025 13:48:28.139] [main/DEBUG] [net.minecraftforge.fml.loading.moddiscovery.ModFileInfo/LOADING]: Found valid mod file alexsdelight-1.5.jar with {alexsdelight} mods - versions {1.5}
[14Apr2025 13:48:28.143] [main/DEBUG] [net.minecraftforge.fml.loading.moddiscovery.ModFileParser/LOADING]: Considering mod file candidate /workspaces/mine2/servidor_minecraft/mods/alexsmobs-1.22.9.jar
[14Apr2025 13:48:28.144] [main/DEBUG] [net.minecraftforge.fml.loading.moddiscovery.ModFileInfo/LOADING]: Found valid mod file alexsmobs-1.22.9.jar with {alexsmobs} mods - versions {1.22.9}
[14Apr2025 13:48:28.145] [main/DEBUG] [net.minecraftforge.fml.loading.moddiscovery.ModFileParser/LOADING]: Considering mod file candidate /workspaces/mine2/servidor_minecraft/mods/Animation_Overhaul-forge-1.20.x-1.3.1.jar
[14Apr2025 13:48:28.147] [main/DEBUG] [net.minecraftforge.fml.loading.moddiscovery.ModFileInfo/LOADING]: Found valid mod file Animation_Overhaul-forge-1.20.x-1.3.1.jar with {animation_overhaul} mods - versions {1.3.1}
[14Apr2025 13:48:28.147] [main/DEBUG] [net.minecraftforge.fml.loading.moddiscovery.ModFileParser/LOADING]: Considering mod file candidate /workspaces/mine2/servidor_minecraft/mods/appleskin-forge-mc1.20.1-2.5.1.jar
[14Apr2025 13:48:28.148] [main/DEBUG] [net.minecraftforge.fml.loading.moddiscovery.ModFileInfo/LOADING]: Found valid mod file appleskin-forge-mc1.20.1-2.5.1.jar with {appleskin} mods - versions {2.5.1+mc1.20.1}
[14Apr2025 13:48:28.149] [main/DEBUG] [net.minecraftforge.fml.loading.moddiscovery.ModFileParser/LOADING]: Considering mod file candidate /workspaces/mine2/servidor_minecraft/mods/architectury-9.2.14-forge.jar
[14Apr2025 13:48:28.150] [main/DEBUG] [net.minecraftforge.fml.loading.moddiscovery.ModFileInfo/LOADING]: Found valid mod file architectury-9.2.14-forge.jar with {architectury} mods - versions {9.2.14}
[14Apr2025 13:48:28.151] [main/DEBUG] [net.minecraftforge.fml.loading.moddiscovery.ModFileParser/LOADING]: Considering mod file candidate /workspaces/mine2/servidor_minecraft/mods/balm-forge-1.20.1-7.3.27-all.jar
[14Apr2025 13:48:28.152] [main/DEBUG] [net.minecraftforge.fml.loading.moddiscovery.ModFileInfo/LOADING]: Found valid mod file balm-forge-1.20.1-7.3.27-all.jar with {balm} mods - versions {7.3.27}
[14Apr2025 13:48:28.153] [main/DEBUG] [net.minecraftforge.fml.loading.moddiscovery.ModFileParser/LOADING]: Considering mod file candidate /workspaces/mine2/servidor_minecraft/mods/carryon-forge-1.20.1-2.1.2.7.jar
[14Apr2025 13:48:28.155] [main/DEBUG] [net.minecraftforge.fml.loading.moddiscovery.ModFileInfo/LOADING]: Found valid mod file carryon-forge-1.20.1-2.1.2.7.jar with {carryon} mods - versions {2.1.2.7}
[14Apr2025 13:48:28.157] [main/DEBUG] [net.minecraftforge.fml.loading.moddiscovery.ModFileParser/LOADING]: Considering mod file candidate /workspaces/mine2/servidor_minecraft/mods/citadel-2.6.1-1.20.1.jar
[14Apr2025 13:48:28.158] [main/DEBUG] [net.minecraftforge.fml.loading.moddiscovery.ModFileInfo/LOADING]: Found valid mod file citadel-2.6.1-1.20.1.jar with {citadel} mods - versions {2.6.1}
[14Apr2025 13:48:28.159] [main/DEBUG] [net.minecraftforge.fml.loading.moddiscovery.ModFileParser/LOADING]: Considering mod file candidate /workspaces/mine2/servidor_minecraft/mods/cleanswing-1.20-1.8.jar
[14Apr2025 13:48:28.160] [main/DEBUG] [net.minecraftforge.fml.loading.moddiscovery.ModFileInfo/LOADING]: Found valid mod file cleanswing-1.20-1.8.jar with {cleanswing} mods - versions {1.8}
[14Apr2025 13:48:28.161] [main/DEBUG] [net.minecraftforge.fml.loading.moddiscovery.ModFileParser/LOADING]: Considering mod file candidate /workspaces/mine2/servidor_minecraft/mods/cloth-config-11.1.136-forge.jar
[14Apr2025 13:48:28.162] [main/DEBUG] [net.minecraftforge.fml.loading.moddiscovery.ModFileInfo/LOADING]: Found valid mod file cloth-config-11.1.136-forge.jar with {cloth_config} mods - versions {11.1.136}
[14Apr2025 13:48:28.163] [main/DEBUG] [net.minecraftforge.fml.loading.moddiscovery.ModFileParser/LOADING]: Considering mod file candidate /workspaces/mine2/servidor_minecraft/mods/collective-1.20.1-8.1.jar
[14Apr2025 13:48:28.164] [main/DEBUG] [net.minecraftforge.fml.loading.moddiscovery.ModFileInfo/LOADING]: Found valid mod file collective-1.20.1-8.1.jar with {collective} mods - versions {8.1}
[14Apr2025 13:48:28.165] [main/DEBUG] [net.minecraftforge.fml.loading.moddiscovery.ModFileParser/LOADING]: Considering mod file candidate /workspaces/mine2/servidor_minecraft/mods/corpse-forge-1.20.1-1.0.20.jar
[14Apr2025 13:48:28.166] [main/DEBUG] [net.minecraftforge.fml.loading.moddiscovery.ModFileInfo/LOADING]: Found valid mod file corpse-forge-1.20.1-1.0.20.jar with {corpse} mods - versions {1.20.1-1.0.20}
[14Apr2025 13:48:28.167] [main/DEBUG] [net.minecraftforge.fml.loading.moddiscovery.ModFileParser/LOADING]: Considering mod file candidate /workspaces/mine2/servidor_minecraft/mods/CreativeCore_FORGE_v2.12.32_mc1.20.1.jar
[14Apr2025 13:48:28.168] [main/DEBUG] [net.minecraftforge.fml.loading.moddiscovery.ModFileInfo/LOADING]: Found valid mod file CreativeCore_FORGE_v2.12.32_mc1.20.1.jar with {creativecore} mods - versions {2.12.32}
[14Apr2025 13:48:28.171] [main/DEBUG] [net.minecraftforge.fml.loading.moddiscovery.ModFileParser/LOADING]: Considering mod file candidate /workspaces/mine2/servidor_minecraft/mods/dragonseeker-1.2.0-1.20.1.jar
[14Apr2025 13:48:28.172] [main/DEBUG] [net.minecraftforge.fml.loading.moddiscovery.ModFileInfo/LOADING]: Found valid mod file dragonseeker-1.2.0-1.20.1.jar with {dragonseeker} mods - versions {1.2.0-1.20.1}
[14Apr2025 13:48:28.173] [main/DEBUG] [net.minecraftforge.fml.loading.moddiscovery.ModFileParser/LOADING]: Considering mod file candidate /workspaces/mine2/servidor_minecraft/mods/DynamicTrees-1.20.1-1.4.1.jar
[14Apr2025 13:48:28.180] [main/DEBUG] [net.minecraftforge.fml.loading.moddiscovery.ModFileInfo/LOADING]: Found valid mod file DynamicTrees-1.20.1-1.4.1.jar with {dynamictrees} mods - versions {1.20.1-1.4.1}
[14Apr2025 13:48:28.182] [main/DEBUG] [net.minecraftforge.fml.loading.moddiscovery.ModFileParser/LOADING]: Considering mod file candidate /workspaces/mine2/servidor_minecraft/mods/embeddium-0.3.31+mc1.20.1.jar
[14Apr2025 13:48:28.185] [main/DEBUG] [net.minecraftforge.fml.loading.moddiscovery.ModFileInfo/LOADING]: Found valid mod file embeddium-0.3.31+mc1.20.1.jar with {embeddium,rubidium} mods - versions {0.3.31+mc1.20.1,0.7.1}
[14Apr2025 13:48:28.192] [main/DEBUG] [net.minecraftforge.fml.loading.moddiscovery.ModFileParser/LOADING]: Considering mod file candidate /workspaces/mine2/servidor_minecraft/mods/EnchantingInfuser-v8.0.3-1.20.1-Forge.jar
[14Apr2025 13:48:28.196] [main/DEBUG] [net.minecraftforge.fml.loading.moddiscovery.ModFileInfo/LOADING]: Found valid mod file EnchantingInfuser-v8.0.3-1.20.1-Forge.jar with {enchantinginfuser} mods - versions {8.0.3}
[14Apr2025 13:48:28.198] [main/DEBUG] [net.minecraftforge.fml.loading.moddiscovery.ModFileParser/LOADING]: Considering mod file candidate /workspaces/mine2/servidor_minecraft/mods/epicfight-forge-20.9.7-1.20.1.jar
[14Apr2025 13:48:28.200] [main/DEBUG] [net.minecraftforge.fml.loading.moddiscovery.ModFileInfo/LOADING]: Found valid mod file epicfight-forge-20.9.7-1.20.1.jar with {epicfight} mods - versions {20.9.7}
[14Apr2025 13:48:28.202] [main/DEBUG] [net.minecraftforge.fml.loading.moddiscovery.ModFileParser/LOADING]: Considering mod file candidate /workspaces/mine2/servidor_minecraft/mods/FarmersDelight-1.20.1-1.2.7.jar
[14Apr2025 13:48:28.205] [main/DEBUG] [net.minecraftforge.fml.loading.moddiscovery.ModFileInfo/LOADING]: Found valid mod file FarmersDelight-1.20.1-1.2.7.jar with {farmersdelight} mods - versions {1.20.1-1.2.7}
[14Apr2025 13:48:28.213] [main/DEBUG] [net.minecraftforge.fml.loading.moddiscovery.ModFileParser/LOADING]: Considering mod file candidate /workspaces/mine2/servidor_minecraft/mods/framework-forge-1.20.1-0.7.12.jar
[14Apr2025 13:48:28.214] [main/DEBUG] [net.minecraftforge.fml.loading.moddiscovery.ModFileInfo/LOADING]: Found valid mod file framework-forge-1.20.1-0.7.12.jar with {framework} mods - versions {0.7.12}
[14Apr2025 13:48:28.215] [main/DEBUG] [net.minecraftforge.fml.loading.moddiscovery.ModFileParser/LOADING]: Considering mod file candidate /workspaces/mine2/servidor_minecraft/mods/globalxp-forge-1.20.1-1.12.jar
[14Apr2025 13:48:28.217] [main/DEBUG] [net.minecraftforge.fml.loading.moddiscovery.ModFileInfo/LOADING]: Found valid mod file globalxp-forge-1.20.1-1.12.jar with {globalxp} mods - versions {1.12}
[14Apr2025 13:48:28.221] [main/DEBUG] [net.minecraftforge.fml.loading.moddiscovery.ModFileParser/LOADING]: Considering mod file candidate /workspaces/mine2/servidor_minecraft/mods/iceandfire-2.1.13-1.20.1-beta-5.jar
[14Apr2025 13:48:28.223] [main/DEBUG] [net.minecraftforge.fml.loading.moddiscovery.ModFileInfo/LOADING]: Found valid mod file iceandfire-2.1.13-1.20.1-beta-5.jar with {iceandfire} mods - versions {2.1.13-1.20.1}
[14Apr2025 13:48:28.224] [main/DEBUG] [net.minecraftforge.fml.loading.moddiscovery.ModFileParser/LOADING]: Considering mod file candidate /workspaces/mine2/servidor_minecraft/mods/inventoryhud.forge.1.20.1-3.4.26.jar
[14Apr2025 13:48:28.225] [main/DEBUG] [net.minecraftforge.fml.loading.moddiscovery.ModFileInfo/LOADING]: Found valid mod file inventoryhud.forge.1.20.1-3.4.26.jar with {inventoryhud} mods - versions {3.4.26}
[14Apr2025 13:48:28.225] [main/DEBUG] [net.minecraftforge.fml.loading.moddiscovery.ModFileParser/LOADING]: Considering mod file candidate /workspaces/mine2/servidor_minecraft/mods/Jade-1.20.1-Forge-11.12.3.jar
[14Apr2025 13:48:28.226] [main/DEBUG] [net.minecraftforge.fml.loading.moddiscovery.ModFileInfo/LOADING]: Found valid mod file Jade-1.20.1-Forge-11.12.3.jar with {jade} mods - versions {11.12.3+forge}
[14Apr2025 13:48:28.227] [main/DEBUG] [net.minecraftforge.fml.loading.moddiscovery.ModFileParser/LOADING]: Considering mod file candidate /workspaces/mine2/servidor_minecraft/mods/jei-1.20.1-forge-15.12.2.51.jar
[14Apr2025 13:48:28.228] [main/DEBUG] [net.minecraftforge.fml.loading.moddiscovery.ModFileInfo/LOADING]: Found valid mod file jei-1.20.1-forge-15.12.2.51.jar with {jei} mods - versions {15.12.2.51}
[14Apr2025 13:48:28.232] [main/DEBUG] [net.minecraftforge.fml.loading.moddiscovery.ModFileParser/LOADING]: Considering mod file candidate /workspaces/mine2/servidor_minecraft/mods/JustEnoughResources-1.20.1-1.4.0.247.jar
[14Apr2025 13:48:28.232] [main/DEBUG] [net.minecraftforge.fml.loading.moddiscovery.ModFileInfo/LOADING]: Found valid mod file JustEnoughResources-1.20.1-1.4.0.247.jar with {jeresources} mods - versions {1.4.0.247}
[14Apr2025 13:48:28.233] [main/DEBUG] [net.minecraftforge.fml.loading.moddiscovery.ModFileParser/LOADING]: Considering mod file candidate /workspaces/mine2/servidor_minecraft/mods/justzoom_forge_2.1.1_MC_1.20.1.jar
[14Apr2025 13:48:28.234] [main/DEBUG] [net.minecraftforge.fml.loading.moddiscovery.ModFileInfo/LOADING]: Found valid mod file justzoom_forge_2.1.1_MC_1.20.1.jar with {justzoom} mods - versions {2.1.1}
[14Apr2025 13:48:28.234] [main/DEBUG] [net.minecraftforge.fml.loading.moddiscovery.ModFileParser/LOADING]: Considering mod file candidate /workspaces/mine2/servidor_minecraft/mods/kleeslabs-forge-1.20.1-15.0.6.jar
[14Apr2025 13:48:28.235] [main/DEBUG] [net.minecraftforge.fml.loading.moddiscovery.ModFileInfo/LOADING]: Found valid mod file kleeslabs-forge-1.20.1-15.0.6.jar with {kleeslabs} mods - versions {15.0.6}
[14Apr2025 13:48:28.236] [main/DEBUG] [net.minecraftforge.fml.loading.moddiscovery.ModFileParser/LOADING]: Considering mod file candidate /workspaces/mine2/servidor_minecraft/mods/konkrete_forge_1.8.0_MC_1.20-1.20.1.jar
[14Apr2025 13:48:28.240] [main/DEBUG] [net.minecraftforge.fml.loading.moddiscovery.ModFileInfo/LOADING]: Found valid mod file konkrete_forge_1.8.0_MC_1.20-1.20.1.jar with {konkrete} mods - versions {1.8.0}
[14Apr2025 13:48:28.246] [main/DEBUG] [net.minecraftforge.fml.loading.moddiscovery.ModFileParser/LOADING]: Considering mod file candidate /workspaces/mine2/servidor_minecraft/mods/minecraft-comes-alive-7.6.3+1.20.1-universal.jar
[14Apr2025 13:48:28.249] [main/DEBUG] [net.minecraftforge.fml.loading.moddiscovery.ModFileInfo/LOADING]: Found valid mod file minecraft-comes-alive-7.6.3+1.20.1-universal.jar with {mca} mods - versions {7.6.3+1.20.1}
[14Apr2025 13:48:28.250] [main/DEBUG] [net.minecraftforge.fml.loading.moddiscovery.ModFileParser/LOADING]: Considering mod file candidate /workspaces/mine2/servidor_minecraft/mods/Neat-1.20.1-41-FORGE.jar
[14Apr2025 13:48:28.251] [main/DEBUG] [net.minecraftforge.fml.loading.moddiscovery.ModFileInfo/LOADING]: Found valid mod file Neat-1.20.1-41-FORGE.jar with {neat} mods - versions {1.20.1-41-FORGE}
[14Apr2025 13:48:28.251] [main/DEBUG] [net.minecraftforge.fml.loading.moddiscovery.ModFileParser/LOADING]: Considering mod file candidate /workspaces/mine2/servidor_minecraft/mods/Necronomicon-Forge-1.6.0+1.20.1.jar
[14Apr2025 13:48:28.252] [main/DEBUG] [net.minecraftforge.fml.loading.moddiscovery.ModFileInfo/LOADING]: Found valid mod file Necronomicon-Forge-1.6.0+1.20.1.jar with {necronomicon} mods - versions {1.6.0}
[14Apr2025 13:48:28.252] [main/DEBUG] [net.minecraftforge.fml.loading.moddiscovery.ModFileParser/LOADING]: Considering mod file candidate /workspaces/mine2/servidor_minecraft/mods/PlayerRevive_FORGE_v2.0.31_mc1.20.1.jar
[14Apr2025 13:48:28.254] [main/DEBUG] [net.minecraftforge.fml.loading.moddiscovery.ModFileInfo/LOADING]: Found valid mod file PlayerRevive_FORGE_v2.0.31_mc1.20.1.jar with {playerrevive} mods - versions {2.0.31}
[14Apr2025 13:48:28.267] [main/DEBUG] [net.minecraftforge.fml.loading.moddiscovery.ModFileParser/LOADING]: Considering mod file candidate /workspaces/mine2/servidor_minecraft/mods/PuzzlesLib-v8.1.29-1.20.1-Forge.jar
[14Apr2025 13:48:28.269] [main/DEBUG] [net.minecraftforge.fml.loading.moddiscovery.ModFileInfo/LOADING]: Found valid mod file PuzzlesLib-v8.1.29-1.20.1-Forge.jar with {puzzleslib} mods - versions {8.1.29}
[14Apr2025 13:48:28.303] [main/DEBUG] [net.minecraftforge.fml.loading.moddiscovery.ModFileParser/LOADING]: Considering mod file candidate /workspaces/mine2/servidor_minecraft/mods/refurbished_furniture-forge-1.20.1-1.0.12.jar
[14Apr2025 13:48:28.304] [main/DEBUG] [net.minecraftforge.fml.loading.moddiscovery.ModFileInfo/LOADING]: Found valid mod file refurbished_furniture-forge-1.20.1-1.0.12.jar with {refurbished_furniture} mods - versions {1.0.12}
[14Apr2025 13:48:28.305] [main/DEBUG] [net.minecraftforge.fml.loading.moddiscovery.ModFileParser/LOADING]: Considering mod file candidate /workspaces/mine2/servidor_minecraft/mods/scaffoldingdropsnearby-1.20.1-3.4.jar
[14Apr2025 13:48:28.306] [main/DEBUG] [net.minecraftforge.fml.loading.moddiscovery.ModFileInfo/LOADING]: Found valid mod file scaffoldingdropsnearby-1.20.1-3.4.jar with {scaffoldingdropsnearby} mods - versions {3.4}
[14Apr2025 13:48:28.309] [main/DEBUG] [net.minecraftforge.fml.loading.moddiscovery.ModFileParser/LOADING]: Considering mod file candidate /workspaces/mine2/servidor_minecraft/mods/simplyswords-forge-1.56.0-1.20.1.jar
[14Apr2025 13:48:28.310] [main/DEBUG] [net.minecraftforge.fml.loading.moddiscovery.ModFileInfo/LOADING]: Found valid mod file simplyswords-forge-1.56.0-1.20.1.jar with {simplyswords} mods - versions {1.56.0-1.20.1}
[14Apr2025 13:48:28.311] [main/DEBUG] [net.minecraftforge.fml.loading.moddiscovery.ModFileParser/LOADING]: Considering mod file candidate /workspaces/mine2/servidor_minecraft/mods/sodiumdynamiclights-forge-1.0.10-1.20.1.jar
[14Apr2025 13:48:28.312] [main/DEBUG] [net.minecraftforge.fml.loading.moddiscovery.ModFileInfo/LOADING]: Found valid mod file sodiumdynamiclights-forge-1.0.10-1.20.1.jar with {sodiumdynamiclights} mods - versions {1.0.9}
[14Apr2025 13:48:28.312] [main/DEBUG] [net.minecraftforge.fml.loading.moddiscovery.ModFileParser/LOADING]: Considering mod file candidate /workspaces/mine2/servidor_minecraft/mods/sodiumoptionsapi-forge-1.0.10-1.20.1.jar
[14Apr2025 13:48:28.314] [main/DEBUG] [net.minecraftforge.fml.loading.moddiscovery.ModFileInfo/LOADING]: Found valid mod file sodiumoptionsapi-forge-1.0.10-1.20.1.jar with {sodiumoptionsapi} mods - versions {1.0.10}
[14Apr2025 13:48:28.316] [main/DEBUG] [net.minecraftforge.fml.loading.moddiscovery.ModFileParser/LOADING]: Considering mod file candidate /workspaces/mine2/servidor_minecraft/mods/Terralith_1.20.x_v2.5.4.jar
[14Apr2025 13:48:28.317] [main/DEBUG] [net.minecraftforge.fml.loading.moddiscovery.ModFileInfo/LOADING]: Found valid mod file Terralith_1.20.x_v2.5.4.jar with {terralith} mods - versions {2.5.4}
[14Apr2025 13:48:28.318] [main/DEBUG] [net.minecraftforge.fml.loading.moddiscovery.ModFileParser/LOADING]: Considering mod file candidate /workspaces/mine2/servidor_minecraft/mods/travelersbackpack-forge-1.20.1-9.1.34.jar
[14Apr2025 13:48:28.319] [main/DEBUG] [net.minecraftforge.fml.loading.moddiscovery.ModFileInfo/LOADING]: Found valid mod file travelersbackpack-forge-1.20.1-9.1.34.jar with {travelersbackpack} mods - versions {9.1.34}
[14Apr2025 13:48:28.320] [main/DEBUG] [net.minecraftforge.fml.loading.moddiscovery.ModFileParser/LOADING]: Considering mod file candidate /workspaces/mine2/servidor_minecraft/mods/waystones-forge-1.20.1-14.1.11.jar
[14Apr2025 13:48:28.320] [main/DEBUG] [net.minecraftforge.fml.loading.moddiscovery.ModFileInfo/LOADING]: Found valid mod file waystones-forge-1.20.1-14.1.11.jar with {waystones} mods - versions {14.1.11}
[14Apr2025 13:48:28.322] [main/DEBUG] [net.minecraftforge.fml.loading.moddiscovery.ModFileParser/LOADING]: Considering mod file candidate /workspaces/mine2/servidor_minecraft/mods/Xaeros_Minimap_25.2.0_Forge_1.20.jar
[14Apr2025 13:48:28.322] [main/DEBUG] [net.minecraftforge.fml.loading.moddiscovery.ModFileInfo/LOADING]: Found valid mod file Xaeros_Minimap_25.2.0_Forge_1.20.jar with {xaerominimap} mods - versions {25.2.0}
[14Apr2025 13:48:28.323] [main/DEBUG] [net.minecraftforge.fml.loading.moddiscovery.ModFileParser/LOADING]: Considering mod file candidate /workspaces/mine2/servidor_minecraft/mods/XaerosWorldMap_1.39.4_Forge_1.20.jar
[14Apr2025 13:48:28.323] [main/DEBUG] [net.minecraftforge.fml.loading.moddiscovery.ModFileInfo/LOADING]: Found valid mod file XaerosWorldMap_1.39.4_Forge_1.20.jar with {xaeroworldmap} mods - versions {1.39.4}
[14Apr2025 13:48:28.448] [main/DEBUG] [net.minecraftforge.fml.loading.moddiscovery.ModFileInfo/LOADING]: Found valid mod file server-1.20.1-20230612.114412-srg.jar with {minecraft} mods - versions {1.20.1}
[14Apr2025 13:48:28.453] [main/DEBUG] [net.minecraftforge.fml.loading.moddiscovery.ModFileParser/LOADING]: Considering mod file candidate /workspaces/mine2/servidor_minecraft/libraries/net/minecraftforge/fmlcore/1.20.1-47.3.7/fmlcore-1.20.1-47.3.7.jar
[14Apr2025 13:48:28.453] [main/WARN] [net.minecraftforge.fml.loading.moddiscovery.ModFileParser/LOADING]: Mod file /workspaces/mine2/servidor_minecraft/libraries/net/minecraftforge/fmlcore/1.20.1-47.3.7/fmlcore-1.20.1-47.3.7.jar is missing mods.toml file
[14Apr2025 13:48:28.456] [main/DEBUG] [net.minecraftforge.fml.loading.moddiscovery.ModFileParser/LOADING]: Considering mod file candidate /workspaces/mine2/servidor_minecraft/libraries/net/minecraftforge/javafmllanguage/1.20.1-47.3.7/javafmllanguage-1.20.1-47.3.7.jar
[14Apr2025 13:48:28.456] [main/WARN] [net.minecraftforge.fml.loading.moddiscovery.ModFileParser/LOADING]: Mod file /workspaces/mine2/servidor_minecraft/libraries/net/minecraftforge/javafmllanguage/1.20.1-47.3.7/javafmllanguage-1.20.1-47.3.7.jar is missing mods.toml file
[14Apr2025 13:48:28.458] [main/DEBUG] [net.minecraftforge.fml.loading.moddiscovery.ModFileParser/LOADING]: Considering mod file candidate /workspaces/mine2/servidor_minecraft/libraries/net/minecraftforge/lowcodelanguage/1.20.1-47.3.7/lowcodelanguage-1.20.1-47.3.7.jar
[14Apr2025 13:48:28.458] [main/WARN] [net.minecraftforge.fml.loading.moddiscovery.ModFileParser/LOADING]: Mod file /workspaces/mine2/servidor_minecraft/libraries/net/minecraftforge/lowcodelanguage/1.20.1-47.3.7/lowcodelanguage-1.20.1-47.3.7.jar is missing mods.toml file
[14Apr2025 13:48:28.459] [main/DEBUG] [net.minecraftforge.fml.loading.moddiscovery.ModFileParser/LOADING]: Considering mod file candidate /workspaces/mine2/servidor_minecraft/libraries/net/minecraftforge/mclanguage/1.20.1-47.3.7/mclanguage-1.20.1-47.3.7.jar
[14Apr2025 13:48:28.459] [main/WARN] [net.minecraftforge.fml.loading.moddiscovery.ModFileParser/LOADING]: Mod file /workspaces/mine2/servidor_minecraft/libraries/net/minecraftforge/mclanguage/1.20.1-47.3.7/mclanguage-1.20.1-47.3.7.jar is missing mods.toml file
[14Apr2025 13:48:28.506] [main/DEBUG] [net.minecraftforge.fml.loading.moddiscovery.ModFileParser/LOADING]: Considering mod file candidate /workspaces/mine2/servidor_minecraft/libraries/net/minecraftforge/forge/1.20.1-47.3.7/forge-1.20.1-47.3.7-universal.jar
[14Apr2025 13:48:28.507] [main/DEBUG] [net.minecraftforge.fml.loading.moddiscovery.ModFileInfo/LOADING]: Found valid mod file forge-1.20.1-47.3.7-universal.jar with {forge} mods - versions {47.3.7}
[14Apr2025 13:48:28.520] [main/DEBUG] [net.minecraftforge.fml.loading.moddiscovery.AbstractJarFileDependencyLocator/]: Failed to load resource META-INF/jarjar/metadata.json from server-1.20.1-20230612.114412-srg.jar, it does not contain dependency information.
[14Apr2025 13:48:28.521] [main/DEBUG] [net.minecraftforge.fml.loading.moddiscovery.AbstractJarFileDependencyLocator/]: Failed to load resource META-INF/jarjar/metadata.json from FarmersDelight-1.20.1-1.2.7.jar, it does not contain dependency information.
[14Apr2025 13:48:28.521] [main/DEBUG] [net.minecraftforge.fml.loading.moddiscovery.AbstractJarFileDependencyLocator/]: Failed to load resource META-INF/jarjar/metadata.json from simplyswords-forge-1.56.0-1.20.1.jar, it does not contain dependency information.
[14Apr2025 13:48:28.521] [main/DEBUG] [net.minecraftforge.fml.loading.moddiscovery.AbstractJarFileDependencyLocator/]: Failed to load resource META-INF/jarjar/metadata.json from Necronomicon-Forge-1.6.0+1.20.1.jar, it does not contain dependency information.
[14Apr2025 13:48:28.521] [main/DEBUG] [net.minecraftforge.fml.loading.moddiscovery.AbstractJarFileDependencyLocator/]: Failed to load resource META-INF/jarjar/metadata.json from alexsmobs-1.22.9.jar, it does not contain dependency information.
[14Apr2025 13:48:28.521] [main/DEBUG] [net.minecraftforge.fml.loading.moddiscovery.AbstractJarFileDependencyLocator/]: Failed to load resource META-INF/jarjar/metadata.json from Jade-1.20.1-Forge-11.12.3.jar, it does not contain dependency information.
[14Apr2025 13:48:28.521] [main/DEBUG] [net.minecraftforge.fml.loading.moddiscovery.AbstractJarFileDependencyLocator/]: Failed to load resource META-INF/jarjar/metadata.json from minecraft-comes-alive-7.6.3+1.20.1-universal.jar, it does not contain dependency information.
[14Apr2025 13:48:28.521] [main/DEBUG] [net.minecraftforge.fml.loading.moddiscovery.AbstractJarFileDependencyLocator/]: Failed to load resource META-INF/jarjar/metadata.json from CreativeCore_FORGE_v2.12.32_mc1.20.1.jar, it does not contain dependency information.
[14Apr2025 13:48:28.522] [main/DEBUG] [net.minecraftforge.fml.loading.moddiscovery.AbstractJarFileDependencyLocator/]: Failed to load resource META-INF/jarjar/metadata.json from jei-1.20.1-forge-15.12.2.51.jar, it does not contain dependency information.
[14Apr2025 13:48:28.522] [main/DEBUG] [net.minecraftforge.fml.loading.moddiscovery.AbstractJarFileDependencyLocator/]: Failed to load resource META-INF/jarjar/metadata.json from cleanswing-1.20-1.8.jar, it does not contain dependency information.
[14Apr2025 13:48:28.522] [main/DEBUG] [net.minecraftforge.fml.loading.moddiscovery.AbstractJarFileDependencyLocator/]: Failed to load resource META-INF/jarjar/metadata.json from kleeslabs-forge-1.20.1-15.0.6.jar, it does not contain dependency information.
[14Apr2025 13:48:28.522] [main/DEBUG] [net.minecraftforge.fml.loading.moddiscovery.AbstractJarFileDependencyLocator/]: Failed to load resource META-INF/jarjar/metadata.json from Neat-1.20.1-41-FORGE.jar, it does not contain dependency information.
[14Apr2025 13:48:28.522] [main/DEBUG] [net.minecraftforge.fml.loading.moddiscovery.AbstractJarFileDependencyLocator/]: Failed to load resource META-INF/jarjar/metadata.json from Xaeros_Minimap_25.2.0_Forge_1.20.jar, it does not contain dependency information.
[14Apr2025 13:48:28.522] [main/DEBUG] [net.minecraftforge.fml.loading.moddiscovery.AbstractJarFileDependencyLocator/]: Failed to load resource META-INF/jarjar/metadata.json from waystones-forge-1.20.1-14.1.11.jar, it does not contain dependency information.
[14Apr2025 13:48:28.522] [main/DEBUG] [net.minecraftforge.fml.loading.moddiscovery.AbstractJarFileDependencyLocator/]: Failed to load resource META-INF/jarjar/metadata.json from epicfight-forge-20.9.7-1.20.1.jar, it does not contain dependency information.
[14Apr2025 13:48:28.523] [main/DEBUG] [net.minecraftforge.fml.loading.moddiscovery.AbstractJarFileDependencyLocator/]: Failed to load resource META-INF/jarjar/metadata.json from collective-1.20.1-8.1.jar, it does not contain dependency information.
[14Apr2025 13:48:28.523] [main/DEBUG] [net.minecraftforge.fml.loading.moddiscovery.AbstractJarFileDependencyLocator/]: Failed to load resource META-INF/jarjar/metadata.json from dragonseeker-1.2.0-1.20.1.jar, it does not contain dependency information.
[14Apr2025 13:48:28.523] [main/DEBUG] [net.minecraftforge.fml.loading.moddiscovery.AbstractJarFileDependencyLocator/]: Failed to load resource META-INF/jarjar/metadata.json from XaerosWorldMap_1.39.4_Forge_1.20.jar, it does not contain dependency information.
[14Apr2025 13:48:28.523] [main/DEBUG] [net.minecraftforge.fml.loading.moddiscovery.AbstractJarFileDependencyLocator/]: Failed to load resource META-INF/jarjar/metadata.json from citadel-2.6.1-1.20.1.jar, it does not contain dependency information.
[14Apr2025 13:48:28.523] [main/DEBUG] [net.minecraftforge.fml.loading.moddiscovery.AbstractJarFileDependencyLocator/]: Failed to load resource META-INF/jarjar/metadata.json from [1.20.1] SecurityCraft v1.9.12.jar, it does not contain dependency information.
[14Apr2025 13:48:28.523] [main/DEBUG] [net.minecraftforge.fml.loading.moddiscovery.AbstractJarFileDependencyLocator/]: Failed to load resource META-INF/jarjar/metadata.json from travelersbackpack-forge-1.20.1-9.1.34.jar, it does not contain dependency information.
[14Apr2025 13:48:28.523] [main/DEBUG] [net.minecraftforge.fml.loading.moddiscovery.AbstractJarFileDependencyLocator/]: Failed to load resource META-INF/jarjar/metadata.json from inventoryhud.forge.1.20.1-3.4.26.jar, it does not contain dependency information.
[14Apr2025 13:48:28.524] [main/DEBUG] [net.minecraftforge.fml.loading.moddiscovery.AbstractJarFileDependencyLocator/]: Failed to load resource META-INF/jarjar/metadata.json from architectury-9.2.14-forge.jar, it does not contain dependency information.
[14Apr2025 13:48:28.524] [main/DEBUG] [net.minecraftforge.fml.loading.moddiscovery.AbstractJarFileDependencyLocator/]: Failed to load resource META-INF/jarjar/metadata.json from appleskin-forge-mc1.20.1-2.5.1.jar, it does not contain dependency information.
[14Apr2025 13:48:28.524] [main/DEBUG] [net.minecraftforge.fml.loading.moddiscovery.AbstractJarFileDependencyLocator/]: Failed to load resource META-INF/jarjar/metadata.json from alexsdelight-1.5.jar, it does not contain dependency information.
[14Apr2025 13:48:28.524] [main/DEBUG] [net.minecraftforge.fml.loading.moddiscovery.AbstractJarFileDependencyLocator/]: Failed to load resource META-INF/jarjar/metadata.json from iceandfire-2.1.13-1.20.1-beta-5.jar, it does not contain dependency information.
[14Apr2025 13:48:28.524] [main/DEBUG] [net.minecraftforge.fml.loading.moddiscovery.AbstractJarFileDependencyLocator/]: Failed to load resource META-INF/jarjar/metadata.json from globalxp-forge-1.20.1-1.12.jar, it does not contain dependency information.
[14Apr2025 13:48:28.526] [main/DEBUG] [net.minecraftforge.fml.loading.moddiscovery.AbstractJarFileDependencyLocator/]: Failed to load resource META-INF/jarjar/metadata.json from refurbished_furniture-forge-1.20.1-1.0.12.jar, it does not contain dependency information.
[14Apr2025 13:48:28.526] [main/DEBUG] [net.minecraftforge.fml.loading.moddiscovery.AbstractJarFileDependencyLocator/]: Failed to load resource META-INF/jarjar/metadata.json from Terralith_1.20.x_v2.5.4.jar, it does not contain dependency information.
[14Apr2025 13:48:28.526] [main/DEBUG] [net.minecraftforge.fml.loading.moddiscovery.AbstractJarFileDependencyLocator/]: Failed to load resource META-INF/jarjar/metadata.json from JustEnoughResources-1.20.1-1.4.0.247.jar, it does not contain dependency information.
[14Apr2025 13:48:28.526] [main/DEBUG] [net.minecraftforge.fml.loading.moddiscovery.AbstractJarFileDependencyLocator/]: Failed to load resource META-INF/jarjar/metadata.json from framework-forge-1.20.1-0.7.12.jar, it does not contain dependency information.
[14Apr2025 13:48:28.526] [main/DEBUG] [net.minecraftforge.fml.loading.moddiscovery.AbstractJarFileDependencyLocator/]: Failed to load resource META-INF/jarjar/metadata.json from cloth-config-11.1.136-forge.jar, it does not contain dependency information.
[14Apr2025 13:48:28.527] [main/DEBUG] [net.minecraftforge.fml.loading.moddiscovery.AbstractJarFileDependencyLocator/]: Failed to load resource META-INF/jarjar/metadata.json from forge-1.20.1-47.3.7-universal.jar, it does not contain dependency information.
[14Apr2025 13:48:28.527] [main/DEBUG] [net.minecraftforge.fml.loading.moddiscovery.AbstractJarFileDependencyLocator/]: Failed to load resource META-INF/jarjar/metadata.json from DynamicTrees-1.20.1-1.4.1.jar, it does not contain dependency information.
[14Apr2025 13:48:28.527] [main/DEBUG] [net.minecraftforge.fml.loading.moddiscovery.AbstractJarFileDependencyLocator/]: Failed to load resource META-INF/jarjar/metadata.json from PlayerRevive_FORGE_v2.0.31_mc1.20.1.jar, it does not contain dependency information.
[14Apr2025 13:48:28.527] [main/DEBUG] [net.minecraftforge.fml.loading.moddiscovery.AbstractJarFileDependencyLocator/]: Failed to load resource META-INF/jarjar/metadata.json from konkrete_forge_1.8.0_MC_1.20-1.20.1.jar, it does not contain dependency information.
[14Apr2025 13:48:28.527] [main/DEBUG] [net.minecraftforge.fml.loading.moddiscovery.AbstractJarFileDependencyLocator/]: Failed to load resource META-INF/jarjar/metadata.json from scaffoldingdropsnearby-1.20.1-3.4.jar, it does not contain dependency information.
[14Apr2025 13:48:28.527] [main/DEBUG] [net.minecraftforge.fml.loading.moddiscovery.AbstractJarFileDependencyLocator/]: Failed to load resource META-INF/jarjar/metadata.json from corpse-forge-1.20.1-1.0.20.jar, it does not contain dependency information.
[14Apr2025 13:48:28.528] [main/DEBUG] [net.minecraftforge.fml.loading.moddiscovery.AbstractJarFileDependencyLocator/]: Failed to load resource META-INF/jarjar/metadata.json from mclanguage-1.20.1-47.3.7.jar, it does not contain dependency information.
[14Apr2025 13:48:28.528] [main/DEBUG] [net.minecraftforge.fml.loading.moddiscovery.AbstractJarFileDependencyLocator/]: Failed to load resource META-INF/jarjar/metadata.json from javafmllanguage-1.20.1-47.3.7.jar, it does not contain dependency information.
[14Apr2025 13:48:28.528] [main/DEBUG] [net.minecraftforge.fml.loading.moddiscovery.AbstractJarFileDependencyLocator/]: Failed to load resource META-INF/jarjar/metadata.json from fmlcore-1.20.1-47.3.7.jar, it does not contain dependency information.
[14Apr2025 13:48:28.528] [main/DEBUG] [net.minecraftforge.fml.loading.moddiscovery.AbstractJarFileDependencyLocator/]: Failed to load resource META-INF/jarjar/metadata.json from lowcodelanguage-1.20.1-47.3.7.jar, it does not contain dependency information.
[14Apr2025 13:48:28.586] [main/DEBUG] [net.minecraftforge.fml.loading.moddiscovery.ModFileParser/LOADING]: Considering mod file candidate 
[14Apr2025 13:48:28.586] [main/DEBUG] [net.minecraftforge.fml.loading.moddiscovery.ModFileInfo/LOADING]: Found valid mod file playeranimator-1.0.2-rc1+1.20-forge.jar with {playeranimator} mods - versions {1.0.2-rc1+1.20}
[14Apr2025 13:48:28.589] [main/DEBUG] [net.minecraftforge.fml.loading.moddiscovery.ModFileParser/LOADING]: Considering mod file candidate 
[14Apr2025 13:48:28.590] [main/DEBUG] [net.minecraftforge.fml.loading.moddiscovery.ModFileInfo/LOADING]: Found valid mod file mixinextras-forge-0.3.5.jar with {mixinextras} mods - versions {0.3.5}
[14Apr2025 13:48:28.592] [main/DEBUG] [net.minecraftforge.fml.loading.moddiscovery.ModFileParser/LOADING]: Considering mod file candidate 
[14Apr2025 13:48:28.592] [main/DEBUG] [net.minecraftforge.fml.loading.moddiscovery.ModFileInfo/LOADING]: Found valid mod file fabric-api-base-0.4.31+ef105b4977.jar with {fabric_api_base} mods - versions {0.4.31+ef105b4977}
[14Apr2025 13:48:28.594] [main/DEBUG] [net.minecraftforge.fml.loading.moddiscovery.ModFileParser/LOADING]: Considering mod file candidate 
[14Apr2025 13:48:28.595] [main/DEBUG] [net.minecraftforge.fml.loading.moddiscovery.ModFileInfo/LOADING]: Found valid mod file mixinextras-forge-0.4.1.jar with {mixinextras} mods - versions {0.4.1}
[14Apr2025 13:48:28.597] [main/DEBUG] [net.minecraftforge.fml.loading.moddiscovery.ModFileParser/LOADING]: Considering mod file candidate 
[14Apr2025 13:48:28.598] [main/DEBUG] [net.minecraftforge.fml.loading.moddiscovery.ModFileInfo/LOADING]: Found valid mod file kuma-api-forge-20.1.10+1.20.1.jar with {kuma_api} mods - versions {20.1.10}
[14Apr2025 13:48:28.600] [main/DEBUG] [net.minecraftforge.fml.loading.moddiscovery.ModFileParser/LOADING]: Considering mod file candidate 
[14Apr2025 13:48:28.601] [main/DEBUG] [net.minecraftforge.fml.loading.moddiscovery.ModFileInfo/LOADING]: Found valid mod file fabric-api-base-0.4.31+ef105b4977.jar with {fabric_api_base} mods - versions {0.4.31+ef105b4977}
[14Apr2025 13:48:28.603] [main/DEBUG] [net.minecraftforge.fml.loading.moddiscovery.ModFileParser/LOADING]: Considering mod file candidate 
[14Apr2025 13:48:28.604] [main/DEBUG] [net.minecraftforge.fml.loading.moddiscovery.ModFileInfo/LOADING]: Found valid mod file mixinextras-forge-0.4.1.jar with {mixinextras} mods - versions {0.4.1}
[14Apr2025 13:48:28.606] [main/DEBUG] [net.minecraftforge.fml.loading.moddiscovery.ModFileParser/LOADING]: Considering mod file candidate 
[14Apr2025 13:48:28.606] [main/DEBUG] [net.minecraftforge.fml.loading.moddiscovery.ModFileInfo/LOADING]: Found valid mod file mixinextras-forge-0.3.5.jar with {mixinextras} mods - versions {0.3.5}
[14Apr2025 13:48:28.609] [main/DEBUG] [net.minecraftforge.fml.loading.moddiscovery.ModFileParser/LOADING]: Considering mod file candidate 
[14Apr2025 13:48:28.609] [main/DEBUG] [net.minecraftforge.fml.loading.moddiscovery.ModFileInfo/LOADING]: Found valid mod file mixinextras-forge-0.2.0-beta.6.jar with {mixinextras} mods - versions {0.2.0-beta.6}
[14Apr2025 13:48:28.612] [main/DEBUG] [net.minecraftforge.fml.loading.moddiscovery.ModFileParser/LOADING]: Considering mod file candidate 
[14Apr2025 13:48:28.612] [main/DEBUG] [net.minecraftforge.fml.loading.moddiscovery.ModFileInfo/LOADING]: Found valid mod file puzzlesaccessapi-forge-20.1.1.jar with {puzzlesaccessapi} mods - versions {20.1.1}
[14Apr2025 13:48:28.614] [main/DEBUG] [net.minecraftforge.fml.loading.moddiscovery.ModFileParser/LOADING]: Considering mod file candidate 
[14Apr2025 13:48:28.615] [main/DEBUG] [net.minecraftforge.fml.loading.moddiscovery.ModFileInfo/LOADING]: Found valid mod file mixinextras-forge-0.4.1.jar with {mixinextras} mods - versions {0.4.1}
[14Apr2025 13:48:28.615] [main/DEBUG] [net.minecraftforge.fml.loading.moddiscovery.AbstractJarFileDependencyLocator/]: Failed to load resource META-INF/jarjar/metadata.json from playeranimator-1.0.2-rc1+1.20-forge.jar, it does not contain dependency information.
[14Apr2025 13:48:28.625] [main/DEBUG] [net.minecraftforge.fml.loading.moddiscovery.AbstractJarFileDependencyLocator/]: Failed to load resource META-INF/jarjar/metadata.json from fabric-api-base-0.4.31+ef105b4977.jar, it does not contain dependency information.
[14Apr2025 13:48:28.634] [main/DEBUG] [net.minecraftforge.fml.loading.moddiscovery.AbstractJarFileDependencyLocator/]: Failed to load resource META-INF/jarjar/metadata.json from kuma-api-forge-20.1.10+1.20.1.jar, it does not contain dependency information.
[14Apr2025 13:48:28.634] [main/DEBUG] [net.minecraftforge.fml.loading.moddiscovery.AbstractJarFileDependencyLocator/]: Failed to load resource META-INF/jarjar/metadata.json from fabric-api-base-0.4.31+ef105b4977.jar, it does not contain dependency information.
[14Apr2025 13:48:28.654] [main/DEBUG] [net.minecraftforge.fml.loading.moddiscovery.AbstractJarFileDependencyLocator/]: Failed to load resource META-INF/jarjar/metadata.json from puzzlesaccessapi-forge-20.1.1.jar, it does not contain dependency information.
[14Apr2025 13:48:28.662] [main/DEBUG] [net.minecraftforge.fml.loading.moddiscovery.AbstractJarFileDependencyLocator/]: Failed to load resource META-INF/jarjar/metadata.json from MixinExtras-0.3.5.jar, it does not contain dependency information.
[14Apr2025 13:48:28.663] [main/DEBUG] [net.minecraftforge.fml.loading.moddiscovery.AbstractJarFileDependencyLocator/]: Failed to load resource META-INF/jarjar/metadata.json from MixinExtras-0.4.1.jar, it does not contain dependency information.
[14Apr2025 13:48:28.663] [main/DEBUG] [net.minecraftforge.fml.loading.moddiscovery.AbstractJarFileDependencyLocator/]: Failed to load resource META-INF/jarjar/metadata.json from MixinExtras-0.4.1.jar, it does not contain dependency information.
[14Apr2025 13:48:28.663] [main/DEBUG] [net.minecraftforge.fml.loading.moddiscovery.AbstractJarFileDependencyLocator/]: Failed to load resource META-INF/jarjar/metadata.json from MixinExtras-0.3.5.jar, it does not contain dependency information.
[14Apr2025 13:48:28.664] [main/DEBUG] [net.minecraftforge.fml.loading.moddiscovery.AbstractJarFileDependencyLocator/]: Failed to load resource META-INF/jarjar/metadata.json from MixinExtras-0.2.0-beta.6.jar, it does not contain dependency information.
[14Apr2025 13:48:28.664] [main/DEBUG] [net.minecraftforge.fml.loading.moddiscovery.AbstractJarFileDependencyLocator/]: Failed to load resource META-INF/jarjar/metadata.json from MixinExtras-0.4.1.jar, it does not contain dependency information.
[14Apr2025 13:48:28.711] [main/DEBUG] [net.minecraftforge.fml.loading.moddiscovery.ModFileParser/LOADING]: Considering mod file candidate 
[14Apr2025 13:48:28.714] [main/DEBUG] [net.minecraftforge.fml.loading.moddiscovery.ModFileInfo/LOADING]: Found valid mod file puzzlesaccessapi-forge-20.1.1.jar with {puzzlesaccessapi} mods - versions {20.1.1}
[14Apr2025 13:48:28.717] [main/DEBUG] [net.minecraftforge.fml.loading.moddiscovery.ModFileParser/LOADING]: Considering mod file candidate 
[14Apr2025 13:48:28.718] [main/DEBUG] [net.minecraftforge.fml.loading.moddiscovery.ModFileInfo/LOADING]: Found valid mod file playeranimator-1.0.2-rc1+1.20-forge.jar with {playeranimator} mods - versions {1.0.2-rc1+1.20}
[14Apr2025 13:48:28.727] [main/DEBUG] [net.minecraftforge.fml.loading.moddiscovery.ModFileParser/LOADING]: Considering mod file candidate 
[14Apr2025 13:48:28.727] [main/DEBUG] [net.minecraftforge.fml.loading.moddiscovery.ModFileInfo/LOADING]: Found valid mod file mixinextras-forge-0.4.1.jar with {mixinextras} mods - versions {0.4.1}
[14Apr2025 13:48:28.729] [main/DEBUG] [net.minecraftforge.fml.loading.moddiscovery.ModFileParser/LOADING]: Considering mod file candidate 
[14Apr2025 13:48:28.729] [main/DEBUG] [net.minecraftforge.fml.loading.moddiscovery.ModFileInfo/LOADING]: Found valid mod file fabric-api-base-0.4.31+ef105b4977.jar with {fabric_api_base} mods - versions {0.4.31+ef105b4977}
[14Apr2025 13:48:28.730] [main/DEBUG] [net.minecraftforge.fml.loading.moddiscovery.ModFileParser/LOADING]: Considering mod file candidate 
[14Apr2025 13:48:28.732] [main/DEBUG] [net.minecraftforge.fml.loading.moddiscovery.ModFileInfo/LOADING]: Found valid mod file kuma-api-forge-20.1.10+1.20.1.jar with {kuma_api} mods - versions {20.1.10}
[14Apr2025 13:48:28.733] [main/DEBUG] [net.minecraftforge.fml.loading.moddiscovery.ModFileParser/LOADING]: Considering mod file candidate 
[14Apr2025 13:48:28.733] [main/DEBUG] [net.minecraftforge.fml.loading.moddiscovery.ModFileInfo/LOADING]: Found valid mod file mixinextras-forge-0.2.0-beta.6.jar with {mixinextras} mods - versions {0.2.0-beta.6}
[14Apr2025 13:48:28.734] [main/WARN] [net.minecraftforge.jarjar.selection.JarSelector/]: Attempted to select two dependency jars from JarJar which have the same identification: Mod File:  and Mod File: . Using Mod File: 
[14Apr2025 13:48:28.736] [main/INFO] [net.minecraftforge.fml.loading.moddiscovery.JarInJarDependencyLocator/]: Found 6 dependencies adding them to mods collection
[14Apr2025 13:48:28.740] [main/DEBUG] [net.minecraftforge.fml.loading.moddiscovery.ModFileParser/LOADING]: Considering mod file candidate 
[14Apr2025 13:48:28.740] [main/DEBUG] [net.minecraftforge.fml.loading.moddiscovery.ModFileInfo/LOADING]: Found valid mod file kuma-api-forge-20.1.10+1.20.1.jar with {kuma_api} mods - versions {20.1.10}
[14Apr2025 13:48:28.744] [main/DEBUG] [net.minecraftforge.fml.loading.moddiscovery.ModFile/LOADING]: Loading mod file  with languages [LanguageSpec[languageName=javafml, acceptedVersions=[47,)]]
[14Apr2025 13:48:28.745] [main/DEBUG] [net.minecraftforge.fml.loading.moddiscovery.ModFileParser/LOADING]: Considering mod file candidate /workspaces/mine2/servidor_minecraft/mods/Animation_Overhaul-forge-1.20.x-1.3.1.jar
[14Apr2025 13:48:28.745] [main/DEBUG] [net.minecraftforge.fml.loading.moddiscovery.ModFileInfo/LOADING]: Found valid mod file Animation_Overhaul-forge-1.20.x-1.3.1.jar with {animation_overhaul} mods - versions {1.3.1}
[14Apr2025 13:48:28.746] [main/DEBUG] [net.minecraftforge.fml.loading.moddiscovery.ModFile/LOADING]: Loading mod file /workspaces/mine2/servidor_minecraft/mods/Animation_Overhaul-forge-1.20.x-1.3.1.jar with languages [LanguageSpec[languageName=javafml, acceptedVersions=[37,)]]
[14Apr2025 13:48:28.746] [main/DEBUG] [net.minecraftforge.fml.loading.moddiscovery.ModFileParser/LOADING]: Considering mod file candidate /workspaces/mine2/servidor_minecraft/mods/alexsmobs-1.22.9.jar
[14Apr2025 13:48:28.747] [main/DEBUG] [net.minecraftforge.fml.loading.moddiscovery.ModFileInfo/LOADING]: Found valid mod file alexsmobs-1.22.9.jar with {alexsmobs} mods - versions {1.22.9}
[14Apr2025 13:48:28.747] [main/DEBUG] [net.minecraftforge.fml.loading.moddiscovery.ModFile/LOADING]: Loading mod file /workspaces/mine2/servidor_minecraft/mods/alexsmobs-1.22.9.jar with languages [LanguageSpec[languageName=javafml, acceptedVersions=[46,)]]
[14Apr2025 13:48:28.747] [main/DEBUG] [net.minecraftforge.fml.loading.moddiscovery.ModFileParser/LOADING]: Considering mod file candidate /workspaces/mine2/servidor_minecraft/mods/minecraft-comes-alive-7.6.3+1.20.1-universal.jar
[14Apr2025 13:48:28.747] [main/DEBUG] [net.minecraftforge.fml.loading.moddiscovery.ModFileInfo/LOADING]: Found valid mod file minecraft-comes-alive-7.6.3+1.20.1-universal.jar with {mca} mods - versions {7.6.3+1.20.1}
[14Apr2025 13:48:28.748] [main/DEBUG] [net.minecraftforge.fml.loading.moddiscovery.ModFile/LOADING]: Loading mod file /workspaces/mine2/servidor_minecraft/mods/minecraft-comes-alive-7.6.3+1.20.1-universal.jar with languages [LanguageSpec[languageName=javafml, acceptedVersions=[44,)]]
[14Apr2025 13:48:28.748] [main/DEBUG] [net.minecraftforge.fml.loading.moddiscovery.ModFileParser/LOADING]: Considering mod file candidate 
[14Apr2025 13:48:28.748] [main/DEBUG] [net.minecraftforge.fml.loading.moddiscovery.ModFileInfo/LOADING]: Found valid mod file playeranimator-1.0.2-rc1+1.20-forge.jar with {playeranimator} mods - versions {1.0.2-rc1+1.20}
[14Apr2025 13:48:28.748] [main/DEBUG] [net.minecraftforge.fml.loading.moddiscovery.ModFile/LOADING]: Loading mod file  with languages [LanguageSpec[languageName=javafml, acceptedVersions=[46.0.0,)]]
[14Apr2025 13:48:28.748] [main/DEBUG] [net.minecraftforge.fml.loading.moddiscovery.ModFileParser/LOADING]: Considering mod file candidate /workspaces/mine2/servidor_minecraft/mods/jei-1.20.1-forge-15.12.2.51.jar
[14Apr2025 13:48:28.749] [main/DEBUG] [net.minecraftforge.fml.loading.moddiscovery.ModFileInfo/LOADING]: Found valid mod file jei-1.20.1-forge-15.12.2.51.jar with {jei} mods - versions {15.12.2.51}
[14Apr2025 13:48:28.749] [main/DEBUG] [net.minecraftforge.fml.loading.moddiscovery.ModFile/LOADING]: Loading mod file /workspaces/mine2/servidor_minecraft/mods/jei-1.20.1-forge-15.12.2.51.jar with languages [LanguageSpec[languageName=javafml, acceptedVersions=[47,)]]
[14Apr2025 13:48:28.749] [main/DEBUG] [net.minecraftforge.fml.loading.moddiscovery.ModFileParser/LOADING]: Considering mod file candidate /workspaces/mine2/servidor_minecraft/mods/kleeslabs-forge-1.20.1-15.0.6.jar
[14Apr2025 13:48:28.750] [main/DEBUG] [net.minecraftforge.fml.loading.moddiscovery.ModFileInfo/LOADING]: Found valid mod file kleeslabs-forge-1.20.1-15.0.6.jar with {kleeslabs} mods - versions {15.0.6}
[14Apr2025 13:48:28.750] [main/DEBUG] [net.minecraftforge.fml.loading.moddiscovery.ModFile/LOADING]: Loading mod file /workspaces/mine2/servidor_minecraft/mods/kleeslabs-forge-1.20.1-15.0.6.jar with languages [LanguageSpec[languageName=javafml, acceptedVersions=[46,)]]
[14Apr2025 13:48:28.750] [main/DEBUG] [net.minecraftforge.fml.loading.moddiscovery.ModFileParser/LOADING]: Considering mod file candidate /workspaces/mine2/servidor_minecraft/mods/Neat-1.20.1-41-FORGE.jar
[14Apr2025 13:48:28.751] [main/DEBUG] [net.minecraftforge.fml.loading.moddiscovery.ModFileInfo/LOADING]: Found valid mod file Neat-1.20.1-41-FORGE.jar with {neat} mods - versions {1.20.1-41-FORGE}
[14Apr2025 13:48:28.751] [main/DEBUG] [net.minecraftforge.fml.loading.moddiscovery.ModFile/LOADING]: Loading mod file /workspaces/mine2/servidor_minecraft/mods/Neat-1.20.1-41-FORGE.jar with languages [LanguageSpec[languageName=javafml, acceptedVersions=[45,)]]
[14Apr2025 13:48:28.751] [main/DEBUG] [net.minecraftforge.fml.loading.moddiscovery.ModFileParser/LOADING]: Considering mod file candidate /workspaces/mine2/servidor_minecraft/mods/waystones-forge-1.20.1-14.1.11.jar
[14Apr2025 13:48:28.751] [main/DEBUG] [net.minecraftforge.fml.loading.moddiscovery.ModFileInfo/LOADING]: Found valid mod file waystones-forge-1.20.1-14.1.11.jar with {waystones} mods - versions {14.1.11}
[14Apr2025 13:48:28.751] [main/DEBUG] [net.minecraftforge.fml.loading.moddiscovery.ModFile/LOADING]: Loading mod file /workspaces/mine2/servidor_minecraft/mods/waystones-forge-1.20.1-14.1.11.jar with languages [LanguageSpec[languageName=javafml, acceptedVersions=[46,)]]
[14Apr2025 13:48:28.751] [main/DEBUG] [net.minecraftforge.fml.loading.moddiscovery.ModFileParser/LOADING]: Considering mod file candidate /workspaces/mine2/servidor_minecraft/mods/epicfight-forge-20.9.7-1.20.1.jar
[14Apr2025 13:48:28.752] [main/DEBUG] [net.minecraftforge.fml.loading.moddiscovery.ModFileInfo/LOADING]: Found valid mod file epicfight-forge-20.9.7-1.20.1.jar with {epicfight} mods - versions {20.9.7}
[14Apr2025 13:48:28.752] [main/DEBUG] [net.minecraftforge.fml.loading.moddiscovery.ModFile/LOADING]: Loading mod file /workspaces/mine2/servidor_minecraft/mods/epicfight-forge-20.9.7-1.20.1.jar with languages [LanguageSpec[languageName=javafml, acceptedVersions=[47,)]]
[14Apr2025 13:48:28.752] [main/DEBUG] [net.minecraftforge.fml.loading.moddiscovery.ModFileParser/LOADING]: Considering mod file candidate /workspaces/mine2/servidor_minecraft/mods/XaerosWorldMap_1.39.4_Forge_1.20.jar
[14Apr2025 13:48:28.753] [main/DEBUG] [net.minecraftforge.fml.loading.moddiscovery.ModFileInfo/LOADING]: Found valid mod file XaerosWorldMap_1.39.4_Forge_1.20.jar with {xaeroworldmap} mods - versions {1.39.4}
[14Apr2025 13:48:28.753] [main/DEBUG] [net.minecraftforge.fml.loading.moddiscovery.ModFile/LOADING]: Loading mod file /workspaces/mine2/servidor_minecraft/mods/XaerosWorldMap_1.39.4_Forge_1.20.jar with languages [LanguageSpec[languageName=javafml, acceptedVersions=[46,48)]]
[14Apr2025 13:48:28.755] [main/DEBUG] [net.minecraftforge.fml.loading.moddiscovery.ModFileParser/LOADING]: Found coremod xaeroworldmap_core with Javascript path META-INF/xaeroworldmap_core.js
[14Apr2025 13:48:28.755] [main/DEBUG] [net.minecraftforge.fml.loading.moddiscovery.ModFile/LOADING]: Found coremod META-INF/xaeroworldmap_core.js
[14Apr2025 13:48:28.755] [main/DEBUG] [net.minecraftforge.fml.loading.moddiscovery.ModFileParser/LOADING]: Considering mod file candidate /workspaces/mine2/servidor_minecraft/mods/citadel-2.6.1-1.20.1.jar
[14Apr2025 13:48:28.755] [main/DEBUG] [net.minecraftforge.fml.loading.moddiscovery.ModFileInfo/LOADING]: Found valid mod file citadel-2.6.1-1.20.1.jar with {citadel} mods - versions {2.6.1}
[14Apr2025 13:48:28.755] [main/DEBUG] [net.minecraftforge.fml.loading.moddiscovery.ModFile/LOADING]: Loading mod file /workspaces/mine2/servidor_minecraft/mods/citadel-2.6.1-1.20.1.jar with languages [LanguageSpec[languageName=javafml, acceptedVersions=[47,)]]
[14Apr2025 13:48:28.756] [main/DEBUG] [net.minecraftforge.fml.loading.moddiscovery.ModFileParser/LOADING]: Considering mod file candidate /workspaces/mine2/servidor_minecraft/mods/travelersbackpack-forge-1.20.1-9.1.34.jar
[14Apr2025 13:48:28.756] [main/DEBUG] [net.minecraftforge.fml.loading.moddiscovery.ModFileInfo/LOADING]: Found valid mod file travelersbackpack-forge-1.20.1-9.1.34.jar with {travelersbackpack} mods - versions {9.1.34}
[14Apr2025 13:48:28.756] [main/DEBUG] [net.minecraftforge.fml.loading.moddiscovery.ModFile/LOADING]: Loading mod file /workspaces/mine2/servidor_minecraft/mods/travelersbackpack-forge-1.20.1-9.1.34.jar with languages [LanguageSpec[languageName=javafml, acceptedVersions=[46,)]]
[14Apr2025 13:48:28.756] [main/DEBUG] [net.minecraftforge.fml.loading.moddiscovery.ModFileParser/LOADING]: Considering mod file candidate /workspaces/mine2/servidor_minecraft/mods/iceandfire-2.1.13-1.20.1-beta-5.jar
[14Apr2025 13:48:28.757] [main/DEBUG] [net.minecraftforge.fml.loading.moddiscovery.ModFileInfo/LOADING]: Found valid mod file iceandfire-2.1.13-1.20.1-beta-5.jar with {iceandfire} mods - versions {2.1.13-1.20.1}
[14Apr2025 13:48:28.757] [main/DEBUG] [net.minecraftforge.fml.loading.moddiscovery.ModFile/LOADING]: Loading mod file /workspaces/mine2/servidor_minecraft/mods/iceandfire-2.1.13-1.20.1-beta-5.jar with languages [LanguageSpec[languageName=javafml, acceptedVersions=[37.0,)]]
[14Apr2025 13:48:28.757] [main/DEBUG] [net.minecraftforge.fml.loading.moddiscovery.ModFileParser/LOADING]: Considering mod file candidate /workspaces/mine2/servidor_minecraft/mods/balm-forge-1.20.1-7.3.27-all.jar
[14Apr2025 13:48:28.758] [main/DEBUG] [net.minecraftforge.fml.loading.moddiscovery.ModFileInfo/LOADING]: Found valid mod file balm-forge-1.20.1-7.3.27-all.jar with {balm} mods - versions {7.3.27}
[14Apr2025 13:48:28.758] [main/DEBUG] [net.minecraftforge.fml.loading.moddiscovery.ModFile/LOADING]: Loading mod file /workspaces/mine2/servidor_minecraft/mods/balm-forge-1.20.1-7.3.27-all.jar with languages [LanguageSpec[languageName=javafml, acceptedVersions=[46,)]]
[14Apr2025 13:48:28.758] [main/DEBUG] [net.minecraftforge.fml.loading.moddiscovery.ModFileParser/LOADING]: Considering mod file candidate /workspaces/mine2/servidor_minecraft/mods/Terralith_1.20.x_v2.5.4.jar
[14Apr2025 13:48:28.758] [main/DEBUG] [net.minecraftforge.fml.loading.moddiscovery.ModFileInfo/LOADING]: Found valid mod file Terralith_1.20.x_v2.5.4.jar with {terralith} mods - versions {2.5.4}
[14Apr2025 13:48:28.759] [main/DEBUG] [net.minecraftforge.fml.loading.moddiscovery.ModFile/LOADING]: Loading mod file /workspaces/mine2/servidor_minecraft/mods/Terralith_1.20.x_v2.5.4.jar with languages [LanguageSpec[languageName=lowcodefml, acceptedVersions=[1,)]]
[14Apr2025 13:48:28.759] [main/DEBUG] [net.minecraftforge.fml.loading.moddiscovery.ModFileParser/LOADING]: Considering mod file candidate /workspaces/mine2/servidor_minecraft/mods/carryon-forge-1.20.1-2.1.2.7.jar
[14Apr2025 13:48:28.759] [main/DEBUG] [net.minecraftforge.fml.loading.moddiscovery.ModFileInfo/LOADING]: Found valid mod file carryon-forge-1.20.1-2.1.2.7.jar with {carryon} mods - versions {2.1.2.7}
[14Apr2025 13:48:28.760] [main/DEBUG] [net.minecraftforge.fml.loading.moddiscovery.ModFile/LOADING]: Loading mod file /workspaces/mine2/servidor_minecraft/mods/carryon-forge-1.20.1-2.1.2.7.jar with languages [LanguageSpec[languageName=javafml, acceptedVersions=[46,)]]
[14Apr2025 13:48:28.760] [main/DEBUG] [net.minecraftforge.fml.loading.moddiscovery.ModFileParser/LOADING]: Considering mod file candidate /workspaces/mine2/servidor_minecraft/mods/JustEnoughResources-1.20.1-1.4.0.247.jar
[14Apr2025 13:48:28.760] [main/DEBUG] [net.minecraftforge.fml.loading.moddiscovery.ModFileInfo/LOADING]: Found valid mod file JustEnoughResources-1.20.1-1.4.0.247.jar with {jeresources} mods - versions {1.4.0.247}
[14Apr2025 13:48:28.760] [main/DEBUG] [net.minecraftforge.fml.loading.moddiscovery.ModFile/LOADING]: Loading mod file /workspaces/mine2/servidor_minecraft/mods/JustEnoughResources-1.20.1-1.4.0.247.jar with languages [LanguageSpec[languageName=javafml, acceptedVersions=[47,)]]
[14Apr2025 13:48:28.761] [main/DEBUG] [net.minecraftforge.fml.loading.moddiscovery.ModFileParser/LOADING]: Considering mod file candidate /workspaces/mine2/servidor_minecraft/mods/sodiumoptionsapi-forge-1.0.10-1.20.1.jar
[14Apr2025 13:48:28.761] [main/DEBUG] [net.minecraftforge.fml.loading.moddiscovery.ModFileInfo/LOADING]: Found valid mod file sodiumoptionsapi-forge-1.0.10-1.20.1.jar with {sodiumoptionsapi} mods - versions {1.0.10}
[14Apr2025 13:48:28.761] [main/DEBUG] [net.minecraftforge.fml.loading.moddiscovery.ModFile/LOADING]: Loading mod file /workspaces/mine2/servidor_minecraft/mods/sodiumoptionsapi-forge-1.0.10-1.20.1.jar with languages [LanguageSpec[languageName=javafml, acceptedVersions=[1,)]]
[14Apr2025 13:48:28.761] [main/DEBUG] [net.minecraftforge.fml.loading.moddiscovery.ModFileParser/LOADING]: Considering mod file candidate 
[14Apr2025 13:48:28.762] [main/DEBUG] [net.minecraftforge.fml.loading.moddiscovery.ModFileInfo/LOADING]: Found valid mod file puzzlesaccessapi-forge-20.1.1.jar with {puzzlesaccessapi} mods - versions {20.1.1}
[14Apr2025 13:48:28.762] [main/DEBUG] [net.minecraftforge.fml.loading.moddiscovery.ModFile/LOADING]: Loading mod file  with languages [LanguageSpec[languageName=javafml, acceptedVersions=*]]
[14Apr2025 13:48:28.762] [main/DEBUG] [net.minecraftforge.fml.loading.moddiscovery.ModFileParser/LOADING]: Considering mod file candidate /workspaces/mine2/servidor_minecraft/mods/cloth-config-11.1.136-forge.jar
[14Apr2025 13:48:28.763] [main/DEBUG] [net.minecraftforge.fml.loading.moddiscovery.ModFileInfo/LOADING]: Found valid mod file cloth-config-11.1.136-forge.jar with {cloth_config} mods - versions {11.1.136}
[14Apr2025 13:48:28.763] [main/DEBUG] [net.minecraftforge.fml.loading.moddiscovery.ModFile/LOADING]: Loading mod file /workspaces/mine2/servidor_minecraft/mods/cloth-config-11.1.136-forge.jar with languages [LanguageSpec[languageName=javafml, acceptedVersions=[34,)]]
[14Apr2025 13:48:28.763] [main/DEBUG] [net.minecraftforge.fml.loading.moddiscovery.ModFileParser/LOADING]: Considering mod file candidate /workspaces/mine2/servidor_minecraft/libraries/net/minecraftforge/forge/1.20.1-47.3.7/forge-1.20.1-47.3.7-universal.jar
[14Apr2025 13:48:28.763] [main/DEBUG] [net.minecraftforge.fml.loading.moddiscovery.ModFileInfo/LOADING]: Found valid mod file forge-1.20.1-47.3.7-universal.jar with {forge} mods - versions {47.3.7}
[14Apr2025 13:48:28.763] [main/DEBUG] [net.minecraftforge.fml.loading.moddiscovery.ModFile/LOADING]: Loading mod file /workspaces/mine2/servidor_minecraft/libraries/net/minecraftforge/forge/1.20.1-47.3.7/forge-1.20.1-47.3.7-universal.jar with languages [LanguageSpec[languageName=javafml, acceptedVersions=[24,]]]
[14Apr2025 13:48:28.764] [main/DEBUG] [net.minecraftforge.fml.loading.moddiscovery.ModFileParser/LOADING]: Found coremod field_to_method with Javascript path coremods/field_to_method.js
[14Apr2025 13:48:28.764] [main/DEBUG] [net.minecraftforge.fml.loading.moddiscovery.ModFileParser/LOADING]: Found coremod field_to_instanceof with Javascript path coremods/field_to_instanceof.js
[14Apr2025 13:48:28.764] [main/DEBUG] [net.minecraftforge.fml.loading.moddiscovery.ModFileParser/LOADING]: Found coremod add_bouncer_method with Javascript path coremods/add_bouncer_method.js
[14Apr2025 13:48:28.764] [main/DEBUG] [net.minecraftforge.fml.loading.moddiscovery.ModFileParser/LOADING]: Found coremod method_redirector with Javascript path coremods/method_redirector.js
[14Apr2025 13:48:28.764] [main/DEBUG] [net.minecraftforge.fml.loading.moddiscovery.ModFile/LOADING]: Found coremod coremods/field_to_method.js
[14Apr2025 13:48:28.764] [main/DEBUG] [net.minecraftforge.fml.loading.moddiscovery.ModFile/LOADING]: Found coremod coremods/field_to_instanceof.js
[14Apr2025 13:48:28.764] [main/DEBUG] [net.minecraftforge.fml.loading.moddiscovery.ModFile/LOADING]: Found coremod coremods/add_bouncer_method.js
[14Apr2025 13:48:28.764] [main/DEBUG] [net.minecraftforge.fml.loading.moddiscovery.ModFile/LOADING]: Found coremod coremods/method_redirector.js
[14Apr2025 13:48:28.764] [main/DEBUG] [net.minecraftforge.fml.loading.moddiscovery.ModFileParser/LOADING]: Considering mod file candidate /workspaces/mine2/servidor_minecraft/mods/embeddium-0.3.31+mc1.20.1.jar
[14Apr2025 13:48:28.765] [main/DEBUG] [net.minecraftforge.fml.loading.moddiscovery.ModFileInfo/LOADING]: Found valid mod file embeddium-0.3.31+mc1.20.1.jar with {embeddium,rubidium} mods - versions {0.3.31+mc1.20.1,0.7.1}
[14Apr2025 13:48:28.765] [main/DEBUG] [net.minecraftforge.fml.loading.moddiscovery.ModFile/LOADING]: Loading mod file /workspaces/mine2/servidor_minecraft/mods/embeddium-0.3.31+mc1.20.1.jar with languages [LanguageSpec[languageName=javafml, acceptedVersions=[47,)]]
[14Apr2025 13:48:28.765] [main/DEBUG] [net.minecraftforge.fml.loading.moddiscovery.ModFileParser/LOADING]: Considering mod file candidate /workspaces/mine2/servidor_minecraft/mods/konkrete_forge_1.8.0_MC_1.20-1.20.1.jar
[14Apr2025 13:48:28.766] [main/DEBUG] [net.minecraftforge.fml.loading.moddiscovery.ModFileInfo/LOADING]: Found valid mod file konkrete_forge_1.8.0_MC_1.20-1.20.1.jar with {konkrete} mods - versions {1.8.0}
[14Apr2025 13:48:28.766] [main/DEBUG] [net.minecraftforge.fml.loading.moddiscovery.ModFile/LOADING]: Loading mod file /workspaces/mine2/servidor_minecraft/mods/konkrete_forge_1.8.0_MC_1.20-1.20.1.jar with languages [LanguageSpec[languageName=javafml, acceptedVersions=[46,)]]
[14Apr2025 13:48:28.766] [main/DEBUG] [net.minecraftforge.fml.loading.moddiscovery.ModFileParser/LOADING]: Considering mod file candidate /workspaces/mine2/servidor_minecraft/mods/sodiumdynamiclights-forge-1.0.10-1.20.1.jar
[14Apr2025 13:48:28.767] [main/DEBUG] [net.minecraftforge.fml.loading.moddiscovery.ModFileInfo/LOADING]: Found valid mod file sodiumdynamiclights-forge-1.0.10-1.20.1.jar with {sodiumdynamiclights} mods - versions {1.0.9}
[14Apr2025 13:48:28.767] [main/DEBUG] [net.minecraftforge.fml.loading.moddiscovery.ModFile/LOADING]: Loading mod file /workspaces/mine2/servidor_minecraft/mods/sodiumdynamiclights-forge-1.0.10-1.20.1.jar with languages [LanguageSpec[languageName=javafml, acceptedVersions=[1,)]]
[14Apr2025 13:48:28.767] [main/DEBUG] [net.minecraftforge.fml.loading.moddiscovery.ModFileParser/LOADING]: Considering mod file candidate /workspaces/mine2/servidor_minecraft/mods/corpse-forge-1.20.1-1.0.20.jar
[14Apr2025 13:48:28.767] [main/DEBUG] [net.minecraftforge.fml.loading.moddiscovery.ModFileInfo/LOADING]: Found valid mod file corpse-forge-1.20.1-1.0.20.jar with {corpse} mods - versions {1.20.1-1.0.20}
[14Apr2025 13:48:28.767] [main/DEBUG] [net.minecraftforge.fml.loading.moddiscovery.ModFile/LOADING]: Loading mod file /workspaces/mine2/servidor_minecraft/mods/corpse-forge-1.20.1-1.0.20.jar with languages [LanguageSpec[languageName=javafml, acceptedVersions=*]]
[14Apr2025 13:48:28.768] [main/DEBUG] [net.minecraftforge.fml.loading.moddiscovery.ModFileParser/LOADING]: Considering mod file candidate /workspaces/mine2/servidor_minecraft/mods/FarmersDelight-1.20.1-1.2.7.jar
[14Apr2025 13:48:28.768] [main/DEBUG] [net.minecraftforge.fml.loading.moddiscovery.ModFileInfo/LOADING]: Found valid mod file FarmersDelight-1.20.1-1.2.7.jar with {farmersdelight} mods - versions {1.20.1-1.2.7}
[14Apr2025 13:48:28.768] [main/DEBUG] [net.minecraftforge.fml.loading.moddiscovery.ModFile/LOADING]: Loading mod file /workspaces/mine2/servidor_minecraft/mods/FarmersDelight-1.20.1-1.2.7.jar with languages [LanguageSpec[languageName=javafml, acceptedVersions=[46,)]]
[14Apr2025 13:48:28.769] [main/DEBUG] [net.minecraftforge.fml.loading.moddiscovery.ModFileInfo/LOADING]: Found valid mod file server-1.20.1-20230612.114412-srg.jar with {minecraft} mods - versions {1.20.1}
[14Apr2025 13:48:28.769] [main/DEBUG] [net.minecraftforge.fml.loading.moddiscovery.ModFile/LOADING]: Loading mod file /workspaces/mine2/servidor_minecraft/libraries/net/minecraft/server/1.20.1-20230612.114412/server-1.20.1-20230612.114412-srg.jar with languages [LanguageSpec[languageName=minecraft, acceptedVersions=1]]
[14Apr2025 13:48:28.769] [main/DEBUG] [net.minecraftforge.fml.loading.moddiscovery.ModFileParser/LOADING]: Considering mod file candidate /workspaces/mine2/servidor_minecraft/mods/simplyswords-forge-1.56.0-1.20.1.jar
[14Apr2025 13:48:28.770] [main/DEBUG] [net.minecraftforge.fml.loading.moddiscovery.ModFileInfo/LOADING]: Found valid mod file simplyswords-forge-1.56.0-1.20.1.jar with {simplyswords} mods - versions {1.56.0-1.20.1}
[14Apr2025 13:48:28.770] [main/DEBUG] [net.minecraftforge.fml.loading.moddiscovery.ModFile/LOADING]: Loading mod file /workspaces/mine2/servidor_minecraft/mods/simplyswords-forge-1.56.0-1.20.1.jar with languages [LanguageSpec[languageName=javafml, acceptedVersions=[41,)]]
[14Apr2025 13:48:28.770] [main/DEBUG] [net.minecraftforge.fml.loading.moddiscovery.ModFileParser/LOADING]: Considering mod file candidate 
[14Apr2025 13:48:28.770] [main/DEBUG] [net.minecraftforge.fml.loading.moddiscovery.ModFileInfo/LOADING]: Found valid mod file fabric-api-base-0.4.31+ef105b4977.jar with {fabric_api_base} mods - versions {0.4.31+ef105b4977}
[14Apr2025 13:48:28.770] [main/DEBUG] [net.minecraftforge.fml.loading.moddiscovery.ModFile/LOADING]: Loading mod file  with languages [LanguageSpec[languageName=javafml, acceptedVersions=[47,)]]
[14Apr2025 13:48:28.771] [main/DEBUG] [net.minecraftforge.fml.loading.moddiscovery.ModFileParser/LOADING]: Considering mod file candidate /workspaces/mine2/servidor_minecraft/mods/Necronomicon-Forge-1.6.0+1.20.1.jar
[14Apr2025 13:48:28.771] [main/DEBUG] [net.minecraftforge.fml.loading.moddiscovery.ModFileInfo/LOADING]: Found valid mod file Necronomicon-Forge-1.6.0+1.20.1.jar with {necronomicon} mods - versions {1.6.0}
[14Apr2025 13:48:28.771] [main/DEBUG] [net.minecraftforge.fml.loading.moddiscovery.ModFile/LOADING]: Loading mod file /workspaces/mine2/servidor_minecraft/mods/Necronomicon-Forge-1.6.0+1.20.1.jar with languages [LanguageSpec[languageName=javafml, acceptedVersions=*]]
[14Apr2025 13:48:28.771] [main/DEBUG] [net.minecraftforge.fml.loading.moddiscovery.ModFileParser/LOADING]: Considering mod file candidate /workspaces/mine2/servidor_minecraft/mods/Jade-1.20.1-Forge-11.12.3.jar
[14Apr2025 13:48:28.772] [main/DEBUG] [net.minecraftforge.fml.loading.moddiscovery.ModFileInfo/LOADING]: Found valid mod file Jade-1.20.1-Forge-11.12.3.jar with {jade} mods - versions {11.12.3+forge}
[14Apr2025 13:48:28.772] [main/DEBUG] [net.minecraftforge.fml.loading.moddiscovery.ModFile/LOADING]: Loading mod file /workspaces/mine2/servidor_minecraft/mods/Jade-1.20.1-Forge-11.12.3.jar with languages [LanguageSpec[languageName=javafml, acceptedVersions=[46,)]]
[14Apr2025 13:48:28.772] [main/DEBUG] [net.minecraftforge.fml.loading.moddiscovery.ModFileParser/LOADING]: Considering mod file candidate /workspaces/mine2/servidor_minecraft/mods/CreativeCore_FORGE_v2.12.32_mc1.20.1.jar
[14Apr2025 13:48:28.773] [main/DEBUG] [net.minecraftforge.fml.loading.moddiscovery.ModFileInfo/LOADING]: Found valid mod file CreativeCore_FORGE_v2.12.32_mc1.20.1.jar with {creativecore} mods - versions {2.12.32}
[14Apr2025 13:48:28.773] [main/DEBUG] [net.minecraftforge.fml.loading.moddiscovery.ModFile/LOADING]: Loading mod file /workspaces/mine2/servidor_minecraft/mods/CreativeCore_FORGE_v2.12.32_mc1.20.1.jar with languages [LanguageSpec[languageName=javafml, acceptedVersions=[46,)]]
[14Apr2025 13:48:28.773] [main/DEBUG] [net.minecraftforge.fml.loading.moddiscovery.ModFileParser/LOADING]: Considering mod file candidate /workspaces/mine2/servidor_minecraft/mods/cleanswing-1.20-1.8.jar
[14Apr2025 13:48:28.773] [main/DEBUG] [net.minecraftforge.fml.loading.moddiscovery.ModFileInfo/LOADING]: Found valid mod file cleanswing-1.20-1.8.jar with {cleanswing} mods - versions {1.8}
[14Apr2025 13:48:28.774] [main/DEBUG] [net.minecraftforge.fml.loading.moddiscovery.ModFile/LOADING]: Loading mod file /workspaces/mine2/servidor_minecraft/mods/cleanswing-1.20-1.8.jar with languages [LanguageSpec[languageName=javafml, acceptedVersions=[36,)]]
[14Apr2025 13:48:28.774] [main/DEBUG] [net.minecraftforge.fml.loading.moddiscovery.ModFileParser/LOADING]: Considering mod file candidate /workspaces/mine2/servidor_minecraft/mods/Xaeros_Minimap_25.2.0_Forge_1.20.jar
[14Apr2025 13:48:28.774] [main/DEBUG] [net.minecraftforge.fml.loading.moddiscovery.ModFileInfo/LOADING]: Found valid mod file Xaeros_Minimap_25.2.0_Forge_1.20.jar with {xaerominimap} mods - versions {25.2.0}
[14Apr2025 13:48:28.775] [main/DEBUG] [net.minecraftforge.fml.loading.moddiscovery.ModFile/LOADING]: Loading mod file /workspaces/mine2/servidor_minecraft/mods/Xaeros_Minimap_25.2.0_Forge_1.20.jar with languages [LanguageSpec[languageName=javafml, acceptedVersions=[46,48)]]
[14Apr2025 13:48:28.775] [main/DEBUG] [net.minecraftforge.fml.loading.moddiscovery.ModFileParser/LOADING]: Found coremod xaerohud_core with Javascript path META-INF/xaerohud_core.js
[14Apr2025 13:48:28.775] [main/DEBUG] [net.minecraftforge.fml.loading.moddiscovery.ModFile/LOADING]: Found coremod META-INF/xaerohud_core.js
[14Apr2025 13:48:28.775] [main/DEBUG] [net.minecraftforge.fml.loading.moddiscovery.ModFileParser/LOADING]: Considering mod file candidate /workspaces/mine2/servidor_minecraft/mods/collective-1.20.1-8.1.jar
[14Apr2025 13:48:28.776] [main/DEBUG] [net.minecraftforge.fml.loading.moddiscovery.ModFileInfo/LOADING]: Found valid mod file collective-1.20.1-8.1.jar with {collective} mods - versions {8.1}
[14Apr2025 13:48:28.776] [main/DEBUG] [net.minecraftforge.fml.loading.moddiscovery.ModFile/LOADING]: Loading mod file /workspaces/mine2/servidor_minecraft/mods/collective-1.20.1-8.1.jar with languages [LanguageSpec[languageName=javafml, acceptedVersions=*]]
[14Apr2025 13:48:28.776] [main/DEBUG] [net.minecraftforge.fml.loading.moddiscovery.ModFileParser/LOADING]: Considering mod file candidate /workspaces/mine2/servidor_minecraft/mods/dragonseeker-1.2.0-1.20.1.jar
[14Apr2025 13:48:28.776] [main/DEBUG] [net.minecraftforge.fml.loading.moddiscovery.ModFileInfo/LOADING]: Found valid mod file dragonseeker-1.2.0-1.20.1.jar with {dragonseeker} mods - versions {1.2.0-1.20.1}
[14Apr2025 13:48:28.777] [main/DEBUG] [net.minecraftforge.fml.loading.moddiscovery.ModFile/LOADING]: Loading mod file /workspaces/mine2/servidor_minecraft/mods/dragonseeker-1.2.0-1.20.1.jar with languages [LanguageSpec[languageName=javafml, acceptedVersions=[47,)]]
[14Apr2025 13:48:28.777] [main/DEBUG] [net.minecraftforge.fml.loading.moddiscovery.ModFileParser/LOADING]: Considering mod file candidate /workspaces/mine2/servidor_minecraft/mods/[1.20.1] SecurityCraft v1.9.12.jar
[14Apr2025 13:48:28.777] [main/DEBUG] [net.minecraftforge.fml.loading.moddiscovery.ModFileInfo/LOADING]: Found valid mod file [1.20.1] SecurityCraft v1.9.12.jar with {securitycraft} mods - versions {1.9.12}
[14Apr2025 13:48:28.777] [main/DEBUG] [net.minecraftforge.fml.loading.moddiscovery.ModFile/LOADING]: Loading mod file /workspaces/mine2/servidor_minecraft/mods/[1.20.1] SecurityCraft v1.9.12.jar with languages [LanguageSpec[languageName=javafml, acceptedVersions=[46,)]]
[14Apr2025 13:48:28.777] [main/DEBUG] [net.minecraftforge.fml.loading.moddiscovery.ModFileParser/LOADING]: Considering mod file candidate /workspaces/mine2/servidor_minecraft/mods/inventoryhud.forge.1.20.1-3.4.26.jar
[14Apr2025 13:48:28.778] [main/DEBUG] [net.minecraftforge.fml.loading.moddiscovery.ModFileInfo/LOADING]: Found valid mod file inventoryhud.forge.1.20.1-3.4.26.jar with {inventoryhud} mods - versions {3.4.26}
[14Apr2025 13:48:28.778] [main/DEBUG] [net.minecraftforge.fml.loading.moddiscovery.ModFile/LOADING]: Loading mod file /workspaces/mine2/servidor_minecraft/mods/inventoryhud.forge.1.20.1-3.4.26.jar with languages [LanguageSpec[languageName=javafml, acceptedVersions=[46,50)]]
[14Apr2025 13:48:28.778] [main/DEBUG] [net.minecraftforge.fml.loading.moddiscovery.ModFileParser/LOADING]: Considering mod file candidate /workspaces/mine2/servidor_minecraft/mods/alexsdelight-1.5.jar
[14Apr2025 13:48:28.779] [main/DEBUG] [net.minecraftforge.fml.loading.moddiscovery.ModFileInfo/LOADING]: Found valid mod file alexsdelight-1.5.jar with {alexsdelight} mods - versions {1.5}
[14Apr2025 13:48:28.780] [main/DEBUG] [net.minecraftforge.fml.loading.moddiscovery.ModFile/LOADING]: Loading mod file /workspaces/mine2/servidor_minecraft/mods/alexsdelight-1.5.jar with languages [LanguageSpec[languageName=javafml, acceptedVersions=[47,)]]
[14Apr2025 13:48:28.780] [main/DEBUG] [net.minecraftforge.fml.loading.moddiscovery.ModFileParser/LOADING]: Considering mod file candidate /workspaces/mine2/servidor_minecraft/mods/appleskin-forge-mc1.20.1-2.5.1.jar
[14Apr2025 13:48:28.780] [main/DEBUG] [net.minecraftforge.fml.loading.moddiscovery.ModFileInfo/LOADING]: Found valid mod file appleskin-forge-mc1.20.1-2.5.1.jar with {appleskin} mods - versions {2.5.1+mc1.20.1}
[14Apr2025 13:48:28.780] [main/DEBUG] [net.minecraftforge.fml.loading.moddiscovery.ModFile/LOADING]: Loading mod file /workspaces/mine2/servidor_minecraft/mods/appleskin-forge-mc1.20.1-2.5.1.jar with languages [LanguageSpec[languageName=javafml, acceptedVersions=[47,)]]
[14Apr2025 13:48:28.781] [main/DEBUG] [net.minecraftforge.fml.loading.moddiscovery.ModFileParser/LOADING]: Considering mod file candidate /workspaces/mine2/servidor_minecraft/mods/architectury-9.2.14-forge.jar
[14Apr2025 13:48:28.781] [main/DEBUG] [net.minecraftforge.fml.loading.moddiscovery.ModFileInfo/LOADING]: Found valid mod file architectury-9.2.14-forge.jar with {architectury} mods - versions {9.2.14}
[14Apr2025 13:48:28.781] [main/DEBUG] [net.minecraftforge.fml.loading.moddiscovery.ModFile/LOADING]: Loading mod file /workspaces/mine2/servidor_minecraft/mods/architectury-9.2.14-forge.jar with languages [LanguageSpec[languageName=javafml, acceptedVersions=[46,)]]
[14Apr2025 13:48:28.781] [main/DEBUG] [net.minecraftforge.fml.loading.moddiscovery.ModFileParser/LOADING]: Considering mod file candidate /workspaces/mine2/servidor_minecraft/mods/globalxp-forge-1.20.1-1.12.jar
[14Apr2025 13:48:28.782] [main/DEBUG] [net.minecraftforge.fml.loading.moddiscovery.ModFileInfo/LOADING]: Found valid mod file globalxp-forge-1.20.1-1.12.jar with {globalxp} mods - versions {1.12}
[14Apr2025 13:48:28.782] [main/DEBUG] [net.minecraftforge.fml.loading.moddiscovery.ModFile/LOADING]: Loading mod file /workspaces/mine2/servidor_minecraft/mods/globalxp-forge-1.20.1-1.12.jar with languages [LanguageSpec[languageName=javafml, acceptedVersions=[46,)]]
[14Apr2025 13:48:28.782] [main/DEBUG] [net.minecraftforge.fml.loading.moddiscovery.ModFileParser/LOADING]: Considering mod file candidate /workspaces/mine2/servidor_minecraft/mods/refurbished_furniture-forge-1.20.1-1.0.12.jar
[14Apr2025 13:48:28.783] [main/DEBUG] [net.minecraftforge.fml.loading.moddiscovery.ModFileInfo/LOADING]: Found valid mod file refurbished_furniture-forge-1.20.1-1.0.12.jar with {refurbished_furniture} mods - versions {1.0.12}
[14Apr2025 13:48:28.783] [main/DEBUG] [net.minecraftforge.fml.loading.moddiscovery.ModFile/LOADING]: Loading mod file /workspaces/mine2/servidor_minecraft/mods/refurbished_furniture-forge-1.20.1-1.0.12.jar with languages [LanguageSpec[languageName=javafml, acceptedVersions=[39,)]]
[14Apr2025 13:48:28.783] [main/DEBUG] [net.minecraftforge.fml.loading.moddiscovery.ModFileParser/LOADING]: Considering mod file candidate /workspaces/mine2/servidor_minecraft/mods/PuzzlesLib-v8.1.29-1.20.1-Forge.jar
[14Apr2025 13:48:28.783] [main/DEBUG] [net.minecraftforge.fml.loading.moddiscovery.ModFileInfo/LOADING]: Found valid mod file PuzzlesLib-v8.1.29-1.20.1-Forge.jar with {puzzleslib} mods - versions {8.1.29}
[14Apr2025 13:48:28.783] [main/DEBUG] [net.minecraftforge.fml.loading.moddiscovery.ModFile/LOADING]: Loading mod file /workspaces/mine2/servidor_minecraft/mods/PuzzlesLib-v8.1.29-1.20.1-Forge.jar with languages [LanguageSpec[languageName=javafml, acceptedVersions=[47,)]]
[14Apr2025 13:48:28.784] [main/DEBUG] [net.minecraftforge.fml.loading.moddiscovery.ModFileParser/LOADING]: Considering mod file candidate /workspaces/mine2/servidor_minecraft/mods/justzoom_forge_2.1.1_MC_1.20.1.jar
[14Apr2025 13:48:28.784] [main/DEBUG] [net.minecraftforge.fml.loading.moddiscovery.ModFileInfo/LOADING]: Found valid mod file justzoom_forge_2.1.1_MC_1.20.1.jar with {justzoom} mods - versions {2.1.1}
[14Apr2025 13:48:28.784] [main/DEBUG] [net.minecraftforge.fml.loading.moddiscovery.ModFile/LOADING]: Loading mod file /workspaces/mine2/servidor_minecraft/mods/justzoom_forge_2.1.1_MC_1.20.1.jar with languages [LanguageSpec[languageName=javafml, acceptedVersions=[47,)]]
[14Apr2025 13:48:28.784] [main/DEBUG] [net.minecraftforge.fml.loading.moddiscovery.ModFileParser/LOADING]: Considering mod file candidate /workspaces/mine2/servidor_minecraft/mods/framework-forge-1.20.1-0.7.12.jar
[14Apr2025 13:48:28.785] [main/DEBUG] [net.minecraftforge.fml.loading.moddiscovery.ModFileInfo/LOADING]: Found valid mod file framework-forge-1.20.1-0.7.12.jar with {framework} mods - versions {0.7.12}
[14Apr2025 13:48:28.785] [main/DEBUG] [net.minecraftforge.fml.loading.moddiscovery.ModFile/LOADING]: Loading mod file /workspaces/mine2/servidor_minecraft/mods/framework-forge-1.20.1-0.7.12.jar with languages [LanguageSpec[languageName=javafml, acceptedVersions=[39,)]]
[14Apr2025 13:48:28.785] [main/DEBUG] [net.minecraftforge.fml.loading.moddiscovery.ModFileParser/LOADING]: Considering mod file candidate /workspaces/mine2/servidor_minecraft/mods/DynamicTrees-1.20.1-1.4.1.jar
[14Apr2025 13:48:28.786] [main/DEBUG] [net.minecraftforge.fml.loading.moddiscovery.ModFileInfo/LOADING]: Found valid mod file DynamicTrees-1.20.1-1.4.1.jar with {dynamictrees} mods - versions {1.20.1-1.4.1}
[14Apr2025 13:48:28.786] [main/DEBUG] [net.minecraftforge.fml.loading.moddiscovery.ModFile/LOADING]: Loading mod file /workspaces/mine2/servidor_minecraft/mods/DynamicTrees-1.20.1-1.4.1.jar with languages [LanguageSpec[languageName=javafml, acceptedVersions=[47,)]]
[14Apr2025 13:48:28.786] [main/DEBUG] [net.minecraftforge.fml.loading.moddiscovery.ModFileParser/LOADING]: Considering mod file candidate /workspaces/mine2/servidor_minecraft/mods/EnchantingInfuser-v8.0.3-1.20.1-Forge.jar
[14Apr2025 13:48:28.787] [main/DEBUG] [net.minecraftforge.fml.loading.moddiscovery.ModFileInfo/LOADING]: Found valid mod file EnchantingInfuser-v8.0.3-1.20.1-Forge.jar with {enchantinginfuser} mods - versions {8.0.3}
[14Apr2025 13:48:28.788] [main/DEBUG] [net.minecraftforge.fml.loading.moddiscovery.ModFile/LOADING]: Loading mod file /workspaces/mine2/servidor_minecraft/mods/EnchantingInfuser-v8.0.3-1.20.1-Forge.jar with languages [LanguageSpec[languageName=javafml, acceptedVersions=[47,)]]
[14Apr2025 13:48:28.788] [main/DEBUG] [net.minecraftforge.fml.loading.moddiscovery.ModFileParser/LOADING]: Considering mod file candidate /workspaces/mine2/servidor_minecraft/mods/PlayerRevive_FORGE_v2.0.31_mc1.20.1.jar
[14Apr2025 13:48:28.789] [main/DEBUG] [net.minecraftforge.fml.loading.moddiscovery.ModFileInfo/LOADING]: Found valid mod file PlayerRevive_FORGE_v2.0.31_mc1.20.1.jar with {playerrevive} mods - versions {2.0.31}
[14Apr2025 13:48:28.789] [main/DEBUG] [net.minecraftforge.fml.loading.moddiscovery.ModFile/LOADING]: Loading mod file /workspaces/mine2/servidor_minecraft/mods/PlayerRevive_FORGE_v2.0.31_mc1.20.1.jar with languages [LanguageSpec[languageName=javafml, acceptedVersions=[46,)]]
[14Apr2025 13:48:28.789] [main/DEBUG] [net.minecraftforge.fml.loading.moddiscovery.ModFileParser/LOADING]: Considering mod file candidate /workspaces/mine2/servidor_minecraft/mods/scaffoldingdropsnearby-1.20.1-3.4.jar
[14Apr2025 13:48:28.790] [main/DEBUG] [net.minecraftforge.fml.loading.moddiscovery.ModFileInfo/LOADING]: Found valid mod file scaffoldingdropsnearby-1.20.1-3.4.jar with {scaffoldingdropsnearby} mods - versions {3.4}
[14Apr2025 13:48:28.791] [main/DEBUG] [net.minecraftforge.fml.loading.moddiscovery.ModFile/LOADING]: Loading mod file /workspaces/mine2/servidor_minecraft/mods/scaffoldingdropsnearby-1.20.1-3.4.jar with languages [LanguageSpec[languageName=javafml, acceptedVersions=*]]
[14Apr2025 13:48:28.791] [main/DEBUG] [net.minecraftforge.fml.loading.moddiscovery.ModFileParser/LOADING]: Considering mod file candidate 
[14Apr2025 13:48:28.791] [main/DEBUG] [net.minecraftforge.fml.loading.moddiscovery.ModFileInfo/LOADING]: Found valid mod file mixinextras-forge-0.4.1.jar with {mixinextras} mods - versions {0.4.1}
[14Apr2025 13:48:28.792] [main/DEBUG] [net.minecraftforge.fml.loading.moddiscovery.ModFile/LOADING]: Loading mod file  with languages [LanguageSpec[languageName=javafml, acceptedVersions=*]]
[14Apr2025 13:48:28.792] [main/DEBUG] [net.minecraftforge.fml.loading.moddiscovery.ModFile/LOADING]: Loading mod file  with languages []
[14Apr2025 13:48:28.792] [main/DEBUG] [net.minecraftforge.fml.loading.moddiscovery.ModFileParser/LOADING]: Considering mod file candidate 
[14Apr2025 13:48:28.792] [main/DEBUG] [net.minecraftforge.fml.loading.moddiscovery.ModFileInfo/LOADING]: Found valid mod file mixinextras-forge-0.4.1.jar with {mixinextras} mods - versions {0.4.1}
[14Apr2025 13:48:28.793] [main/DEBUG] [net.minecraftforge.fml.loading.moddiscovery.ModFile/LOADING]: Loading mod file  with languages [LanguageSpec[languageName=javafml, acceptedVersions=*]]
[14Apr2025 13:48:28.793] [main/DEBUG] [net.minecraftforge.fml.loading.moddiscovery.ModFile/LOADING]: Loading mod file  with languages []
[14Apr2025 13:48:28.794] [main/DEBUG] [cpw.mods.modlauncher.TransformationServiceDecorator/MODLAUNCHER]: End scan trigger - transformation service fml
[14Apr2025 13:48:28.805] [main/DEBUG] [net.minecraftforge.fml.loading.LanguageLoadingProvider/CORE]: Found 3 language providers
[14Apr2025 13:48:28.805] [main/DEBUG] [net.minecraftforge.fml.loading.LanguageLoadingProvider/CORE]: Found language provider minecraft, version 1.0
[14Apr2025 13:48:28.806] [main/DEBUG] [net.minecraftforge.fml.loading.LanguageLoadingProvider/CORE]: Found language provider lowcodefml, version 47
[14Apr2025 13:48:28.806] [main/DEBUG] [net.minecraftforge.fml.loading.LanguageLoadingProvider/CORE]: Found language provider javafml, version 47
[14Apr2025 13:48:28.809] [main/DEBUG] [net.minecraftforge.fml.loading.UniqueModListBuilder/]: Found 2 mods for first modid mixinextras, selecting most recent based on version data
[14Apr2025 13:48:28.810] [main/DEBUG] [net.minecraftforge.fml.loading.UniqueModListBuilder/]: Selected file mixinextras-forge-0.4.1.jar for modid mixinextras with version 0.4.1
[14Apr2025 13:48:28.810] [main/DEBUG] [net.minecraftforge.fml.loading.UniqueModListBuilder/]: Found 2 mods for first modid MixinExtras, selecting most recent based on version data
[14Apr2025 13:48:28.810] [main/DEBUG] [net.minecraftforge.fml.loading.UniqueModListBuilder/]: Selected file MixinExtras-0.4.1.jar for modid MixinExtras with version 0.0NONE
[14Apr2025 13:48:28.811] [main/DEBUG] [net.minecraftforge.fml.loading.ModSorter/]: Configured system mods: [minecraft, forge]
[14Apr2025 13:48:28.812] [main/DEBUG] [net.minecraftforge.fml.loading.ModSorter/]: Found system mod: minecraft
[14Apr2025 13:48:28.812] [main/DEBUG] [net.minecraftforge.fml.loading.ModSorter/]: Found system mod: forge
[14Apr2025 13:48:28.814] [main/DEBUG] [net.minecraftforge.fml.loading.ModSorter/LOADING]: Found 99 mod requirements (92 mandatory, 7 optional)
[14Apr2025 13:48:28.815] [main/DEBUG] [net.minecraftforge.fml.loading.ModSorter/LOADING]: Found 0 mod requirements missing (0 mandatory, 0 optional)
[14Apr2025 13:48:29.499] [main/DEBUG] [cpw.mods.modlauncher.TransformationServicesHandler/MODLAUNCHER]: Transformation services loading transformers
[14Apr2025 13:48:29.500] [main/DEBUG] [cpw.mods.modlauncher.TransformationServiceDecorator/MODLAUNCHER]: Initializing transformers for transformation service mixin
[14Apr2025 13:48:29.501] [main/DEBUG] [cpw.mods.modlauncher.TransformationServiceDecorator/MODLAUNCHER]: Initialized transformers for transformation service mixin
[14Apr2025 13:48:29.501] [main/DEBUG] [cpw.mods.modlauncher.TransformationServiceDecorator/MODLAUNCHER]: Initializing transformers for transformation service fml
[14Apr2025 13:48:29.501] [main/DEBUG] [net.minecraftforge.fml.loading.FMLServiceProvider/CORE]: Loading coremod transformers
[14Apr2025 13:48:29.501] [main/DEBUG] [net.minecraftforge.coremod.CoreModEngine/COREMOD]: Loading CoreMod from META-INF/xaeroworldmap_core.js
[14Apr2025 13:48:30.009] [main/DEBUG] [net.minecraftforge.coremod.CoreModEngine/COREMOD]: CoreMod loaded successfully
[14Apr2025 13:48:30.009] [main/DEBUG] [net.minecraftforge.coremod.CoreModEngine/COREMOD]: Loading CoreMod from coremods/field_to_method.js
[14Apr2025 13:48:30.044] [main/DEBUG] [net.minecraftforge.coremod.CoreModEngine/COREMOD]: CoreMod loaded successfully
[14Apr2025 13:48:30.045] [main/DEBUG] [net.minecraftforge.coremod.CoreModEngine/COREMOD]: Loading CoreMod from coremods/field_to_instanceof.js
[14Apr2025 13:48:30.118] [main/DEBUG] [net.minecraftforge.coremod.CoreModEngine/COREMOD]: CoreMod loaded successfully
[14Apr2025 13:48:30.118] [main/DEBUG] [net.minecraftforge.coremod.CoreModEngine/COREMOD]: Loading CoreMod from coremods/add_bouncer_method.js
[14Apr2025 13:48:30.187] [main/DEBUG] [net.minecraftforge.coremod.CoreModEngine/COREMOD]: CoreMod loaded successfully
[14Apr2025 13:48:30.187] [main/DEBUG] [net.minecraftforge.coremod.CoreModEngine/COREMOD]: Loading CoreMod from coremods/method_redirector.js
[14Apr2025 13:48:30.321] [main/DEBUG] [net.minecraftforge.coremod.CoreModEngine/COREMOD]: CoreMod loaded successfully
[14Apr2025 13:48:30.321] [main/DEBUG] [net.minecraftforge.coremod.CoreModEngine/COREMOD]: Loading CoreMod from META-INF/xaerohud_core.js
[14Apr2025 13:48:30.450] [main/DEBUG] [net.minecraftforge.coremod.CoreModEngine/COREMOD]: CoreMod loaded successfully
[14Apr2025 13:48:30.473] [main/DEBUG] [cpw.mods.modlauncher.TransformStore/MODLAUNCHER]: Adding transformer net.minecraftforge.coremod.transformer.CoreModClassTransformer@28e8888d to Target : CLASS {Lnet/minecraft/world/level/chunk/LevelChunk;} {} {V}
[14Apr2025 13:48:30.474] [main/DEBUG] [cpw.mods.modlauncher.TransformStore/MODLAUNCHER]: Adding transformer net.minecraftforge.coremod.transformer.CoreModClassTransformer@eed890d to Target : CLASS {Lnet/minecraft/client/multiplayer/ClientPacketListener;} {} {V}
[14Apr2025 13:48:30.474] [main/DEBUG] [cpw.mods.modlauncher.TransformStore/MODLAUNCHER]: Adding transformer net.minecraftforge.coremod.transformer.CoreModClassTransformer@10f477e2 to Target : CLASS {Lnet/minecraft/client/multiplayer/ClientLevel;} {} {V}
[14Apr2025 13:48:30.474] [main/DEBUG] [cpw.mods.modlauncher.TransformStore/MODLAUNCHER]: Adding transformer net.minecraftforge.coremod.transformer.CoreModClassTransformer@6097fca9 to Target : CLASS {Lnet/minecraft/network/protocol/game/ClientboundSectionBlocksUpdatePacket;} {} {V}
[14Apr2025 13:48:30.476] [main/DEBUG] [cpw.mods.modlauncher.TransformStore/MODLAUNCHER]: Adding transformer net.minecraftforge.coremod.transformer.CoreModClassTransformer@35eee641 to Target : CLASS {Lnet/minecraft/client/gui/components/CycleButton;} {} {V}
[14Apr2025 13:48:30.477] [main/DEBUG] [cpw.mods.modlauncher.TransformStore/MODLAUNCHER]: Adding transformer net.minecraftforge.coremod.transformer.CoreModClassTransformer@5729b410 to Target : CLASS {Lnet/minecraft/server/MinecraftServer;} {} {V}
[14Apr2025 13:48:30.477] [main/DEBUG] [cpw.mods.modlauncher.TransformStore/MODLAUNCHER]: Adding transformer net.minecraftforge.coremod.transformer.CoreModClassTransformer@64518270 to Target : CLASS {Lnet/minecraft/server/level/ServerPlayer;} {} {V}
[14Apr2025 13:48:30.477] [main/DEBUG] [cpw.mods.modlauncher.TransformStore/MODLAUNCHER]: Adding transformer net.minecraftforge.coremod.transformer.CoreModClassTransformer@3b7c58e7 to Target : CLASS {Lnet/minecraft/client/Minecraft;} {} {V}
[14Apr2025 13:48:30.477] [main/DEBUG] [cpw.mods.modlauncher.TransformStore/MODLAUNCHER]: Adding transformer net.minecraftforge.coremod.transformer.CoreModClassTransformer@79627d27 to Target : CLASS {Lnet/minecraft/server/level/ServerLevel;} {} {V}
[14Apr2025 13:48:30.479] [main/DEBUG] [cpw.mods.modlauncher.TransformStore/MODLAUNCHER]: Adding transformer net.minecraftforge.coremod.transformer.CoreModClassTransformer@6371cf2f to Target : CLASS {Lnet/minecraft/world/level/biome/Biome;} {} {V}
[14Apr2025 13:48:30.480] [main/DEBUG] [cpw.mods.modlauncher.TransformStore/MODLAUNCHER]: Adding transformer net.minecraftforge.coremod.transformer.CoreModClassTransformer@b5b9333 to Target : CLASS {Lnet/minecraft/world/level/levelgen/structure/Structure;} {} {V}
[14Apr2025 13:48:30.480] [main/DEBUG] [cpw.mods.modlauncher.TransformStore/MODLAUNCHER]: Adding transformer net.minecraftforge.coremod.transformer.CoreModClassTransformer@52b959df to Target : CLASS {Lnet/minecraft/world/effect/MobEffectInstance;} {} {V}
[14Apr2025 13:48:30.480] [main/DEBUG] [cpw.mods.modlauncher.TransformStore/MODLAUNCHER]: Adding transformer net.minecraftforge.coremod.transformer.CoreModClassTransformer@38588dea to Target : CLASS {Lnet/minecraft/world/level/block/LiquidBlock;} {} {V}
[14Apr2025 13:48:30.480] [main/DEBUG] [cpw.mods.modlauncher.TransformStore/MODLAUNCHER]: Adding transformer net.minecraftforge.coremod.transformer.CoreModClassTransformer@553d2579 to Target : CLASS {Lnet/minecraft/world/item/BucketItem;} {} {V}
[14Apr2025 13:48:30.480] [main/DEBUG] [cpw.mods.modlauncher.TransformStore/MODLAUNCHER]: Adding transformer net.minecraftforge.coremod.transformer.CoreModClassTransformer@2a8f6e6 to Target : CLASS {Lnet/minecraft/world/level/block/StairBlock;} {} {V}
[14Apr2025 13:48:30.480] [main/DEBUG] [cpw.mods.modlauncher.TransformStore/MODLAUNCHER]: Adding transformer net.minecraftforge.coremod.transformer.CoreModClassTransformer@1ac730cd to Target : CLASS {Lnet/minecraft/world/level/block/FlowerPotBlock;} {} {V}
[14Apr2025 13:48:30.480] [main/DEBUG] [cpw.mods.modlauncher.TransformStore/MODLAUNCHER]: Adding transformer net.minecraftforge.coremod.transformer.CoreModClassTransformer@668cc9a2 to Target : CLASS {Lnet/minecraft/world/item/ItemStack;} {} {V}
[14Apr2025 13:48:30.481] [main/DEBUG] [cpw.mods.modlauncher.TransformStore/MODLAUNCHER]: Adding transformer net.minecraftforge.coremod.transformer.CoreModClassTransformer@5aa62ee7 to Target : CLASS {Lnet/minecraft/network/play/client/CClientSettingsPacket;} {} {V}
[14Apr2025 13:48:30.481] [main/DEBUG] [cpw.mods.modlauncher.TransformStore/MODLAUNCHER]: Adding transformer net.minecraftforge.coremod.transformer.CoreModClassTransformer@1f7cec93 to Target : CLASS {Lnet/minecraft/world/entity/animal/frog/Tadpole;} {} {V}
[14Apr2025 13:48:30.481] [main/DEBUG] [cpw.mods.modlauncher.TransformStore/MODLAUNCHER]: Adding transformer net.minecraftforge.coremod.transformer.CoreModClassTransformer@1f7cec93 to Target : CLASS {Lnet/minecraft/world/entity/animal/horse/SkeletonTrapGoal;} {} {V}
[14Apr2025 13:48:30.482] [main/DEBUG] [cpw.mods.modlauncher.TransformStore/MODLAUNCHER]: Adding transformer net.minecraftforge.coremod.transformer.CoreModClassTransformer@1f7cec93 to Target : CLASS {Lnet/minecraft/server/commands/RaidCommand;} {} {V}
[14Apr2025 13:48:30.482] [main/DEBUG] [cpw.mods.modlauncher.TransformStore/MODLAUNCHER]: Adding transformer net.minecraftforge.coremod.transformer.CoreModClassTransformer@1f7cec93 to Target : CLASS {Lnet/minecraft/world/entity/raid/Raid;} {} {V}
[14Apr2025 13:48:30.482] [main/DEBUG] [cpw.mods.modlauncher.TransformStore/MODLAUNCHER]: Adding transformer net.minecraftforge.coremod.transformer.CoreModClassTransformer@1f7cec93 to Target : CLASS {Lnet/minecraft/server/commands/SummonCommand;} {} {V}
[14Apr2025 13:48:30.482] [main/DEBUG] [cpw.mods.modlauncher.TransformStore/MODLAUNCHER]: Adding transformer net.minecraftforge.coremod.transformer.CoreModClassTransformer@1f7cec93 to Target : CLASS {Lnet/minecraft/world/level/NaturalSpawner;} {} {V}
[14Apr2025 13:48:30.482] [main/DEBUG] [cpw.mods.modlauncher.TransformStore/MODLAUNCHER]: Adding transformer net.minecraftforge.coremod.transformer.CoreModClassTransformer@1f7cec93 to Target : CLASS {Lnet/minecraft/world/entity/npc/Villager;} {} {V}
[14Apr2025 13:48:30.482] [main/DEBUG] [cpw.mods.modlauncher.TransformStore/MODLAUNCHER]: Adding transformer net.minecraftforge.coremod.transformer.CoreModClassTransformer@1f7cec93 to Target : CLASS {Lnet/minecraft/world/level/levelgen/structure/structures/OceanMonumentPieces$OceanMonumentPiece;} {} {V}
[14Apr2025 13:48:30.483] [main/DEBUG] [cpw.mods.modlauncher.TransformStore/MODLAUNCHER]: Adding transformer net.minecraftforge.coremod.transformer.CoreModClassTransformer@1f7cec93 to Target : CLASS {Lnet/minecraft/world/entity/EntityType;} {} {V}
[14Apr2025 13:48:30.483] [main/DEBUG] [cpw.mods.modlauncher.TransformStore/MODLAUNCHER]: Adding transformer net.minecraftforge.coremod.transformer.CoreModClassTransformer@1f7cec93 to Target : CLASS {Lnet/minecraft/world/level/levelgen/PhantomSpawner;} {} {V}
[14Apr2025 13:48:30.483] [main/DEBUG] [cpw.mods.modlauncher.TransformStore/MODLAUNCHER]: Adding transformer net.minecraftforge.coremod.transformer.CoreModClassTransformer@1f7cec93 to Target : CLASS {Lnet/minecraft/world/entity/monster/Zombie;} {} {V}
[14Apr2025 13:48:30.483] [main/DEBUG] [cpw.mods.modlauncher.TransformStore/MODLAUNCHER]: Adding transformer net.minecraftforge.coremod.transformer.CoreModClassTransformer@1f7cec93 to Target : CLASS {Lnet/minecraft/world/level/levelgen/structure/structures/SwampHutPiece;} {} {V}
[14Apr2025 13:48:30.483] [main/DEBUG] [cpw.mods.modlauncher.TransformStore/MODLAUNCHER]: Adding transformer net.minecraftforge.coremod.transformer.CoreModClassTransformer@1f7cec93 to Target : CLASS {Lnet/minecraft/world/entity/monster/ZombieVillager;} {} {V}
[14Apr2025 13:48:30.483] [main/DEBUG] [cpw.mods.modlauncher.TransformStore/MODLAUNCHER]: Adding transformer net.minecraftforge.coremod.transformer.CoreModClassTransformer@1f7cec93 to Target : CLASS {Lnet/minecraft/world/entity/monster/Spider;} {} {V}
[14Apr2025 13:48:30.483] [main/DEBUG] [cpw.mods.modlauncher.TransformStore/MODLAUNCHER]: Adding transformer net.minecraftforge.coremod.transformer.CoreModClassTransformer@1f7cec93 to Target : CLASS {Lnet/minecraft/world/level/levelgen/structure/templatesystem/StructureTemplate;} {} {V}
[14Apr2025 13:48:30.483] [main/DEBUG] [cpw.mods.modlauncher.TransformStore/MODLAUNCHER]: Adding transformer net.minecraftforge.coremod.transformer.CoreModClassTransformer@1f7cec93 to Target : CLASS {Lnet/minecraft/world/entity/ai/village/VillageSiege;} {} {V}
[14Apr2025 13:48:30.484] [main/DEBUG] [cpw.mods.modlauncher.TransformStore/MODLAUNCHER]: Adding transformer net.minecraftforge.coremod.transformer.CoreModClassTransformer@1f7cec93 to Target : CLASS {Lnet/minecraft/world/level/levelgen/structure/structures/WoodlandMansionPieces$WoodlandMansionPiece;} {} {V}
[14Apr2025 13:48:30.484] [main/DEBUG] [cpw.mods.modlauncher.TransformStore/MODLAUNCHER]: Adding transformer net.minecraftforge.coremod.transformer.CoreModClassTransformer@1f7cec93 to Target : CLASS {Lnet/minecraft/world/entity/monster/Strider;} {} {V}
[14Apr2025 13:48:30.484] [main/DEBUG] [cpw.mods.modlauncher.TransformStore/MODLAUNCHER]: Adding transformer net.minecraftforge.coremod.transformer.CoreModClassTransformer@1f7cec93 to Target : CLASS {Lnet/minecraft/world/entity/monster/Evoker$EvokerSummonSpellGoal;} {} {V}
[14Apr2025 13:48:30.484] [main/DEBUG] [cpw.mods.modlauncher.TransformStore/MODLAUNCHER]: Adding transformer net.minecraftforge.coremod.transformer.CoreModClassTransformer@1f7cec93 to Target : CLASS {Lnet/minecraft/world/entity/npc/CatSpawner;} {} {V}
[14Apr2025 13:48:30.484] [main/DEBUG] [cpw.mods.modlauncher.TransformStore/MODLAUNCHER]: Adding transformer net.minecraftforge.coremod.transformer.CoreModClassTransformer@1f7cec93 to Target : CLASS {Lnet/minecraft/world/level/levelgen/PatrolSpawner;} {} {V}
[14Apr2025 13:48:30.484] [main/DEBUG] [cpw.mods.modlauncher.TransformStore/MODLAUNCHER]: Adding transformer net.minecraftforge.coremod.transformer.CoreModClassTransformer@1f7cec93 to Target : CLASS {Lnet/minecraft/world/level/levelgen/structure/structures/OceanRuinPieces$OceanRuinPiece;} {} {V}
[14Apr2025 13:48:30.484] [main/DEBUG] [cpw.mods.modlauncher.TransformStore/MODLAUNCHER]: Adding transformer net.minecraftforge.coremod.transformer.CoreModClassTransformer@3c9ef6e9 to Target : CLASS {Lnet/minecraft/world/level/chunk/LevelChunk;} {} {V}
[14Apr2025 13:48:30.484] [main/DEBUG] [cpw.mods.modlauncher.TransformStore/MODLAUNCHER]: Adding transformer net.minecraftforge.coremod.transformer.CoreModClassTransformer@3cdff901 to Target : CLASS {Lnet/minecraft/client/multiplayer/ClientPacketListener;} {} {V}
[14Apr2025 13:48:30.484] [main/DEBUG] [cpw.mods.modlauncher.TransformStore/MODLAUNCHER]: Adding transformer net.minecraftforge.coremod.transformer.CoreModClassTransformer@57e5396b to Target : CLASS {Lnet/minecraft/client/multiplayer/ClientLevel;} {} {V}
[14Apr2025 13:48:30.485] [main/DEBUG] [cpw.mods.modlauncher.TransformStore/MODLAUNCHER]: Adding transformer net.minecraftforge.coremod.transformer.CoreModClassTransformer@2f054f70 to Target : CLASS {Lnet/minecraft/network/protocol/game/ClientboundSectionBlocksUpdatePacket;} {} {V}
[14Apr2025 13:48:30.485] [main/DEBUG] [cpw.mods.modlauncher.TransformStore/MODLAUNCHER]: Adding transformer net.minecraftforge.coremod.transformer.CoreModClassTransformer@6467ddc7 to Target : CLASS {Lnet/minecraft/client/gui/components/CycleButton;} {} {V}
[14Apr2025 13:48:30.485] [main/DEBUG] [cpw.mods.modlauncher.TransformStore/MODLAUNCHER]: Adding transformer net.minecraftforge.coremod.transformer.CoreModClassTransformer@27b337bb to Target : CLASS {Lnet/minecraft/server/MinecraftServer;} {} {V}
[14Apr2025 13:48:30.485] [main/DEBUG] [cpw.mods.modlauncher.TransformStore/MODLAUNCHER]: Adding transformer net.minecraftforge.coremod.transformer.CoreModClassTransformer@59636c47 to Target : CLASS {Lnet/minecraft/server/level/ServerPlayer;} {} {V}
[14Apr2025 13:48:30.487] [main/DEBUG] [cpw.mods.modlauncher.TransformStore/MODLAUNCHER]: Adding transformer net.minecraftforge.coremod.transformer.CoreModClassTransformer@5c18d6d4 to Target : CLASS {Lnet/minecraft/client/Minecraft;} {} {V}
[14Apr2025 13:48:30.489] [main/DEBUG] [cpw.mods.modlauncher.TransformStore/MODLAUNCHER]: Adding transformer net.minecraftforge.coremod.transformer.CoreModClassTransformer@6cbb175 to Target : CLASS {Lnet/minecraft/client/gui/components/AbstractSelectionList;} {} {V}
[14Apr2025 13:48:30.490] [main/DEBUG] [cpw.mods.modlauncher.TransformStore/MODLAUNCHER]: Adding transformer net.minecraftforge.coremod.transformer.CoreModMethodTransformer@7ab802f4 to Target : METHOD {Lnet/minecraft/client/multiplayer/ClientPacketListener;} {m_6773_} {(Lnet/minecraft/network/protocol/game/ClientboundBlockUpdatePacket;)V}
[14Apr2025 13:48:30.490] [main/DEBUG] [cpw.mods.modlauncher.TransformStore/MODLAUNCHER]: Adding transformer net.minecraftforge.coremod.transformer.CoreModMethodTransformer@608cd501 to Target : METHOD {Lnet/minecraft/client/multiplayer/ClientPacketListener;} {m_5771_} {(Lnet/minecraft/network/protocol/game/ClientboundSectionBlocksUpdatePacket;)V}
[14Apr2025 13:48:30.490] [main/DEBUG] [cpw.mods.modlauncher.TransformStore/MODLAUNCHER]: Adding transformer net.minecraftforge.coremod.transformer.CoreModMethodTransformer@3b97907c to Target : METHOD {Lnet/minecraft/client/multiplayer/ClientPacketListener;} {m_194198_} {(IILnet/minecraft/network/protocol/game/ClientboundLevelChunkPacketData;)V}
[14Apr2025 13:48:30.490] [main/DEBUG] [cpw.mods.modlauncher.TransformStore/MODLAUNCHER]: Adding transformer net.minecraftforge.coremod.transformer.CoreModMethodTransformer@59096b66 to Target : METHOD {Lnet/minecraft/client/multiplayer/ClientPacketListener;} {m_183388_} {(Lnet/minecraft/network/protocol/game/ClientboundLevelChunkWithLightPacket;)V}
[14Apr2025 13:48:30.491] [main/DEBUG] [cpw.mods.modlauncher.TransformStore/MODLAUNCHER]: Adding transformer net.minecraftforge.coremod.transformer.CoreModMethodTransformer@631c6d11 to Target : METHOD {Lnet/minecraft/client/multiplayer/ClientPacketListener;} {m_183514_} {(Lnet/minecraft/network/protocol/game/ClientboundLightUpdatePacket;)V}
[14Apr2025 13:48:30.491] [main/DEBUG] [cpw.mods.modlauncher.TransformStore/MODLAUNCHER]: Adding transformer net.minecraftforge.coremod.transformer.CoreModMethodTransformer@65be88ae to Target : METHOD {Lnet/minecraft/client/multiplayer/ClientPacketListener;} {m_194252_} {(Lnet/minecraft/network/protocol/game/ClientboundForgetLevelChunkPacket;)V}
[14Apr2025 13:48:30.491] [main/DEBUG] [cpw.mods.modlauncher.TransformStore/MODLAUNCHER]: Adding transformer net.minecraftforge.coremod.transformer.CoreModMethodTransformer@62ade015 to Target : METHOD {Lnet/minecraft/client/player/AbstractClientPlayer;} {m_108561_} {()Lnet/minecraft/resources/ResourceLocation;}
[14Apr2025 13:48:30.491] [main/DEBUG] [cpw.mods.modlauncher.TransformStore/MODLAUNCHER]: Adding transformer net.minecraftforge.coremod.transformer.CoreModMethodTransformer@70ede57d to Target : METHOD {Lnet/minecraft/world/entity/player/Player;} {m_36170_} {(Lnet/minecraft/world/entity/player/PlayerModelPart;)Z}
[14Apr2025 13:48:30.491] [main/DEBUG] [cpw.mods.modlauncher.TransformStore/MODLAUNCHER]: Adding transformer net.minecraftforge.coremod.transformer.CoreModMethodTransformer@70997a94 to Target : METHOD {Lnet/minecraft/client/multiplayer/ClientPacketListener;} {m_5998_} {(Lnet/minecraft/network/protocol/game/ClientboundLoginPacket;)V}
[14Apr2025 13:48:30.491] [main/DEBUG] [cpw.mods.modlauncher.TransformStore/MODLAUNCHER]: Adding transformer net.minecraftforge.coremod.transformer.CoreModMethodTransformer@61f377d1 to Target : METHOD {Lnet/minecraft/client/multiplayer/ClientPacketListener;} {m_261044_} {()V}
[14Apr2025 13:48:30.492] [main/DEBUG] [cpw.mods.modlauncher.TransformStore/MODLAUNCHER]: Adding transformer net.minecraftforge.coremod.transformer.CoreModMethodTransformer@6c538eb2 to Target : METHOD {Lnet/minecraft/server/players/PlayerList;} {m_11229_} {(Lnet/minecraft/server/level/ServerPlayer;Lnet/minecraft/server/level/ServerLevel;)V}
[14Apr2025 13:48:30.492] [main/DEBUG] [cpw.mods.modlauncher.TransformStore/MODLAUNCHER]: Adding transformer net.minecraftforge.coremod.transformer.CoreModMethodTransformer@738a5848 to Target : METHOD {Lnet/minecraft/world/level/storage/LevelStorageSource$LevelStorageAccess;} {m_78311_} {()V}
[14Apr2025 13:48:30.492] [main/DEBUG] [cpw.mods.modlauncher.TransformStore/MODLAUNCHER]: Adding transformer net.minecraftforge.coremod.transformer.CoreModMethodTransformer@487cd177 to Target : METHOD {Lnet/minecraft/client/Minecraft;} {m_91383_} {(Z)V}
[14Apr2025 13:48:30.492] [main/DEBUG] [cpw.mods.modlauncher.TransformStore/MODLAUNCHER]: Adding transformer net.minecraftforge.coremod.transformer.CoreModMethodTransformer@324b6a56 to Target : METHOD {Lnet/minecraft/client/Minecraft;} {m_91383_} {(Z)V}
[14Apr2025 13:48:30.492] [main/DEBUG] [cpw.mods.modlauncher.TransformStore/MODLAUNCHER]: Adding transformer net.minecraftforge.coremod.transformer.CoreModMethodTransformer@421d54b3 to Target : METHOD {Lnet/minecraft/client/multiplayer/chat/ChatListener;} {m_240494_} {(Lnet/minecraft/network/chat/Component;Z)V}
[14Apr2025 13:48:30.492] [main/DEBUG] [cpw.mods.modlauncher.TransformStore/MODLAUNCHER]: Adding transformer net.minecraftforge.coremod.transformer.CoreModMethodTransformer@63f40ca0 to Target : METHOD {Lnet/minecraft/client/multiplayer/chat/ChatListener;} {m_245141_} {(Lnet/minecraft/network/chat/Component;Lnet/minecraft/network/chat/ChatType$Bound;)V}
[14Apr2025 13:48:30.492] [main/DEBUG] [cpw.mods.modlauncher.TransformStore/MODLAUNCHER]: Adding transformer net.minecraftforge.coremod.transformer.CoreModMethodTransformer@4dad8ec0 to Target : METHOD {Lnet/minecraft/client/multiplayer/ClientPacketListener;} {m_6571_} {(Lnet/minecraft/network/protocol/game/ClientboundSetDefaultSpawnPositionPacket;)V}
[14Apr2025 13:48:30.492] [main/DEBUG] [cpw.mods.modlauncher.TransformStore/MODLAUNCHER]: Adding transformer net.minecraftforge.coremod.transformer.CoreModMethodTransformer@24dd44f9 to Target : METHOD {Lnet/minecraft/client/multiplayer/ClientPacketListener;} {m_6773_} {(Lnet/minecraft/network/protocol/game/ClientboundBlockUpdatePacket;)V}
[14Apr2025 13:48:30.492] [main/DEBUG] [cpw.mods.modlauncher.TransformStore/MODLAUNCHER]: Adding transformer net.minecraftforge.coremod.transformer.CoreModMethodTransformer@ccd341d to Target : METHOD {Lnet/minecraft/client/multiplayer/ClientPacketListener;} {m_5771_} {(Lnet/minecraft/network/protocol/game/ClientboundSectionBlocksUpdatePacket;)V}
[14Apr2025 13:48:30.493] [main/DEBUG] [cpw.mods.modlauncher.TransformStore/MODLAUNCHER]: Adding transformer net.minecraftforge.coremod.transformer.CoreModMethodTransformer@4f1fb828 to Target : METHOD {Lnet/minecraft/client/multiplayer/ClientPacketListener;} {m_194198_} {(IILnet/minecraft/network/protocol/game/ClientboundLevelChunkPacketData;)V}
[14Apr2025 13:48:30.493] [main/DEBUG] [cpw.mods.modlauncher.TransformStore/MODLAUNCHER]: Adding transformer net.minecraftforge.coremod.transformer.CoreModMethodTransformer@6ee5f485 to Target : METHOD {Lnet/minecraft/client/multiplayer/ClientPacketListener;} {m_183388_} {(Lnet/minecraft/network/protocol/game/ClientboundLevelChunkWithLightPacket;)V}
[14Apr2025 13:48:30.493] [main/DEBUG] [cpw.mods.modlauncher.TransformStore/MODLAUNCHER]: Adding transformer net.minecraftforge.coremod.transformer.CoreModMethodTransformer@20d19f2c to Target : METHOD {Lnet/minecraft/client/multiplayer/ClientPacketListener;} {m_183514_} {(Lnet/minecraft/network/protocol/game/ClientboundLightUpdatePacket;)V}
[14Apr2025 13:48:30.493] [main/DEBUG] [cpw.mods.modlauncher.TransformStore/MODLAUNCHER]: Adding transformer net.minecraftforge.coremod.transformer.CoreModMethodTransformer@45592af7 to Target : METHOD {Lnet/minecraft/client/multiplayer/ClientPacketListener;} {m_194252_} {(Lnet/minecraft/network/protocol/game/ClientboundForgetLevelChunkPacket;)V}
[14Apr2025 13:48:30.493] [main/DEBUG] [cpw.mods.modlauncher.TransformStore/MODLAUNCHER]: Adding transformer net.minecraftforge.coremod.transformer.CoreModMethodTransformer@77b5148c to Target : METHOD {Lnet/minecraft/client/multiplayer/ClientPacketListener;} {m_6571_} {(Lnet/minecraft/network/protocol/game/ClientboundSetDefaultSpawnPositionPacket;)V}
[14Apr2025 13:48:30.493] [main/DEBUG] [cpw.mods.modlauncher.TransformStore/MODLAUNCHER]: Adding transformer net.minecraftforge.coremod.transformer.CoreModMethodTransformer@36359723 to Target : METHOD {Lnet/minecraft/client/player/AbstractClientPlayer;} {m_108561_} {()Lnet/minecraft/resources/ResourceLocation;}
[14Apr2025 13:48:30.494] [main/DEBUG] [cpw.mods.modlauncher.TransformStore/MODLAUNCHER]: Adding transformer net.minecraftforge.coremod.transformer.CoreModMethodTransformer@1ab14636 to Target : METHOD {Lnet/minecraft/world/entity/player/Player;} {m_36170_} {(Lnet/minecraft/world/entity/player/PlayerModelPart;)Z}
[14Apr2025 13:48:30.494] [main/DEBUG] [cpw.mods.modlauncher.TransformStore/MODLAUNCHER]: Adding transformer net.minecraftforge.coremod.transformer.CoreModMethodTransformer@16b3c905 to Target : METHOD {Lnet/minecraft/client/multiplayer/ClientPacketListener;} {m_5998_} {(Lnet/minecraft/network/protocol/game/ClientboundLoginPacket;)V}
[14Apr2025 13:48:30.494] [main/DEBUG] [cpw.mods.modlauncher.TransformStore/MODLAUNCHER]: Adding transformer net.minecraftforge.coremod.transformer.CoreModMethodTransformer@49fdbe2b to Target : METHOD {Lnet/minecraft/client/multiplayer/ClientPacketListener;} {m_261044_} {()V}
[14Apr2025 13:48:30.494] [main/DEBUG] [cpw.mods.modlauncher.TransformStore/MODLAUNCHER]: Adding transformer net.minecraftforge.coremod.transformer.CoreModMethodTransformer@53eba4b8 to Target : METHOD {Lnet/minecraft/client/player/LocalPlayer;} {m_7583_} {()V}
[14Apr2025 13:48:30.494] [main/DEBUG] [cpw.mods.modlauncher.TransformStore/MODLAUNCHER]: Adding transformer net.minecraftforge.coremod.transformer.CoreModMethodTransformer@437bd805 to Target : METHOD {Lnet/minecraft/server/players/PlayerList;} {m_11229_} {(Lnet/minecraft/server/level/ServerPlayer;Lnet/minecraft/server/level/ServerLevel;)V}
[14Apr2025 13:48:30.494] [main/DEBUG] [cpw.mods.modlauncher.TransformStore/MODLAUNCHER]: Adding transformer net.minecraftforge.coremod.transformer.CoreModMethodTransformer@4b88ca8e to Target : METHOD {Lnet/minecraft/client/gui/components/BossHealthOverlay;} {m_280652_} {(Lnet/minecraft/client/gui/GuiGraphics;)V}
[14Apr2025 13:48:30.495] [main/DEBUG] [cpw.mods.modlauncher.TransformStore/MODLAUNCHER]: Adding transformer net.minecraftforge.coremod.transformer.CoreModMethodTransformer@6fa02932 to Target : METHOD {Lnet/minecraft/client/model/ListModel;} {m_7695_} {(Lcom/mojang/blaze3d/vertex/PoseStack;Lcom/mojang/blaze3d/vertex/VertexConsumer;IIFFFF)V}
[14Apr2025 13:48:30.495] [main/DEBUG] [cpw.mods.modlauncher.TransformStore/MODLAUNCHER]: Adding transformer net.minecraftforge.coremod.transformer.CoreModMethodTransformer@61608e1a to Target : METHOD {Lnet/minecraft/client/model/AgeableListModel;} {m_7695_} {(Lcom/mojang/blaze3d/vertex/PoseStack;Lcom/mojang/blaze3d/vertex/VertexConsumer;IIFFFF)V}
[14Apr2025 13:48:30.495] [main/DEBUG] [cpw.mods.modlauncher.TransformStore/MODLAUNCHER]: Adding transformer net.minecraftforge.coremod.transformer.CoreModMethodTransformer@7c46c9c3 to Target : METHOD {Lnet/minecraft/client/model/LlamaModel;} {m_7695_} {(Lcom/mojang/blaze3d/vertex/PoseStack;Lcom/mojang/blaze3d/vertex/VertexConsumer;IIFFFF)V}
[14Apr2025 13:48:30.495] [main/DEBUG] [cpw.mods.modlauncher.TransformStore/MODLAUNCHER]: Adding transformer net.minecraftforge.coremod.transformer.CoreModMethodTransformer@7197b07f to Target : METHOD {Lnet/minecraft/client/model/RabbitModel;} {m_7695_} {(Lcom/mojang/blaze3d/vertex/PoseStack;Lcom/mojang/blaze3d/vertex/VertexConsumer;IIFFFF)V}
[14Apr2025 13:48:30.495] [main/DEBUG] [cpw.mods.modlauncher.TransformStore/MODLAUNCHER]: Adding transformer net.minecraftforge.coremod.transformer.CoreModMethodTransformer@1f10fec6 to Target : METHOD {Lnet/minecraft/client/renderer/entity/EnderDragonRenderer$DragonModel;} {m_7695_} {(Lcom/mojang/blaze3d/vertex/PoseStack;Lcom/mojang/blaze3d/vertex/VertexConsumer;IIFFFF)V}
[14Apr2025 13:48:30.495] [main/DEBUG] [cpw.mods.modlauncher.TransformStore/MODLAUNCHER]: Adding transformer net.minecraftforge.coremod.transformer.CoreModMethodTransformer@7a65a360 to Target : METHOD {Lnet/minecraft/client/model/HierarchicalModel;} {m_7695_} {(Lcom/mojang/blaze3d/vertex/PoseStack;Lcom/mojang/blaze3d/vertex/VertexConsumer;IIFFFF)V}
[14Apr2025 13:48:30.496] [main/DEBUG] [cpw.mods.modlauncher.TransformStore/MODLAUNCHER]: Adding transformer net.minecraftforge.coremod.transformer.CoreModMethodTransformer@30a7653e to Target : METHOD {Lnet/minecraft/client/model/geom/ModelPart;} {m_104290_} {(Lcom/mojang/blaze3d/vertex/PoseStack$Pose;Lcom/mojang/blaze3d/vertex/VertexConsumer;IIFFFF)V}
[14Apr2025 13:48:30.496] [main/DEBUG] [cpw.mods.modlauncher.TransformStore/MODLAUNCHER]: Adding transformer net.minecraftforge.coremod.transformer.CoreModMethodTransformer@7cff3f1d to Target : METHOD {Lnet/minecraft/world/level/storage/LevelStorageSource$LevelStorageAccess;} {m_78311_} {()V}
[14Apr2025 13:48:30.496] [main/DEBUG] [cpw.mods.modlauncher.TransformStore/MODLAUNCHER]: Adding transformer net.minecraftforge.coremod.transformer.CoreModMethodTransformer@6401188a to Target : METHOD {Lnet/minecraft/client/multiplayer/ClientPacketListener;} {m_246623_} {(Ljava/lang/String;)V}
[14Apr2025 13:48:30.496] [main/DEBUG] [cpw.mods.modlauncher.TransformStore/MODLAUNCHER]: Adding transformer net.minecraftforge.coremod.transformer.CoreModMethodTransformer@33a8c9c9 to Target : METHOD {Lnet/minecraft/client/multiplayer/ClientPacketListener;} {m_246979_} {(Ljava/lang/String;)Z}
[14Apr2025 13:48:30.497] [main/DEBUG] [cpw.mods.modlauncher.TransformStore/MODLAUNCHER]: Adding transformer net.minecraftforge.coremod.transformer.CoreModMethodTransformer@382dc417 to Target : METHOD {Lnet/minecraft/client/multiplayer/chat/ChatListener;} {m_240494_} {(Lnet/minecraft/network/chat/Component;Z)V}
[14Apr2025 13:48:30.497] [main/DEBUG] [cpw.mods.modlauncher.TransformStore/MODLAUNCHER]: Adding transformer net.minecraftforge.coremod.transformer.CoreModMethodTransformer@3daf03d8 to Target : METHOD {Lnet/minecraft/client/multiplayer/chat/ChatListener;} {m_245141_} {(Lnet/minecraft/network/chat/Component;Lnet/minecraft/network/chat/ChatType$Bound;)V}
[14Apr2025 13:48:30.500] [main/DEBUG] [cpw.mods.modlauncher.TransformStore/MODLAUNCHER]: Adding transformer net.minecraftforge.coremod.transformer.CoreModMethodTransformer@510689af to Target : METHOD {Lnet/minecraft/client/ToggleKeyMapping;} {m_90857_} {()Z}
[14Apr2025 13:48:30.500] [main/DEBUG] [cpw.mods.modlauncher.TransformationServiceDecorator/MODLAUNCHER]: Initialized transformers for transformation service fml
[14Apr2025 13:48:32.273] [main/DEBUG] [mixin/]: Processing prepare() for PlatformAgent[MixinPlatformAgentDefault:ModLauncher Root Container(ModLauncher:4f56a0a2)]
[14Apr2025 13:48:32.273] [main/DEBUG] [mixin/]: Processing launch tasks for PlatformAgent[MixinPlatformAgentDefault:ModLauncher Root Container(ModLauncher:4f56a0a2)]
[14Apr2025 13:48:32.273] [main/DEBUG] [mixin/]: Adding mixin platform agents for container SecureJarResource(kuma_api)
[14Apr2025 13:48:32.274] [main/DEBUG] [mixin/]: Instancing new MixinPlatformAgentMinecraftForge for SecureJarResource(kuma_api)
[14Apr2025 13:48:32.274] [main/DEBUG] [mixin/]: MixinPlatformAgentMinecraftForge rejected container SecureJarResource(kuma_api)
[14Apr2025 13:48:32.274] [main/DEBUG] [mixin/]: Instancing new MixinPlatformAgentDefault for SecureJarResource(kuma_api)
[14Apr2025 13:48:32.274] [main/DEBUG] [mixin/]: MixinPlatformAgentDefault accepted container SecureJarResource(kuma_api)
[14Apr2025 13:48:32.274] [main/DEBUG] [mixin/]: Processing prepare() for PlatformAgent[MixinPlatformAgentDefault:SecureJarResource(kuma_api)]
[14Apr2025 13:48:32.274] [main/DEBUG] [mixin/]: Registering mixin config: kuma_api.mixins.json
[14Apr2025 13:48:32.298] [main/DEBUG] [mixin/]: Compatibility level JAVA_17 specified by kuma_api.mixins.json is higher than the maximum level supported by this version of mixin (JAVA_13).
[14Apr2025 13:48:32.303] [main/INFO] [mixin/]: Compatibility level set to JAVA_17
[14Apr2025 13:48:32.304] [main/DEBUG] [mixin/]: Registering mixin config: kuma_api.forge.mixins.json
[14Apr2025 13:48:32.306] [main/DEBUG] [mixin/]: Adding mixin platform agents for container SecureJarResource(animation_overhaul)
[14Apr2025 13:48:32.306] [main/DEBUG] [mixin/]: Instancing new MixinPlatformAgentMinecraftForge for SecureJarResource(animation_overhaul)
[14Apr2025 13:48:32.306] [main/DEBUG] [mixin/]: MixinPlatformAgentMinecraftForge rejected container SecureJarResource(animation_overhaul)
[14Apr2025 13:48:32.307] [main/DEBUG] [mixin/]: Instancing new MixinPlatformAgentDefault for SecureJarResource(animation_overhaul)
[14Apr2025 13:48:32.307] [main/DEBUG] [mixin/]: MixinPlatformAgentDefault accepted container SecureJarResource(animation_overhaul)
[14Apr2025 13:48:32.307] [main/DEBUG] [mixin/]: Processing prepare() for PlatformAgent[MixinPlatformAgentDefault:SecureJarResource(animation_overhaul)]
[14Apr2025 13:48:32.307] [main/DEBUG] [mixin/]: Registering mixin config: animation_overhaul.mixins.json
[14Apr2025 13:48:32.309] [main/DEBUG] [mixin/]: Adding mixin platform agents for container SecureJarResource(playeranimator)
[14Apr2025 13:48:32.309] [main/DEBUG] [mixin/]: Instancing new MixinPlatformAgentMinecraftForge for SecureJarResource(playeranimator)
[14Apr2025 13:48:32.310] [main/DEBUG] [mixin/]: MixinPlatformAgentMinecraftForge rejected container SecureJarResource(playeranimator)
[14Apr2025 13:48:32.310] [main/DEBUG] [mixin/]: Instancing new MixinPlatformAgentDefault for SecureJarResource(playeranimator)
[14Apr2025 13:48:32.310] [main/DEBUG] [mixin/]: MixinPlatformAgentDefault accepted container SecureJarResource(playeranimator)
[14Apr2025 13:48:32.310] [main/DEBUG] [mixin/]: Processing prepare() for PlatformAgent[MixinPlatformAgentDefault:SecureJarResource(playeranimator)]
[14Apr2025 13:48:32.310] [main/DEBUG] [mixin/]: Registering mixin config: playerAnimator-common.mixins.json
[14Apr2025 13:48:32.312] [main/DEBUG] [mixin/]: Compatibility level JAVA_16 specified by playerAnimator-common.mixins.json is higher than the maximum level supported by this version of mixin (JAVA_13).
[14Apr2025 13:48:32.313] [main/DEBUG] [mixin/]: Adding mixin platform agents for container SecureJarResource(jei)
[14Apr2025 13:48:32.313] [main/DEBUG] [mixin/]: Instancing new MixinPlatformAgentMinecraftForge for SecureJarResource(jei)
[14Apr2025 13:48:32.313] [main/DEBUG] [mixin/]: MixinPlatformAgentMinecraftForge rejected container SecureJarResource(jei)
[14Apr2025 13:48:32.313] [main/DEBUG] [mixin/]: Instancing new MixinPlatformAgentDefault for SecureJarResource(jei)
[14Apr2025 13:48:32.313] [main/DEBUG] [mixin/]: MixinPlatformAgentDefault accepted container SecureJarResource(jei)
[14Apr2025 13:48:32.313] [main/DEBUG] [mixin/]: Processing prepare() for PlatformAgent[MixinPlatformAgentDefault:SecureJarResource(jei)]
[14Apr2025 13:48:32.313] [main/DEBUG] [mixin/]: Adding mixin platform agents for container SecureJarResource(kleeslabs)
[14Apr2025 13:48:32.313] [main/DEBUG] [mixin/]: Instancing new MixinPlatformAgentMinecraftForge for SecureJarResource(kleeslabs)
[14Apr2025 13:48:32.313] [main/DEBUG] [mixin/]: MixinPlatformAgentMinecraftForge rejected container SecureJarResource(kleeslabs)
[14Apr2025 13:48:32.313] [main/DEBUG] [mixin/]: Instancing new MixinPlatformAgentDefault for SecureJarResource(kleeslabs)
[14Apr2025 13:48:32.313] [main/DEBUG] [mixin/]: MixinPlatformAgentDefault accepted container SecureJarResource(kleeslabs)
[14Apr2025 13:48:32.314] [main/DEBUG] [mixin/]: Processing prepare() for PlatformAgent[MixinPlatformAgentDefault:SecureJarResource(kleeslabs)]
[14Apr2025 13:48:32.314] [main/DEBUG] [mixin/]: Registering mixin config: kleeslabs.mixins.json
[14Apr2025 13:48:32.315] [main/DEBUG] [mixin/]: Adding mixin platform agents for container SecureJarResource(neat)
[14Apr2025 13:48:32.316] [main/DEBUG] [mixin/]: Instancing new MixinPlatformAgentMinecraftForge for SecureJarResource(neat)
[14Apr2025 13:48:32.316] [main/DEBUG] [mixin/]: MixinPlatformAgentMinecraftForge rejected container SecureJarResource(neat)
[14Apr2025 13:48:32.316] [main/DEBUG] [mixin/]: Instancing new MixinPlatformAgentDefault for SecureJarResource(neat)
[14Apr2025 13:48:32.316] [main/DEBUG] [mixin/]: MixinPlatformAgentDefault accepted container SecureJarResource(neat)
[14Apr2025 13:48:32.317] [main/DEBUG] [mixin/]: Processing prepare() for PlatformAgent[MixinPlatformAgentDefault:SecureJarResource(neat)]
[14Apr2025 13:48:32.317] [main/DEBUG] [mixin/]: Registering mixin config: neat.mixins.json
[14Apr2025 13:48:32.319] [main/DEBUG] [mixin/]: Adding mixin platform agents for container SecureJarResource(waystones)
[14Apr2025 13:48:32.319] [main/DEBUG] [mixin/]: Instancing new MixinPlatformAgentMinecraftForge for SecureJarResource(waystones)
[14Apr2025 13:48:32.320] [main/DEBUG] [mixin/]: MixinPlatformAgentMinecraftForge rejected container SecureJarResource(waystones)
[14Apr2025 13:48:32.320] [main/DEBUG] [mixin/]: Instancing new MixinPlatformAgentDefault for SecureJarResource(waystones)
[14Apr2025 13:48:32.320] [main/DEBUG] [mixin/]: MixinPlatformAgentDefault accepted container SecureJarResource(waystones)
[14Apr2025 13:48:32.320] [main/DEBUG] [mixin/]: Processing prepare() for PlatformAgent[MixinPlatformAgentDefault:SecureJarResource(waystones)]
[14Apr2025 13:48:32.321] [main/DEBUG] [mixin/]: Registering mixin config: waystones.mixins.json
[14Apr2025 13:48:32.323] [main/DEBUG] [mixin/]: Adding mixin platform agents for container SecureJarResource(epicfight)
[14Apr2025 13:48:32.323] [main/DEBUG] [mixin/]: Instancing new MixinPlatformAgentMinecraftForge for SecureJarResource(epicfight)
[14Apr2025 13:48:32.324] [main/DEBUG] [mixin/]: MixinPlatformAgentMinecraftForge rejected container SecureJarResource(epicfight)
[14Apr2025 13:48:32.324] [main/DEBUG] [mixin/]: Instancing new MixinPlatformAgentDefault for SecureJarResource(epicfight)
[14Apr2025 13:48:32.324] [main/DEBUG] [mixin/]: MixinPlatformAgentDefault accepted container SecureJarResource(epicfight)
[14Apr2025 13:48:32.324] [main/DEBUG] [mixin/]: Processing prepare() for PlatformAgent[MixinPlatformAgentDefault:SecureJarResource(epicfight)]
[14Apr2025 13:48:32.324] [main/DEBUG] [mixin/]: Registering mixin config: mixins.epicfight.json
[14Apr2025 13:48:32.328] [main/DEBUG] [mixin/]: Adding mixin platform agents for container SecureJarResource(xaeroworldmap)
[14Apr2025 13:48:32.328] [main/DEBUG] [mixin/]: Instancing new MixinPlatformAgentMinecraftForge for SecureJarResource(xaeroworldmap)
[14Apr2025 13:48:32.328] [main/DEBUG] [mixin/]: MixinPlatformAgentMinecraftForge rejected container SecureJarResource(xaeroworldmap)
[14Apr2025 13:48:32.328] [main/DEBUG] [mixin/]: Instancing new MixinPlatformAgentDefault for SecureJarResource(xaeroworldmap)
[14Apr2025 13:48:32.328] [main/DEBUG] [mixin/]: MixinPlatformAgentDefault accepted container SecureJarResource(xaeroworldmap)
[14Apr2025 13:48:32.329] [main/DEBUG] [mixin/]: Processing prepare() for PlatformAgent[MixinPlatformAgentDefault:SecureJarResource(xaeroworldmap)]
[14Apr2025 13:48:32.329] [main/DEBUG] [mixin/]: Adding mixin platform agents for container SecureJarResource(citadel)
[14Apr2025 13:48:32.329] [main/DEBUG] [mixin/]: Instancing new MixinPlatformAgentMinecraftForge for SecureJarResource(citadel)
[14Apr2025 13:48:32.329] [main/DEBUG] [mixin/]: MixinPlatformAgentMinecraftForge rejected container SecureJarResource(citadel)
[14Apr2025 13:48:32.329] [main/DEBUG] [mixin/]: Instancing new MixinPlatformAgentDefault for SecureJarResource(citadel)
[14Apr2025 13:48:32.329] [main/DEBUG] [mixin/]: MixinPlatformAgentDefault accepted container SecureJarResource(citadel)
[14Apr2025 13:48:32.329] [main/DEBUG] [mixin/]: Processing prepare() for PlatformAgent[MixinPlatformAgentDefault:SecureJarResource(citadel)]
[14Apr2025 13:48:32.329] [main/DEBUG] [mixin/]: Registering mixin config: citadel.mixins.json
[14Apr2025 13:48:32.331] [main/DEBUG] [mixin/]: Adding mixin platform agents for container SecureJarResource(alexsmobs)
[14Apr2025 13:48:32.331] [main/DEBUG] [mixin/]: Instancing new MixinPlatformAgentMinecraftForge for SecureJarResource(alexsmobs)
[14Apr2025 13:48:32.332] [main/DEBUG] [mixin/]: MixinPlatformAgentMinecraftForge rejected container SecureJarResource(alexsmobs)
[14Apr2025 13:48:32.332] [main/DEBUG] [mixin/]: Instancing new MixinPlatformAgentDefault for SecureJarResource(alexsmobs)
[14Apr2025 13:48:32.332] [main/DEBUG] [mixin/]: MixinPlatformAgentDefault accepted container SecureJarResource(alexsmobs)
[14Apr2025 13:48:32.332] [main/DEBUG] [mixin/]: Processing prepare() for PlatformAgent[MixinPlatformAgentDefault:SecureJarResource(alexsmobs)]
[14Apr2025 13:48:32.332] [main/DEBUG] [mixin/]: Registering mixin config: citadel.mixins.json
[14Apr2025 13:48:32.332] [main/DEBUG] [mixin/]: Adding mixin platform agents for container SecureJarResource(travelersbackpack)
[14Apr2025 13:48:32.332] [main/DEBUG] [mixin/]: Instancing new MixinPlatformAgentMinecraftForge for SecureJarResource(travelersbackpack)
[14Apr2025 13:48:32.332] [main/DEBUG] [mixin/]: MixinPlatformAgentMinecraftForge rejected container SecureJarResource(travelersbackpack)
[14Apr2025 13:48:32.332] [main/DEBUG] [mixin/]: Instancing new MixinPlatformAgentDefault for SecureJarResource(travelersbackpack)
[14Apr2025 13:48:32.332] [main/DEBUG] [mixin/]: MixinPlatformAgentDefault accepted container SecureJarResource(travelersbackpack)
[14Apr2025 13:48:32.332] [main/DEBUG] [mixin/]: Processing prepare() for PlatformAgent[MixinPlatformAgentDefault:SecureJarResource(travelersbackpack)]
[14Apr2025 13:48:32.332] [main/DEBUG] [mixin/]: Registering mixin config: mixins.travelersbackpack.json
[14Apr2025 13:48:32.334] [main/DEBUG] [mixin/]: Adding mixin platform agents for container SecureJarResource(mixinextras)
[14Apr2025 13:48:32.334] [main/DEBUG] [mixin/]: Instancing new MixinPlatformAgentMinecraftForge for SecureJarResource(mixinextras)
[14Apr2025 13:48:32.334] [main/DEBUG] [mixin/]: MixinPlatformAgentMinecraftForge rejected container SecureJarResource(mixinextras)
[14Apr2025 13:48:32.335] [main/DEBUG] [mixin/]: Instancing new MixinPlatformAgentDefault for SecureJarResource(mixinextras)
[14Apr2025 13:48:32.335] [main/DEBUG] [mixin/]: MixinPlatformAgentDefault accepted container SecureJarResource(mixinextras)
[14Apr2025 13:48:32.335] [main/DEBUG] [mixin/]: Processing prepare() for PlatformAgent[MixinPlatformAgentDefault:SecureJarResource(mixinextras)]
[14Apr2025 13:48:32.335] [main/DEBUG] [mixin/]: Registering mixin config: mixinextras.init.mixins.json
[14Apr2025 13:48:32.337] [main/DEBUG] [mixin/]: Adding mixin platform agents for container SecureJarResource(iceandfire)
[14Apr2025 13:48:32.337] [main/DEBUG] [mixin/]: Instancing new MixinPlatformAgentMinecraftForge for SecureJarResource(iceandfire)
[14Apr2025 13:48:32.338] [main/DEBUG] [mixin/]: MixinPlatformAgentMinecraftForge rejected container SecureJarResource(iceandfire)
[14Apr2025 13:48:32.338] [main/DEBUG] [mixin/]: Instancing new MixinPlatformAgentDefault for SecureJarResource(iceandfire)
[14Apr2025 13:48:32.338] [main/DEBUG] [mixin/]: MixinPlatformAgentDefault accepted container SecureJarResource(iceandfire)
[14Apr2025 13:48:32.338] [main/DEBUG] [mixin/]: Processing prepare() for PlatformAgent[MixinPlatformAgentDefault:SecureJarResource(iceandfire)]
[14Apr2025 13:48:32.339] [main/DEBUG] [mixin/]: Registering mixin config: iceandfire.mixins.json
[14Apr2025 13:48:32.340] [main/DEBUG] [mixin/]: Adding mixin platform agents for container SecureJarResource(balm)
[14Apr2025 13:48:32.340] [main/DEBUG] [mixin/]: Instancing new MixinPlatformAgentMinecraftForge for SecureJarResource(balm)
[14Apr2025 13:48:32.342] [main/DEBUG] [mixin/]: MixinPlatformAgentMinecraftForge rejected container SecureJarResource(balm)
[14Apr2025 13:48:32.342] [main/DEBUG] [mixin/]: Instancing new MixinPlatformAgentDefault for SecureJarResource(balm)
[14Apr2025 13:48:32.342] [main/DEBUG] [mixin/]: MixinPlatformAgentDefault accepted container SecureJarResource(balm)
[14Apr2025 13:48:32.342] [main/DEBUG] [mixin/]: Processing prepare() for PlatformAgent[MixinPlatformAgentDefault:SecureJarResource(balm)]
[14Apr2025 13:48:32.342] [main/DEBUG] [mixin/]: Registering mixin config: balm.mixins.json
[14Apr2025 13:48:32.344] [main/DEBUG] [mixin/]: Adding mixin platform agents for container SecureJarResource(terralith)
[14Apr2025 13:48:32.344] [main/DEBUG] [mixin/]: Instancing new MixinPlatformAgentMinecraftForge for SecureJarResource(terralith)
[14Apr2025 13:48:32.344] [main/DEBUG] [mixin/]: MixinPlatformAgentMinecraftForge rejected container SecureJarResource(terralith)
[14Apr2025 13:48:32.344] [main/DEBUG] [mixin/]: Instancing new MixinPlatformAgentDefault for SecureJarResource(terralith)
[14Apr2025 13:48:32.344] [main/DEBUG] [mixin/]: MixinPlatformAgentDefault accepted container SecureJarResource(terralith)
[14Apr2025 13:48:32.344] [main/DEBUG] [mixin/]: Processing prepare() for PlatformAgent[MixinPlatformAgentDefault:SecureJarResource(terralith)]
[14Apr2025 13:48:32.344] [main/DEBUG] [mixin/]: Adding mixin platform agents for container SecureJarResource(carryon)
[14Apr2025 13:48:32.344] [main/DEBUG] [mixin/]: Instancing new MixinPlatformAgentMinecraftForge for SecureJarResource(carryon)
[14Apr2025 13:48:32.344] [main/DEBUG] [mixin/]: MixinPlatformAgentMinecraftForge rejected container SecureJarResource(carryon)
[14Apr2025 13:48:32.345] [main/DEBUG] [mixin/]: Instancing new MixinPlatformAgentDefault for SecureJarResource(carryon)
[14Apr2025 13:48:32.345] [main/DEBUG] [mixin/]: MixinPlatformAgentDefault accepted container SecureJarResource(carryon)
[14Apr2025 13:48:32.345] [main/DEBUG] [mixin/]: Processing prepare() for PlatformAgent[MixinPlatformAgentDefault:SecureJarResource(carryon)]
[14Apr2025 13:48:32.345] [main/DEBUG] [mixin/]: Registering mixin config: carryon.mixins.json
[14Apr2025 13:48:32.351] [main/DEBUG] [mixin/]: Registering mixin config: carryon.forge.mixins.json
[14Apr2025 13:48:32.353] [main/DEBUG] [mixin/]: Adding mixin platform agents for container SecureJarResource(sodiumoptionsapi)
[14Apr2025 13:48:32.353] [main/DEBUG] [mixin/]: Instancing new MixinPlatformAgentMinecraftForge for SecureJarResource(sodiumoptionsapi)
[14Apr2025 13:48:32.353] [main/DEBUG] [mixin/]: MixinPlatformAgentMinecraftForge rejected container SecureJarResource(sodiumoptionsapi)
[14Apr2025 13:48:32.353] [main/DEBUG] [mixin/]: Instancing new MixinPlatformAgentDefault for SecureJarResource(sodiumoptionsapi)
[14Apr2025 13:48:32.353] [main/DEBUG] [mixin/]: MixinPlatformAgentDefault accepted container SecureJarResource(sodiumoptionsapi)
[14Apr2025 13:48:32.353] [main/DEBUG] [mixin/]: Processing prepare() for PlatformAgent[MixinPlatformAgentDefault:SecureJarResource(sodiumoptionsapi)]
[14Apr2025 13:48:32.353] [main/DEBUG] [mixin/]: Registering mixin config: mixins.sodiumoptionsapi.json
[14Apr2025 13:48:32.356] [main/DEBUG] [mixin/]: Adding mixin platform agents for container SecureJarResource(jeresources)
[14Apr2025 13:48:32.356] [main/DEBUG] [mixin/]: Instancing new MixinPlatformAgentMinecraftForge for SecureJarResource(jeresources)
[14Apr2025 13:48:32.356] [main/DEBUG] [mixin/]: MixinPlatformAgentMinecraftForge rejected container SecureJarResource(jeresources)
[14Apr2025 13:48:32.356] [main/DEBUG] [mixin/]: Instancing new MixinPlatformAgentDefault for SecureJarResource(jeresources)
[14Apr2025 13:48:32.356] [main/DEBUG] [mixin/]: MixinPlatformAgentDefault accepted container SecureJarResource(jeresources)
[14Apr2025 13:48:32.356] [main/DEBUG] [mixin/]: Processing prepare() for PlatformAgent[MixinPlatformAgentDefault:SecureJarResource(jeresources)]
[14Apr2025 13:48:32.356] [main/DEBUG] [mixin/]: Adding mixin platform agents for container SecureJarResource(puzzlesaccessapi)
[14Apr2025 13:48:32.356] [main/DEBUG] [mixin/]: Instancing new MixinPlatformAgentMinecraftForge for SecureJarResource(puzzlesaccessapi)
[14Apr2025 13:48:32.356] [main/DEBUG] [mixin/]: MixinPlatformAgentMinecraftForge rejected container SecureJarResource(puzzlesaccessapi)
[14Apr2025 13:48:32.356] [main/DEBUG] [mixin/]: Instancing new MixinPlatformAgentDefault for SecureJarResource(puzzlesaccessapi)
[14Apr2025 13:48:32.357] [main/DEBUG] [mixin/]: MixinPlatformAgentDefault accepted container SecureJarResource(puzzlesaccessapi)
[14Apr2025 13:48:32.357] [main/DEBUG] [mixin/]: Processing prepare() for PlatformAgent[MixinPlatformAgentDefault:SecureJarResource(puzzlesaccessapi)]
[14Apr2025 13:48:32.357] [main/DEBUG] [mixin/]: Registering mixin config: puzzlesaccessapi.common.mixins.json
[14Apr2025 13:48:32.359] [main/DEBUG] [mixin/]: Registering mixin config: puzzlesaccessapi.forge.mixins.json
[14Apr2025 13:48:32.360] [main/DEBUG] [mixin/]: Adding mixin platform agents for container SecureJarResource(cloth_config)
[14Apr2025 13:48:32.360] [main/DEBUG] [mixin/]: Instancing new MixinPlatformAgentMinecraftForge for SecureJarResource(cloth_config)
[14Apr2025 13:48:32.360] [main/DEBUG] [mixin/]: MixinPlatformAgentMinecraftForge rejected container SecureJarResource(cloth_config)
[14Apr2025 13:48:32.360] [main/DEBUG] [mixin/]: Instancing new MixinPlatformAgentDefault for SecureJarResource(cloth_config)
[14Apr2025 13:48:32.360] [main/DEBUG] [mixin/]: MixinPlatformAgentDefault accepted container SecureJarResource(cloth_config)
[14Apr2025 13:48:32.360] [main/DEBUG] [mixin/]: Processing prepare() for PlatformAgent[MixinPlatformAgentDefault:SecureJarResource(cloth_config)]
[14Apr2025 13:48:32.360] [main/DEBUG] [mixin/]: Adding mixin platform agents for container SecureJarResource(forge)
[14Apr2025 13:48:32.360] [main/DEBUG] [mixin/]: Instancing new MixinPlatformAgentMinecraftForge for SecureJarResource(forge)
[14Apr2025 13:48:32.360] [main/DEBUG] [mixin/]: MixinPlatformAgentMinecraftForge rejected container SecureJarResource(forge)
[14Apr2025 13:48:32.360] [main/DEBUG] [mixin/]: Instancing new MixinPlatformAgentDefault for SecureJarResource(forge)
[14Apr2025 13:48:32.361] [main/DEBUG] [mixin/]: MixinPlatformAgentDefault accepted container SecureJarResource(forge)
[14Apr2025 13:48:32.361] [main/DEBUG] [mixin/]: Processing prepare() for PlatformAgent[MixinPlatformAgentDefault:SecureJarResource(forge)]
[14Apr2025 13:48:32.361] [main/DEBUG] [mixin/]: Adding mixin platform agents for container SecureJarResource(sodiumdynamiclights)
[14Apr2025 13:48:32.361] [main/DEBUG] [mixin/]: Instancing new MixinPlatformAgentMinecraftForge for SecureJarResource(sodiumdynamiclights)
[14Apr2025 13:48:32.361] [main/DEBUG] [mixin/]: MixinPlatformAgentMinecraftForge rejected container SecureJarResource(sodiumdynamiclights)
[14Apr2025 13:48:32.361] [main/DEBUG] [mixin/]: Instancing new MixinPlatformAgentDefault for SecureJarResource(sodiumdynamiclights)
[14Apr2025 13:48:32.361] [main/DEBUG] [mixin/]: MixinPlatformAgentDefault accepted container SecureJarResource(sodiumdynamiclights)
[14Apr2025 13:48:32.361] [main/DEBUG] [mixin/]: Processing prepare() for PlatformAgent[MixinPlatformAgentDefault:SecureJarResource(sodiumdynamiclights)]
[14Apr2025 13:48:32.361] [main/DEBUG] [mixin/]: Registering mixin config: mixins.sodiumdynamiclights.json
[14Apr2025 13:48:32.362] [main/DEBUG] [mixin/]: Adding mixin platform agents for container SecureJarResource(konkrete)
[14Apr2025 13:48:32.362] [main/DEBUG] [mixin/]: Instancing new MixinPlatformAgentMinecraftForge for SecureJarResource(konkrete)
[14Apr2025 13:48:32.363] [main/DEBUG] [mixin/]: MixinPlatformAgentMinecraftForge rejected container SecureJarResource(konkrete)
[14Apr2025 13:48:32.363] [main/DEBUG] [mixin/]: Instancing new MixinPlatformAgentDefault for SecureJarResource(konkrete)
[14Apr2025 13:48:32.363] [main/DEBUG] [mixin/]: MixinPlatformAgentDefault accepted container SecureJarResource(konkrete)
[14Apr2025 13:48:32.363] [main/DEBUG] [mixin/]: Processing prepare() for PlatformAgent[MixinPlatformAgentDefault:SecureJarResource(konkrete)]
[14Apr2025 13:48:32.363] [main/DEBUG] [mixin/]: Registering mixin config: konkrete.mixin.json
[14Apr2025 13:48:32.365] [main/DEBUG] [mixin/]: Adding mixin platform agents for container SecureJarResource(embeddium)
[14Apr2025 13:48:32.365] [main/DEBUG] [mixin/]: Instancing new MixinPlatformAgentMinecraftForge for SecureJarResource(embeddium)
[14Apr2025 13:48:32.365] [main/DEBUG] [mixin/]: MixinPlatformAgentMinecraftForge rejected container SecureJarResource(embeddium)
[14Apr2025 13:48:32.365] [main/DEBUG] [mixin/]: Instancing new MixinPlatformAgentDefault for SecureJarResource(embeddium)
[14Apr2025 13:48:32.366] [main/DEBUG] [mixin/]: MixinPlatformAgentDefault accepted container SecureJarResource(embeddium)
[14Apr2025 13:48:32.366] [main/DEBUG] [mixin/]: Processing prepare() for PlatformAgent[MixinPlatformAgentDefault:SecureJarResource(embeddium)]
[14Apr2025 13:48:32.366] [main/DEBUG] [mixin/]: Registering mixin config: embeddium.mixins.json
[14Apr2025 13:48:32.367] [main/DEBUG] [mixin/]: Adding mixin platform agents for container SecureJarResource(corpse)
[14Apr2025 13:48:32.368] [main/DEBUG] [mixin/]: Instancing new MixinPlatformAgentMinecraftForge for SecureJarResource(corpse)
[14Apr2025 13:48:32.368] [main/DEBUG] [mixin/]: MixinPlatformAgentMinecraftForge rejected container SecureJarResource(corpse)
[14Apr2025 13:48:32.368] [main/DEBUG] [mixin/]: Instancing new MixinPlatformAgentDefault for SecureJarResource(corpse)
[14Apr2025 13:48:32.368] [main/DEBUG] [mixin/]: MixinPlatformAgentDefault accepted container SecureJarResource(corpse)
[14Apr2025 13:48:32.369] [main/DEBUG] [mixin/]: Processing prepare() for PlatformAgent[MixinPlatformAgentDefault:SecureJarResource(corpse)]
[14Apr2025 13:48:32.369] [main/DEBUG] [mixin/]: Adding mixin platform agents for container SecureJarResource(minecraft)
[14Apr2025 13:48:32.369] [main/DEBUG] [mixin/]: Instancing new MixinPlatformAgentMinecraftForge for SecureJarResource(minecraft)
[14Apr2025 13:48:32.370] [main/DEBUG] [mixin/]: MixinPlatformAgentMinecraftForge rejected container SecureJarResource(minecraft)
[14Apr2025 13:48:32.370] [main/DEBUG] [mixin/]: Instancing new MixinPlatformAgentDefault for SecureJarResource(minecraft)
[14Apr2025 13:48:32.371] [main/DEBUG] [mixin/]: MixinPlatformAgentDefault accepted container SecureJarResource(minecraft)
[14Apr2025 13:48:32.371] [main/DEBUG] [mixin/]: Processing prepare() for PlatformAgent[MixinPlatformAgentDefault:SecureJarResource(minecraft)]
[14Apr2025 13:48:32.371] [main/DEBUG] [mixin/]: Adding mixin platform agents for container SecureJarResource(farmersdelight)
[14Apr2025 13:48:32.372] [main/DEBUG] [mixin/]: Instancing new MixinPlatformAgentMinecraftForge for SecureJarResource(farmersdelight)
[14Apr2025 13:48:32.372] [main/DEBUG] [mixin/]: MixinPlatformAgentMinecraftForge rejected container SecureJarResource(farmersdelight)
[14Apr2025 13:48:32.373] [main/DEBUG] [mixin/]: Instancing new MixinPlatformAgentDefault for SecureJarResource(farmersdelight)
[14Apr2025 13:48:32.373] [main/DEBUG] [mixin/]: MixinPlatformAgentDefault accepted container SecureJarResource(farmersdelight)
[14Apr2025 13:48:32.373] [main/DEBUG] [mixin/]: Processing prepare() for PlatformAgent[MixinPlatformAgentDefault:SecureJarResource(farmersdelight)]
[14Apr2025 13:48:32.373] [main/DEBUG] [mixin/]: Registering mixin config: farmersdelight.mixins.json
[14Apr2025 13:48:32.375] [main/DEBUG] [mixin/]: Adding mixin platform agents for container SecureJarResource(fabric_api_base)
[14Apr2025 13:48:32.375] [main/DEBUG] [mixin/]: Instancing new MixinPlatformAgentMinecraftForge for SecureJarResource(fabric_api_base)
[14Apr2025 13:48:32.375] [main/DEBUG] [mixin/]: MixinPlatformAgentMinecraftForge rejected container SecureJarResource(fabric_api_base)
[14Apr2025 13:48:32.375] [main/DEBUG] [mixin/]: Instancing new MixinPlatformAgentDefault for SecureJarResource(fabric_api_base)
[14Apr2025 13:48:32.376] [main/DEBUG] [mixin/]: MixinPlatformAgentDefault accepted container SecureJarResource(fabric_api_base)
[14Apr2025 13:48:32.376] [main/DEBUG] [mixin/]: Processing prepare() for PlatformAgent[MixinPlatformAgentDefault:SecureJarResource(fabric_api_base)]
[14Apr2025 13:48:32.376] [main/DEBUG] [mixin/]: Registering mixin config: fabric-api-base.init.mixins.json
[14Apr2025 13:48:32.377] [main/DEBUG] [mixin/]: Adding mixin platform agents for container SecureJarResource(necronomicon)
[14Apr2025 13:48:32.377] [main/DEBUG] [mixin/]: Instancing new MixinPlatformAgentMinecraftForge for SecureJarResource(necronomicon)
[14Apr2025 13:48:32.377] [main/DEBUG] [mixin/]: MixinPlatformAgentMinecraftForge rejected container SecureJarResource(necronomicon)
[14Apr2025 13:48:32.377] [main/DEBUG] [mixin/]: Instancing new MixinPlatformAgentDefault for SecureJarResource(necronomicon)
[14Apr2025 13:48:32.377] [main/DEBUG] [mixin/]: MixinPlatformAgentDefault accepted container SecureJarResource(necronomicon)
[14Apr2025 13:48:32.377] [main/DEBUG] [mixin/]: Processing prepare() for PlatformAgent[MixinPlatformAgentDefault:SecureJarResource(necronomicon)]
[14Apr2025 13:48:32.377] [main/DEBUG] [mixin/]: Registering mixin config: necronomicon-common.mixins.json
[14Apr2025 13:48:32.378] [main/DEBUG] [mixin/]: Adding mixin platform agents for container SecureJarResource(jade)
[14Apr2025 13:48:32.378] [main/DEBUG] [mixin/]: Instancing new MixinPlatformAgentMinecraftForge for SecureJarResource(jade)
[14Apr2025 13:48:32.378] [main/DEBUG] [mixin/]: MixinPlatformAgentMinecraftForge rejected container SecureJarResource(jade)
[14Apr2025 13:48:32.378] [main/DEBUG] [mixin/]: Instancing new MixinPlatformAgentDefault for SecureJarResource(jade)
[14Apr2025 13:48:32.378] [main/DEBUG] [mixin/]: MixinPlatformAgentDefault accepted container SecureJarResource(jade)
[14Apr2025 13:48:32.378] [main/DEBUG] [mixin/]: Processing prepare() for PlatformAgent[MixinPlatformAgentDefault:SecureJarResource(jade)]
[14Apr2025 13:48:32.378] [main/DEBUG] [mixin/]: Registering mixin config: jade.mixins.json
[14Apr2025 13:48:32.379] [main/DEBUG] [mixin/]: Compatibility level JAVA_16 specified by jade.mixins.json is higher than the maximum level supported by this version of mixin (JAVA_13).
[14Apr2025 13:48:32.380] [main/DEBUG] [mixin/]: Adding mixin platform agents for container SecureJarResource(creativecore)
[14Apr2025 13:48:32.380] [main/DEBUG] [mixin/]: Instancing new MixinPlatformAgentMinecraftForge for SecureJarResource(creativecore)
[14Apr2025 13:48:32.380] [main/DEBUG] [mixin/]: MixinPlatformAgentMinecraftForge rejected container SecureJarResource(creativecore)
[14Apr2025 13:48:32.380] [main/DEBUG] [mixin/]: Instancing new MixinPlatformAgentDefault for SecureJarResource(creativecore)
[14Apr2025 13:48:32.380] [main/DEBUG] [mixin/]: MixinPlatformAgentDefault accepted container SecureJarResource(creativecore)
[14Apr2025 13:48:32.380] [main/DEBUG] [mixin/]: Processing prepare() for PlatformAgent[MixinPlatformAgentDefault:SecureJarResource(creativecore)]
[14Apr2025 13:48:32.380] [main/DEBUG] [mixin/]: Registering mixin config: creativecore.mixins.json
[14Apr2025 13:48:32.382] [main/DEBUG] [mixin/]: Registering mixin config: creativecore.forge.mixins.json
[14Apr2025 13:48:32.385] [main/DEBUG] [mixin/]: Adding mixin platform agents for container SecureJarResource(cleanswing)
[14Apr2025 13:48:32.385] [main/DEBUG] [mixin/]: Instancing new MixinPlatformAgentMinecraftForge for SecureJarResource(cleanswing)
[14Apr2025 13:48:32.386] [main/DEBUG] [mixin/]: MixinPlatformAgentMinecraftForge rejected container SecureJarResource(cleanswing)
[14Apr2025 13:48:32.386] [main/DEBUG] [mixin/]: Instancing new MixinPlatformAgentDefault for SecureJarResource(cleanswing)
[14Apr2025 13:48:32.386] [main/DEBUG] [mixin/]: MixinPlatformAgentDefault accepted container SecureJarResource(cleanswing)
[14Apr2025 13:48:32.386] [main/DEBUG] [mixin/]: Processing prepare() for PlatformAgent[MixinPlatformAgentDefault:SecureJarResource(cleanswing)]
[14Apr2025 13:48:32.386] [main/DEBUG] [mixin/]: Adding mixin platform agents for container SecureJarResource(xaerominimap)
[14Apr2025 13:48:32.387] [main/DEBUG] [mixin/]: Instancing new MixinPlatformAgentMinecraftForge for SecureJarResource(xaerominimap)
[14Apr2025 13:48:32.387] [main/DEBUG] [mixin/]: MixinPlatformAgentMinecraftForge rejected container SecureJarResource(xaerominimap)
[14Apr2025 13:48:32.387] [main/DEBUG] [mixin/]: Instancing new MixinPlatformAgentDefault for SecureJarResource(xaerominimap)
[14Apr2025 13:48:32.387] [main/DEBUG] [mixin/]: MixinPlatformAgentDefault accepted container SecureJarResource(xaerominimap)
[14Apr2025 13:48:32.388] [main/DEBUG] [mixin/]: Processing prepare() for PlatformAgent[MixinPlatformAgentDefault:SecureJarResource(xaerominimap)]
[14Apr2025 13:48:32.388] [main/DEBUG] [mixin/]: Adding mixin platform agents for container SecureJarResource(collective)
[14Apr2025 13:48:32.388] [main/DEBUG] [mixin/]: Instancing new MixinPlatformAgentMinecraftForge for SecureJarResource(collective)
[14Apr2025 13:48:32.388] [main/DEBUG] [mixin/]: MixinPlatformAgentMinecraftForge rejected container SecureJarResource(collective)
[14Apr2025 13:48:32.388] [main/DEBUG] [mixin/]: Instancing new MixinPlatformAgentDefault for SecureJarResource(collective)
[14Apr2025 13:48:32.388] [main/DEBUG] [mixin/]: MixinPlatformAgentDefault accepted container SecureJarResource(collective)
[14Apr2025 13:48:32.388] [main/DEBUG] [mixin/]: Processing prepare() for PlatformAgent[MixinPlatformAgentDefault:SecureJarResource(collective)]
[14Apr2025 13:48:32.388] [main/DEBUG] [mixin/]: Registering mixin config: collective_forge.mixins.json
[14Apr2025 13:48:32.390] [main/DEBUG] [mixin/]: Adding mixin platform agents for container SecureJarResource(dragonseeker)
[14Apr2025 13:48:32.390] [main/DEBUG] [mixin/]: Instancing new MixinPlatformAgentMinecraftForge for SecureJarResource(dragonseeker)
[14Apr2025 13:48:32.390] [main/DEBUG] [mixin/]: MixinPlatformAgentMinecraftForge rejected container SecureJarResource(dragonseeker)
[14Apr2025 13:48:32.390] [main/DEBUG] [mixin/]: Instancing new MixinPlatformAgentDefault for SecureJarResource(dragonseeker)
[14Apr2025 13:48:32.391] [main/DEBUG] [mixin/]: MixinPlatformAgentDefault accepted container SecureJarResource(dragonseeker)
[14Apr2025 13:48:32.391] [main/DEBUG] [mixin/]: Processing prepare() for PlatformAgent[MixinPlatformAgentDefault:SecureJarResource(dragonseeker)]
[14Apr2025 13:48:32.391] [main/DEBUG] [mixin/]: Adding mixin platform agents for container SecureJarResource(securitycraft)
[14Apr2025 13:48:32.391] [main/DEBUG] [mixin/]: Instancing new MixinPlatformAgentMinecraftForge for SecureJarResource(securitycraft)
[14Apr2025 13:48:32.392] [main/DEBUG] [mixin/]: MixinPlatformAgentMinecraftForge rejected container SecureJarResource(securitycraft)
[14Apr2025 13:48:32.392] [main/DEBUG] [mixin/]: Instancing new MixinPlatformAgentDefault for SecureJarResource(securitycraft)
[14Apr2025 13:48:32.392] [main/DEBUG] [mixin/]: MixinPlatformAgentDefault accepted container SecureJarResource(securitycraft)
[14Apr2025 13:48:32.392] [main/DEBUG] [mixin/]: Processing prepare() for PlatformAgent[MixinPlatformAgentDefault:SecureJarResource(securitycraft)]
[14Apr2025 13:48:32.392] [main/DEBUG] [mixin/]: Registering mixin config: securitycraft.mixins.json
[14Apr2025 13:48:32.394] [main/DEBUG] [mixin/]: Adding mixin platform agents for container SecureJarResource(inventoryhud)
[14Apr2025 13:48:32.394] [main/DEBUG] [mixin/]: Instancing new MixinPlatformAgentMinecraftForge for SecureJarResource(inventoryhud)
[14Apr2025 13:48:32.394] [main/DEBUG] [mixin/]: MixinPlatformAgentMinecraftForge rejected container SecureJarResource(inventoryhud)
[14Apr2025 13:48:32.394] [main/DEBUG] [mixin/]: Instancing new MixinPlatformAgentDefault for SecureJarResource(inventoryhud)
[14Apr2025 13:48:32.394] [main/DEBUG] [mixin/]: MixinPlatformAgentDefault accepted container SecureJarResource(inventoryhud)
[14Apr2025 13:48:32.395] [main/DEBUG] [mixin/]: Processing prepare() for PlatformAgent[MixinPlatformAgentDefault:SecureJarResource(inventoryhud)]
[14Apr2025 13:48:32.395] [main/DEBUG] [mixin/]: Adding mixin platform agents for container SecureJarResource(architectury)
[14Apr2025 13:48:32.395] [main/DEBUG] [mixin/]: Instancing new MixinPlatformAgentMinecraftForge for SecureJarResource(architectury)
[14Apr2025 13:48:32.395] [main/DEBUG] [mixin/]: MixinPlatformAgentMinecraftForge rejected container SecureJarResource(architectury)
[14Apr2025 13:48:32.395] [main/DEBUG] [mixin/]: Instancing new MixinPlatformAgentDefault for SecureJarResource(architectury)
[14Apr2025 13:48:32.395] [main/DEBUG] [mixin/]: MixinPlatformAgentDefault accepted container SecureJarResource(architectury)
[14Apr2025 13:48:32.395] [main/DEBUG] [mixin/]: Processing prepare() for PlatformAgent[MixinPlatformAgentDefault:SecureJarResource(architectury)]
[14Apr2025 13:48:32.395] [main/DEBUG] [mixin/]: Registering mixin config: architectury.mixins.json
[14Apr2025 13:48:32.398] [main/DEBUG] [mixin/]: Compatibility level JAVA_16 specified by architectury.mixins.json is higher than the maximum level supported by this version of mixin (JAVA_13).
[14Apr2025 13:48:32.399] [main/DEBUG] [mixin/]: Registering mixin config: architectury-common.mixins.json
[14Apr2025 13:48:32.400] [main/DEBUG] [mixin/]: Compatibility level JAVA_16 specified by architectury-common.mixins.json is higher than the maximum level supported by this version of mixin (JAVA_13).
[14Apr2025 13:48:32.400] [main/DEBUG] [mixin/]: Adding mixin platform agents for container SecureJarResource(mca)
[14Apr2025 13:48:32.400] [main/DEBUG] [mixin/]: Instancing new MixinPlatformAgentMinecraftForge for SecureJarResource(mca)
[14Apr2025 13:48:32.400] [main/DEBUG] [mixin/]: MixinPlatformAgentMinecraftForge rejected container SecureJarResource(mca)
[14Apr2025 13:48:32.400] [main/DEBUG] [mixin/]: Instancing new MixinPlatformAgentDefault for SecureJarResource(mca)
[14Apr2025 13:48:32.400] [main/DEBUG] [mixin/]: MixinPlatformAgentDefault accepted container SecureJarResource(mca)
[14Apr2025 13:48:32.400] [main/DEBUG] [mixin/]: Processing prepare() for PlatformAgent[MixinPlatformAgentDefault:SecureJarResource(mca)]
[14Apr2025 13:48:32.400] [main/DEBUG] [mixin/]: Registering mixin config: forge-mca.mixin.json
[14Apr2025 13:48:32.405] [main/DEBUG] [mixin/]: Adding mixin platform agents for container SecureJarResource(simplyswords)
[14Apr2025 13:48:32.405] [main/DEBUG] [mixin/]: Instancing new MixinPlatformAgentMinecraftForge for SecureJarResource(simplyswords)
[14Apr2025 13:48:32.406] [main/DEBUG] [mixin/]: MixinPlatformAgentMinecraftForge rejected container SecureJarResource(simplyswords)
[14Apr2025 13:48:32.406] [main/DEBUG] [mixin/]: Instancing new MixinPlatformAgentDefault for SecureJarResource(simplyswords)
[14Apr2025 13:48:32.406] [main/DEBUG] [mixin/]: MixinPlatformAgentDefault accepted container SecureJarResource(simplyswords)
[14Apr2025 13:48:32.406] [main/DEBUG] [mixin/]: Processing prepare() for PlatformAgent[MixinPlatformAgentDefault:SecureJarResource(simplyswords)]
[14Apr2025 13:48:32.406] [main/DEBUG] [mixin/]: Registering mixin config: simplyswords-common.mixins.json
[14Apr2025 13:48:32.407] [main/DEBUG] [mixin/]: Registering mixin config: simplyswords.mixins.json
[14Apr2025 13:48:32.410] [main/DEBUG] [mixin/]: Adding mixin platform agents for container SecureJarResource(appleskin)
[14Apr2025 13:48:32.410] [main/DEBUG] [mixin/]: Instancing new MixinPlatformAgentMinecraftForge for SecureJarResource(appleskin)
[14Apr2025 13:48:32.410] [main/DEBUG] [mixin/]: MixinPlatformAgentMinecraftForge rejected container SecureJarResource(appleskin)
[14Apr2025 13:48:32.411] [main/DEBUG] [mixin/]: Instancing new MixinPlatformAgentDefault for SecureJarResource(appleskin)
[14Apr2025 13:48:32.411] [main/DEBUG] [mixin/]: MixinPlatformAgentDefault accepted container SecureJarResource(appleskin)
[14Apr2025 13:48:32.411] [main/DEBUG] [mixin/]: Processing prepare() for PlatformAgent[MixinPlatformAgentDefault:SecureJarResource(appleskin)]
[14Apr2025 13:48:32.411] [main/DEBUG] [mixin/]: Adding mixin platform agents for container SecureJarResource(alexsdelight)
[14Apr2025 13:48:32.411] [main/DEBUG] [mixin/]: Instancing new MixinPlatformAgentMinecraftForge for SecureJarResource(alexsdelight)
[14Apr2025 13:48:32.411] [main/DEBUG] [mixin/]: MixinPlatformAgentMinecraftForge rejected container SecureJarResource(alexsdelight)
[14Apr2025 13:48:32.411] [main/DEBUG] [mixin/]: Instancing new MixinPlatformAgentDefault for SecureJarResource(alexsdelight)
[14Apr2025 13:48:32.411] [main/DEBUG] [mixin/]: MixinPlatformAgentDefault accepted container SecureJarResource(alexsdelight)
[14Apr2025 13:48:32.411] [main/DEBUG] [mixin/]: Processing prepare() for PlatformAgent[MixinPlatformAgentDefault:SecureJarResource(alexsdelight)]
[14Apr2025 13:48:32.411] [main/DEBUG] [mixin/]: Adding mixin platform agents for container SecureJarResource(globalxp)
[14Apr2025 13:48:32.411] [main/DEBUG] [mixin/]: Instancing new MixinPlatformAgentMinecraftForge for SecureJarResource(globalxp)
[14Apr2025 13:48:32.411] [main/DEBUG] [mixin/]: MixinPlatformAgentMinecraftForge rejected container SecureJarResource(globalxp)
[14Apr2025 13:48:32.412] [main/DEBUG] [mixin/]: Instancing new MixinPlatformAgentDefault for SecureJarResource(globalxp)
[14Apr2025 13:48:32.412] [main/DEBUG] [mixin/]: MixinPlatformAgentDefault accepted container SecureJarResource(globalxp)
[14Apr2025 13:48:32.412] [main/DEBUG] [mixin/]: Processing prepare() for PlatformAgent[MixinPlatformAgentDefault:SecureJarResource(globalxp)]
[14Apr2025 13:48:32.412] [main/DEBUG] [mixin/]: Adding mixin platform agents for container SecureJarResource(refurbished_furniture)
[14Apr2025 13:48:32.412] [main/DEBUG] [mixin/]: Instancing new MixinPlatformAgentMinecraftForge for SecureJarResource(refurbished_furniture)
[14Apr2025 13:48:32.412] [main/DEBUG] [mixin/]: MixinPlatformAgentMinecraftForge rejected container SecureJarResource(refurbished_furniture)
[14Apr2025 13:48:32.412] [main/DEBUG] [mixin/]: Instancing new MixinPlatformAgentDefault for SecureJarResource(refurbished_furniture)
[14Apr2025 13:48:32.412] [main/DEBUG] [mixin/]: MixinPlatformAgentDefault accepted container SecureJarResource(refurbished_furniture)
[14Apr2025 13:48:32.412] [main/DEBUG] [mixin/]: Processing prepare() for PlatformAgent[MixinPlatformAgentDefault:SecureJarResource(refurbished_furniture)]
[14Apr2025 13:48:32.412] [main/DEBUG] [mixin/]: Registering mixin config: refurbished_furniture.common.mixins.json
[14Apr2025 13:48:32.417] [main/DEBUG] [mixin/]: Adding mixin platform agents for container SecureJarResource(puzzleslib)
[14Apr2025 13:48:32.417] [main/DEBUG] [mixin/]: Instancing new MixinPlatformAgentMinecraftForge for SecureJarResource(puzzleslib)
[14Apr2025 13:48:32.417] [main/DEBUG] [mixin/]: MixinPlatformAgentMinecraftForge rejected container SecureJarResource(puzzleslib)
[14Apr2025 13:48:32.417] [main/DEBUG] [mixin/]: Instancing new MixinPlatformAgentDefault for SecureJarResource(puzzleslib)
[14Apr2025 13:48:32.418] [main/DEBUG] [mixin/]: MixinPlatformAgentDefault accepted container SecureJarResource(puzzleslib)
[14Apr2025 13:48:32.418] [main/DEBUG] [mixin/]: Processing prepare() for PlatformAgent[MixinPlatformAgentDefault:SecureJarResource(puzzleslib)]
[14Apr2025 13:48:32.418] [main/DEBUG] [mixin/]: Registering mixin config: puzzleslib.common.mixins.json
[14Apr2025 13:48:32.420] [main/DEBUG] [mixin/]: Registering mixin config: puzzleslib.forge.mixins.json
[14Apr2025 13:48:32.422] [main/DEBUG] [mixin/]: Adding mixin platform agents for container SecureJarResource(justzoom)
[14Apr2025 13:48:32.422] [main/DEBUG] [mixin/]: Instancing new MixinPlatformAgentMinecraftForge for SecureJarResource(justzoom)
[14Apr2025 13:48:32.422] [main/DEBUG] [mixin/]: MixinPlatformAgentMinecraftForge rejected container SecureJarResource(justzoom)
[14Apr2025 13:48:32.422] [main/DEBUG] [mixin/]: Instancing new MixinPlatformAgentDefault for SecureJarResource(justzoom)
[14Apr2025 13:48:32.422] [main/DEBUG] [mixin/]: MixinPlatformAgentDefault accepted container SecureJarResource(justzoom)
[14Apr2025 13:48:32.422] [main/DEBUG] [mixin/]: Processing prepare() for PlatformAgent[MixinPlatformAgentDefault:SecureJarResource(justzoom)]
[14Apr2025 13:48:32.422] [main/DEBUG] [mixin/]: Registering mixin config: justzoom.mixins.json
[14Apr2025 13:48:32.423] [main/DEBUG] [mixin/]: Registering mixin config: justzoom.forge.mixins.json
[14Apr2025 13:48:32.425] [main/DEBUG] [mixin/]: Adding mixin platform agents for container SecureJarResource(framework)
[14Apr2025 13:48:32.425] [main/DEBUG] [mixin/]: Instancing new MixinPlatformAgentMinecraftForge for SecureJarResource(framework)
[14Apr2025 13:48:32.425] [main/DEBUG] [mixin/]: MixinPlatformAgentMinecraftForge rejected container SecureJarResource(framework)
[14Apr2025 13:48:32.425] [main/DEBUG] [mixin/]: Instancing new MixinPlatformAgentDefault for SecureJarResource(framework)
[14Apr2025 13:48:32.425] [main/DEBUG] [mixin/]: MixinPlatformAgentDefault accepted container SecureJarResource(framework)
[14Apr2025 13:48:32.425] [main/DEBUG] [mixin/]: Processing prepare() for PlatformAgent[MixinPlatformAgentDefault:SecureJarResource(framework)]
[14Apr2025 13:48:32.425] [main/DEBUG] [mixin/]: Adding mixin platform agents for container SecureJarResource(dynamictrees)
[14Apr2025 13:48:32.425] [main/DEBUG] [mixin/]: Instancing new MixinPlatformAgentMinecraftForge for SecureJarResource(dynamictrees)
[14Apr2025 13:48:32.425] [main/DEBUG] [mixin/]: MixinPlatformAgentMinecraftForge rejected container SecureJarResource(dynamictrees)
[14Apr2025 13:48:32.425] [main/DEBUG] [mixin/]: Instancing new MixinPlatformAgentDefault for SecureJarResource(dynamictrees)
[14Apr2025 13:48:32.425] [main/DEBUG] [mixin/]: MixinPlatformAgentDefault accepted container SecureJarResource(dynamictrees)
[14Apr2025 13:48:32.425] [main/DEBUG] [mixin/]: Processing prepare() for PlatformAgent[MixinPlatformAgentDefault:SecureJarResource(dynamictrees)]
[14Apr2025 13:48:32.425] [main/DEBUG] [mixin/]: Adding mixin platform agents for container SecureJarResource(playerrevive)
[14Apr2025 13:48:32.425] [main/DEBUG] [mixin/]: Instancing new MixinPlatformAgentMinecraftForge for SecureJarResource(playerrevive)
[14Apr2025 13:48:32.425] [main/DEBUG] [mixin/]: MixinPlatformAgentMinecraftForge rejected container SecureJarResource(playerrevive)
[14Apr2025 13:48:32.426] [main/DEBUG] [mixin/]: Instancing new MixinPlatformAgentDefault for SecureJarResource(playerrevive)
[14Apr2025 13:48:32.426] [main/DEBUG] [mixin/]: MixinPlatformAgentDefault accepted container SecureJarResource(playerrevive)
[14Apr2025 13:48:32.426] [main/DEBUG] [mixin/]: Processing prepare() for PlatformAgent[MixinPlatformAgentDefault:SecureJarResource(playerrevive)]
[14Apr2025 13:48:32.426] [main/DEBUG] [mixin/]: Registering mixin config: playerrevive.mixins.json
[14Apr2025 13:48:32.428] [main/DEBUG] [mixin/]: Adding mixin platform agents for container SecureJarResource(enchantinginfuser)
[14Apr2025 13:48:32.428] [main/DEBUG] [mixin/]: Instancing new MixinPlatformAgentMinecraftForge for SecureJarResource(enchantinginfuser)
[14Apr2025 13:48:32.428] [main/DEBUG] [mixin/]: MixinPlatformAgentMinecraftForge rejected container SecureJarResource(enchantinginfuser)
[14Apr2025 13:48:32.428] [main/DEBUG] [mixin/]: Instancing new MixinPlatformAgentDefault for SecureJarResource(enchantinginfuser)
[14Apr2025 13:48:32.428] [main/DEBUG] [mixin/]: MixinPlatformAgentDefault accepted container SecureJarResource(enchantinginfuser)
[14Apr2025 13:48:32.428] [main/DEBUG] [mixin/]: Processing prepare() for PlatformAgent[MixinPlatformAgentDefault:SecureJarResource(enchantinginfuser)]
[14Apr2025 13:48:32.428] [main/DEBUG] [mixin/]: Adding mixin platform agents for container SecureJarResource(scaffoldingdropsnearby)
[14Apr2025 13:48:32.429] [main/DEBUG] [mixin/]: Instancing new MixinPlatformAgentMinecraftForge for SecureJarResource(scaffoldingdropsnearby)
[14Apr2025 13:48:32.429] [main/DEBUG] [mixin/]: MixinPlatformAgentMinecraftForge rejected container SecureJarResource(scaffoldingdropsnearby)
[14Apr2025 13:48:32.429] [main/DEBUG] [mixin/]: Instancing new MixinPlatformAgentDefault for SecureJarResource(scaffoldingdropsnearby)
[14Apr2025 13:48:32.429] [main/DEBUG] [mixin/]: MixinPlatformAgentDefault accepted container SecureJarResource(scaffoldingdropsnearby)
[14Apr2025 13:48:32.429] [main/DEBUG] [mixin/]: Processing prepare() for PlatformAgent[MixinPlatformAgentDefault:SecureJarResource(scaffoldingdropsnearby)]
[14Apr2025 13:48:32.429] [main/DEBUG] [mixin/]: Registering mixin config: scaffoldingdropsnearby_forge.mixins.json
[14Apr2025 13:48:32.431] [main/DEBUG] [mixin/]: Adding mixin platform agents for container SecureJarResource(MixinExtras)
[14Apr2025 13:48:32.431] [main/DEBUG] [mixin/]: Instancing new MixinPlatformAgentMinecraftForge for SecureJarResource(MixinExtras)
[14Apr2025 13:48:32.431] [main/DEBUG] [mixin/]: MixinPlatformAgentMinecraftForge rejected container SecureJarResource(MixinExtras)
[14Apr2025 13:48:32.431] [main/DEBUG] [mixin/]: Instancing new MixinPlatformAgentDefault for SecureJarResource(MixinExtras)
[14Apr2025 13:48:32.431] [main/DEBUG] [mixin/]: MixinPlatformAgentDefault accepted container SecureJarResource(MixinExtras)
[14Apr2025 13:48:32.431] [main/DEBUG] [mixin/]: Processing prepare() for PlatformAgent[MixinPlatformAgentDefault:SecureJarResource(MixinExtras)]
[14Apr2025 13:48:32.431] [main/DEBUG] [mixin/]: inject() running with 54 agents
[14Apr2025 13:48:32.432] [main/DEBUG] [mixin/]: Processing inject() for PlatformAgent[MixinPlatformAgentDefault:ModLauncher Root Container(ModLauncher:4f56a0a2)]
[14Apr2025 13:48:32.432] [main/DEBUG] [mixin/]: Processing inject() for PlatformAgent[MixinPlatformAgentDefault:SecureJarResource(kuma_api)]
[14Apr2025 13:48:32.432] [main/DEBUG] [mixin/]: Processing inject() for PlatformAgent[MixinPlatformAgentDefault:SecureJarResource(animation_overhaul)]
[14Apr2025 13:48:32.432] [main/DEBUG] [mixin/]: Processing inject() for PlatformAgent[MixinPlatformAgentDefault:SecureJarResource(playeranimator)]
[14Apr2025 13:48:32.432] [main/DEBUG] [mixin/]: Processing inject() for PlatformAgent[MixinPlatformAgentDefault:SecureJarResource(jei)]
[14Apr2025 13:48:32.432] [main/DEBUG] [mixin/]: Processing inject() for PlatformAgent[MixinPlatformAgentDefault:SecureJarResource(kleeslabs)]
[14Apr2025 13:48:32.432] [main/DEBUG] [mixin/]: Processing inject() for PlatformAgent[MixinPlatformAgentDefault:SecureJarResource(neat)]
[14Apr2025 13:48:32.432] [main/DEBUG] [mixin/]: Processing inject() for PlatformAgent[MixinPlatformAgentDefault:SecureJarResource(waystones)]
[14Apr2025 13:48:32.432] [main/DEBUG] [mixin/]: Processing inject() for PlatformAgent[MixinPlatformAgentDefault:SecureJarResource(epicfight)]
[14Apr2025 13:48:32.432] [main/DEBUG] [mixin/]: Processing inject() for PlatformAgent[MixinPlatformAgentDefault:SecureJarResource(xaeroworldmap)]
[14Apr2025 13:48:32.432] [main/DEBUG] [mixin/]: Processing inject() for PlatformAgent[MixinPlatformAgentDefault:SecureJarResource(citadel)]
[14Apr2025 13:48:32.432] [main/DEBUG] [mixin/]: Processing inject() for PlatformAgent[MixinPlatformAgentDefault:SecureJarResource(alexsmobs)]
[14Apr2025 13:48:32.432] [main/DEBUG] [mixin/]: Processing inject() for PlatformAgent[MixinPlatformAgentDefault:SecureJarResource(travelersbackpack)]
[14Apr2025 13:48:32.432] [main/DEBUG] [mixin/]: Processing inject() for PlatformAgent[MixinPlatformAgentDefault:SecureJarResource(mixinextras)]
[14Apr2025 13:48:32.432] [main/DEBUG] [mixin/]: Processing inject() for PlatformAgent[MixinPlatformAgentDefault:SecureJarResource(iceandfire)]
[14Apr2025 13:48:32.432] [main/DEBUG] [mixin/]: Processing inject() for PlatformAgent[MixinPlatformAgentDefault:SecureJarResource(balm)]
[14Apr2025 13:48:32.432] [main/DEBUG] [mixin/]: Processing inject() for PlatformAgent[MixinPlatformAgentDefault:SecureJarResource(terralith)]
[14Apr2025 13:48:32.432] [main/DEBUG] [mixin/]: Processing inject() for PlatformAgent[MixinPlatformAgentDefault:SecureJarResource(carryon)]
[14Apr2025 13:48:32.432] [main/DEBUG] [mixin/]: Processing inject() for PlatformAgent[MixinPlatformAgentDefault:SecureJarResource(sodiumoptionsapi)]
[14Apr2025 13:48:32.432] [main/DEBUG] [mixin/]: Processing inject() for PlatformAgent[MixinPlatformAgentDefault:SecureJarResource(jeresources)]
[14Apr2025 13:48:32.432] [main/DEBUG] [mixin/]: Processing inject() for PlatformAgent[MixinPlatformAgentDefault:SecureJarResource(puzzlesaccessapi)]
[14Apr2025 13:48:32.432] [main/DEBUG] [mixin/]: Processing inject() for PlatformAgent[MixinPlatformAgentDefault:SecureJarResource(cloth_config)]
[14Apr2025 13:48:32.433] [main/DEBUG] [mixin/]: Processing inject() for PlatformAgent[MixinPlatformAgentDefault:SecureJarResource(forge)]
[14Apr2025 13:48:32.433] [main/DEBUG] [mixin/]: Processing inject() for PlatformAgent[MixinPlatformAgentDefault:SecureJarResource(sodiumdynamiclights)]
[14Apr2025 13:48:32.433] [main/DEBUG] [mixin/]: Processing inject() for PlatformAgent[MixinPlatformAgentDefault:SecureJarResource(konkrete)]
[14Apr2025 13:48:32.433] [main/DEBUG] [mixin/]: Processing inject() for PlatformAgent[MixinPlatformAgentDefault:SecureJarResource(embeddium)]
[14Apr2025 13:48:32.433] [main/DEBUG] [mixin/]: Processing inject() for PlatformAgent[MixinPlatformAgentDefault:SecureJarResource(corpse)]
[14Apr2025 13:48:32.433] [main/DEBUG] [mixin/]: Processing inject() for PlatformAgent[MixinPlatformAgentDefault:SecureJarResource(minecraft)]
[14Apr2025 13:48:32.433] [main/DEBUG] [mixin/]: Processing inject() for PlatformAgent[MixinPlatformAgentDefault:SecureJarResource(farmersdelight)]
[14Apr2025 13:48:32.433] [main/DEBUG] [mixin/]: Processing inject() for PlatformAgent[MixinPlatformAgentDefault:SecureJarResource(fabric_api_base)]
[14Apr2025 13:48:32.433] [main/DEBUG] [mixin/]: Processing inject() for PlatformAgent[MixinPlatformAgentDefault:SecureJarResource(necronomicon)]
[14Apr2025 13:48:32.433] [main/DEBUG] [mixin/]: Processing inject() for PlatformAgent[MixinPlatformAgentDefault:SecureJarResource(jade)]
[14Apr2025 13:48:32.433] [main/DEBUG] [mixin/]: Processing inject() for PlatformAgent[MixinPlatformAgentDefault:SecureJarResource(creativecore)]
[14Apr2025 13:48:32.433] [main/DEBUG] [mixin/]: Processing inject() for PlatformAgent[MixinPlatformAgentDefault:SecureJarResource(cleanswing)]
[14Apr2025 13:48:32.433] [main/DEBUG] [mixin/]: Processing inject() for PlatformAgent[MixinPlatformAgentDefault:SecureJarResource(xaerominimap)]
[14Apr2025 13:48:32.433] [main/DEBUG] [mixin/]: Processing inject() for PlatformAgent[MixinPlatformAgentDefault:SecureJarResource(collective)]
[14Apr2025 13:48:32.433] [main/DEBUG] [mixin/]: Processing inject() for PlatformAgent[MixinPlatformAgentDefault:SecureJarResource(dragonseeker)]
[14Apr2025 13:48:32.433] [main/DEBUG] [mixin/]: Processing inject() for PlatformAgent[MixinPlatformAgentDefault:SecureJarResource(securitycraft)]
[14Apr2025 13:48:32.433] [main/DEBUG] [mixin/]: Processing inject() for PlatformAgent[MixinPlatformAgentDefault:SecureJarResource(inventoryhud)]
[14Apr2025 13:48:32.433] [main/DEBUG] [mixin/]: Processing inject() for PlatformAgent[MixinPlatformAgentDefault:SecureJarResource(architectury)]
[14Apr2025 13:48:32.433] [main/DEBUG] [mixin/]: Processing inject() for PlatformAgent[MixinPlatformAgentDefault:SecureJarResource(mca)]
[14Apr2025 13:48:32.433] [main/DEBUG] [mixin/]: Processing inject() for PlatformAgent[MixinPlatformAgentDefault:SecureJarResource(simplyswords)]
[14Apr2025 13:48:32.434] [main/DEBUG] [mixin/]: Processing inject() for PlatformAgent[MixinPlatformAgentDefault:SecureJarResource(appleskin)]
[14Apr2025 13:48:32.434] [main/DEBUG] [mixin/]: Processing inject() for PlatformAgent[MixinPlatformAgentDefault:SecureJarResource(alexsdelight)]
[14Apr2025 13:48:32.435] [main/DEBUG] [mixin/]: Processing inject() for PlatformAgent[MixinPlatformAgentDefault:SecureJarResource(globalxp)]
[14Apr2025 13:48:32.435] [main/DEBUG] [mixin/]: Processing inject() for PlatformAgent[MixinPlatformAgentDefault:SecureJarResource(refurbished_furniture)]
[14Apr2025 13:48:32.435] [main/DEBUG] [mixin/]: Processing inject() for PlatformAgent[MixinPlatformAgentDefault:SecureJarResource(puzzleslib)]
[14Apr2025 13:48:32.435] [main/DEBUG] [mixin/]: Processing inject() for PlatformAgent[MixinPlatformAgentDefault:SecureJarResource(justzoom)]
[14Apr2025 13:48:32.435] [main/DEBUG] [mixin/]: Processing inject() for PlatformAgent[MixinPlatformAgentDefault:SecureJarResource(framework)]
[14Apr2025 13:48:32.435] [main/DEBUG] [mixin/]: Processing inject() for PlatformAgent[MixinPlatformAgentDefault:SecureJarResource(dynamictrees)]
[14Apr2025 13:48:32.435] [main/DEBUG] [mixin/]: Processing inject() for PlatformAgent[MixinPlatformAgentDefault:SecureJarResource(playerrevive)]
[14Apr2025 13:48:32.435] [main/DEBUG] [mixin/]: Processing inject() for PlatformAgent[MixinPlatformAgentDefault:SecureJarResource(enchantinginfuser)]
[14Apr2025 13:48:32.436] [main/DEBUG] [mixin/]: Processing inject() for PlatformAgent[MixinPlatformAgentDefault:SecureJarResource(scaffoldingdropsnearby)]
[14Apr2025 13:48:32.436] [main/DEBUG] [mixin/]: Processing inject() for PlatformAgent[MixinPlatformAgentDefault:SecureJarResource(MixinExtras)]
[14Apr2025 13:48:32.436] [main/INFO] [cpw.mods.modlauncher.LaunchServiceHandler/MODLAUNCHER]: Launching target 'forgeserver' with arguments [nogui]
[14Apr2025 13:48:32.475] [main/DEBUG] [mixin/]: Error cleaning class output directory: .mixin.out
[14Apr2025 13:48:32.477] [main/DEBUG] [mixin/]: Preparing mixins for MixinEnvironment[DEFAULT]
[14Apr2025 13:48:32.477] [main/DEBUG] [mixin/]: Selecting config kuma_api.mixins.json
[14Apr2025 13:48:32.484] [main/DEBUG] [mixin/]: Selecting config kuma_api.forge.mixins.json
[14Apr2025 13:48:32.486] [main/DEBUG] [mixin/]: Selecting config animation_overhaul.mixins.json
[14Apr2025 13:48:32.489] [main/DEBUG] [mixin/]: Selecting config playerAnimator-common.mixins.json
[14Apr2025 13:48:32.498] [main/DEBUG] [mixin/]: Selecting config kleeslabs.mixins.json
[14Apr2025 13:48:32.500] [main/DEBUG] [mixin/]: Selecting config neat.mixins.json
[14Apr2025 13:48:32.503] [main/DEBUG] [mixin/]: Selecting config waystones.mixins.json
[14Apr2025 13:48:32.505] [main/DEBUG] [mixin/]: Selecting config mixins.epicfight.json
[14Apr2025 13:48:32.507] [main/DEBUG] [mixin/]: Selecting config citadel.mixins.json
[14Apr2025 13:48:32.511] [main/DEBUG] [mixin/]: Selecting config mixins.travelersbackpack.json
[14Apr2025 13:48:32.512] [main/DEBUG] [mixin/]: Selecting config mixinextras.init.mixins.json
[14Apr2025 13:48:32.577] [main/DEBUG] [MixinExtras|Service/]: com.llamalad7.mixinextras.service.MixinExtrasServiceImpl(version=0.4.1) is taking over from null
[14Apr2025 13:48:32.616] [main/DEBUG] [mixin/]: Registering new injector for @Inject with org.spongepowered.asm.mixin.injection.struct.CallbackInjectionInfo
[14Apr2025 13:48:32.617] [main/DEBUG] [mixin/]: Registering new injector for @ModifyArg with org.spongepowered.asm.mixin.injection.struct.ModifyArgInjectionInfo
[14Apr2025 13:48:32.618] [main/DEBUG] [mixin/]: Registering new injector for @ModifyArgs with org.spongepowered.asm.mixin.injection.struct.ModifyArgsInjectionInfo
[14Apr2025 13:48:32.621] [main/DEBUG] [mixin/]: Registering new injector for @Redirect with org.spongepowered.asm.mixin.injection.struct.RedirectInjectionInfo
[14Apr2025 13:48:32.622] [main/DEBUG] [mixin/]: Registering new injector for @ModifyVariable with org.spongepowered.asm.mixin.injection.struct.ModifyVariableInjectionInfo
[14Apr2025 13:48:32.623] [main/DEBUG] [mixin/]: Registering new injector for @ModifyConstant with org.spongepowered.asm.mixin.injection.struct.ModifyConstantInjectionInfo
[14Apr2025 13:48:32.636] [main/DEBUG] [mixin/]: Selecting config iceandfire.mixins.json
[14Apr2025 13:48:32.638] [main/DEBUG] [mixin/]: Selecting config balm.mixins.json
[14Apr2025 13:48:32.640] [main/DEBUG] [mixin/]: Selecting config carryon.mixins.json
[14Apr2025 13:48:32.643] [main/DEBUG] [mixin/]: Selecting config carryon.forge.mixins.json
[14Apr2025 13:48:32.644] [main/DEBUG] [mixin/]: Selecting config mixins.sodiumoptionsapi.json
[14Apr2025 13:48:32.646] [main/DEBUG] [mixin/]: Selecting config puzzlesaccessapi.common.mixins.json
[14Apr2025 13:48:32.647] [main/WARN] [mixin/]: Reference map 'puzzlesaccessapi.common.refmap.json' for puzzlesaccessapi.common.mixins.json could not be read. If this is a development environment you can ignore this message
[14Apr2025 13:48:32.648] [main/DEBUG] [mixin/]: Selecting config puzzlesaccessapi.forge.mixins.json
[14Apr2025 13:48:32.650] [main/DEBUG] [mixin/]: Selecting config mixins.sodiumdynamiclights.json
[14Apr2025 13:48:32.654] [main/DEBUG] [mixin/]: Selecting config konkrete.mixin.json
[14Apr2025 13:48:32.657] [main/DEBUG] [mixin/]: Selecting config embeddium.mixins.json
[14Apr2025 13:48:32.672] [main/INFO] [Embeddium/]: Loaded configuration file for Embeddium: 97 options available, 0 override(s) found
[14Apr2025 13:48:32.679] [main/DEBUG] [mixin/]: Selecting config farmersdelight.mixins.json
[14Apr2025 13:48:32.680] [main/DEBUG] [mixin/]: Selecting config fabric-api-base.init.mixins.json
[14Apr2025 13:48:32.696] [main/DEBUG] [mixin/]: Selecting config necronomicon-common.mixins.json
[14Apr2025 13:48:32.697] [main/DEBUG] [mixin/]: Selecting config jade.mixins.json
[14Apr2025 13:48:32.698] [main/DEBUG] [mixin/]: Selecting config creativecore.mixins.json
[14Apr2025 13:48:32.700] [main/DEBUG] [mixin/]: Selecting config creativecore.forge.mixins.json
[14Apr2025 13:48:32.701] [main/DEBUG] [mixin/]: Selecting config collective_forge.mixins.json
[14Apr2025 13:48:32.702] [main/DEBUG] [mixin/]: Selecting config securitycraft.mixins.json
[14Apr2025 13:48:32.703] [main/DEBUG] [mixin/]: Selecting config architectury.mixins.json
[14Apr2025 13:48:32.706] [main/DEBUG] [mixin/]: Selecting config architectury-common.mixins.json
[14Apr2025 13:48:32.707] [main/DEBUG] [mixin/]: Selecting config forge-mca.mixin.json
[14Apr2025 13:48:32.710] [main/DEBUG] [mixin/]: Selecting config simplyswords-common.mixins.json
[14Apr2025 13:48:32.713] [main/DEBUG] [mixin/]: Selecting config simplyswords.mixins.json
[14Apr2025 13:48:32.715] [main/WARN] [mixin/]: Reference map 'simplyswords-forge-refmap.json' for simplyswords.mixins.json could not be read. If this is a development environment you can ignore this message
[14Apr2025 13:48:32.715] [main/DEBUG] [mixin/]: Selecting config refurbished_furniture.common.mixins.json
[14Apr2025 13:48:32.716] [main/DEBUG] [mixin/]: Selecting config puzzleslib.common.mixins.json
[14Apr2025 13:48:32.741] [main/INFO] [Puzzles Lib/]: Loading 52 mods:
	- alexsdelight 1.5
	- alexsmobs 1.22.9
	- animation_overhaul 1.3.1
		\-- playeranimator 1.0.2-rc1+1.20
	- appleskin 2.5.1+mc1.20.1
	- architectury 9.2.14
	- balm 7.3.27
		\-- kuma_api 20.1.10
	- carryon 2.1.2.7
	- citadel 2.6.1
	- cleanswing 1.8
	- cloth_config 11.1.136
	- collective 8.1
	- corpse 1.20.1-1.0.20
	- creativecore 2.12.32
	- dragonseeker 1.2.0-1.20.1
	- dynamictrees 1.20.1-1.4.1
	- embeddium 0.3.31+mc1.20.1
		\-- rubidium 0.7.1
	- enchantinginfuser 8.0.3
	- epicfight 20.9.7
	- farmersdelight 1.20.1-1.2.7
	- forge 47.3.7
	- framework 0.7.12
	- globalxp 1.12
	- iceandfire 2.1.13-1.20.1
	- inventoryhud 3.4.26
	- jade 11.12.3+forge
	- jei 15.12.2.51
	- jeresources 1.4.0.247
	- justzoom 2.1.1
	- kleeslabs 15.0.6
	- konkrete 1.8.0
	- mca 7.6.3+1.20.1
	- minecraft 1.20.1
	- neat 1.20.1-41-FORGE
	- necronomicon 1.6.0
	- playerrevive 2.0.31
	- puzzleslib 8.1.29
		|-- mixinextras 0.4.1
		\-- puzzlesaccessapi 20.1.1
	- refurbished_furniture 1.0.12
	- scaffoldingdropsnearby 3.4
	- securitycraft 1.9.12
	- simplyswords 1.56.0-1.20.1
	- sodiumdynamiclights 1.0.9
	- sodiumoptionsapi 1.0.10
		\-- fabric_api_base 0.4.31+ef105b4977
	- terralith 2.5.4
	- travelersbackpack 9.1.34
	- waystones 14.1.11
	- xaerominimap 25.2.0
	- xaeroworldmap 1.39.4
[14Apr2025 13:48:32.744] [main/DEBUG] [mixin/]: Selecting config puzzleslib.forge.mixins.json
[14Apr2025 13:48:32.748] [main/DEBUG] [mixin/]: Selecting config justzoom.mixins.json
[14Apr2025 13:48:32.751] [main/DEBUG] [mixin/]: Selecting config justzoom.forge.mixins.json
[14Apr2025 13:48:32.753] [main/DEBUG] [mixin/]: Selecting config playerrevive.mixins.json
[14Apr2025 13:48:32.754] [main/DEBUG] [mixin/]: Selecting config scaffoldingdropsnearby_forge.mixins.json
[14Apr2025 13:48:32.758] [main/DEBUG] [mixin/]: Preparing kuma_api.mixins.json (1)
[14Apr2025 13:48:32.758] [main/DEBUG] [mixin/]: Preparing kuma_api.forge.mixins.json (0)
[14Apr2025 13:48:32.758] [main/DEBUG] [mixin/]: Preparing animation_overhaul.mixins.json (3)
[14Apr2025 13:48:32.758] [main/DEBUG] [mixin/]: Preparing playerAnimator-common.mixins.json (14)
[14Apr2025 13:48:32.758] [main/DEBUG] [mixin/]: Preparing kleeslabs.mixins.json (1)
[14Apr2025 13:48:32.759] [main/DEBUG] [mixin/]: Preparing neat.mixins.json (4)
[14Apr2025 13:48:32.759] [main/DEBUG] [mixin/]: Preparing waystones.mixins.json (3)
[14Apr2025 13:48:32.798] [main/DEBUG] [mixin/]: Preparing mixins.epicfight.json (25)
[14Apr2025 13:48:32.944] [main/DEBUG] [net.minecraftforge.coremod.transformer.CoreModBaseTransformer/COREMOD]: Transforming m_36170_ with desc (Lnet/minecraft/world/entity/player/PlayerModelPart;)Z
[14Apr2025 13:48:32.946] [main/DEBUG] [net.minecraftforge.coremod.transformer.CoreModBaseTransformer/COREMOD]: Transforming m_36170_ with desc (Lnet/minecraft/world/entity/player/PlayerModelPart;)Z
[14Apr2025 13:48:33.007] [main/DEBUG] [mixin/]: Preparing citadel.mixins.json (15)
[14Apr2025 13:48:33.052] [main/DEBUG] [net.minecraftforge.coremod.transformer.CoreModBaseTransformer/COREMOD]: Transforming net/minecraft/server/MinecraftServer
[14Apr2025 13:48:33.185] [main/DEBUG] [net.minecraftforge.coremod.transformer.CoreModBaseTransformer/COREMOD]: Transforming net/minecraft/server/MinecraftServer
[14Apr2025 13:48:33.317] [main/DEBUG] [net.minecraftforge.coremod.transformer.CoreModBaseTransformer/COREMOD]: Transforming net/minecraft/server/level/ServerLevel
[14Apr2025 13:48:33.383] [main/DEBUG] [mixin/]: Preparing mixins.travelersbackpack.json (1)
[14Apr2025 13:48:33.384] [main/DEBUG] [mixin/]: Preparing mixinextras.init.mixins.json (0)
[14Apr2025 13:48:33.384] [main/DEBUG] [mixin/]: Preparing iceandfire.mixins.json (2)
[14Apr2025 13:48:33.391] [main/DEBUG] [mixin/]: Preparing balm.mixins.json (16)
[14Apr2025 13:48:33.438] [main/DEBUG] [net.minecraftforge.coremod.transformer.CoreModBaseTransformer/COREMOD]: Transforming m_11229_ with desc (Lnet/minecraft/server/level/ServerPlayer;Lnet/minecraft/server/level/ServerLevel;)V
[14Apr2025 13:48:33.452] [main/DEBUG] [net.minecraftforge.coremod.transformer.CoreModBaseTransformer/COREMOD]: Transforming m_11229_ with desc (Lnet/minecraft/server/level/ServerPlayer;Lnet/minecraft/server/level/ServerLevel;)V
[14Apr2025 13:48:33.484] [main/DEBUG] [mixin/]: Preparing carryon.mixins.json (5)
[14Apr2025 13:48:33.495] [main/DEBUG] [mixin/]: Preparing carryon.forge.mixins.json (0)
[14Apr2025 13:48:33.495] [main/DEBUG] [mixin/]: Preparing mixins.sodiumoptionsapi.json (7)
[14Apr2025 13:48:33.495] [main/DEBUG] [mixin/]: Preparing puzzlesaccessapi.common.mixins.json (0)
[14Apr2025 13:48:33.495] [main/DEBUG] [mixin/]: Preparing puzzlesaccessapi.forge.mixins.json (0)
[14Apr2025 13:48:33.495] [main/DEBUG] [mixin/]: Preparing mixins.sodiumdynamiclights.json (22)
[14Apr2025 13:48:33.495] [main/DEBUG] [mixin/]: Preparing konkrete.mixin.json (5)
[14Apr2025 13:48:33.495] [main/DEBUG] [mixin/]: Preparing embeddium.mixins.json (0)
[14Apr2025 13:48:33.495] [main/DEBUG] [mixin/]: Preparing farmersdelight.mixins.json (9)
[14Apr2025 13:48:33.537] [main/DEBUG] [mixin/]: Preparing fabric-api-base.init.mixins.json (0)
[14Apr2025 13:48:33.537] [main/DEBUG] [mixin/]: Preparing necronomicon-common.mixins.json (2)
[14Apr2025 13:48:33.543] [main/DEBUG] [net.minecraftforge.coremod.transformer.CoreModBaseTransformer/COREMOD]: Transforming net/minecraft/world/item/ItemStack
[14Apr2025 13:48:33.582] [main/DEBUG] [mixin/]: Preparing jade.mixins.json (3)
[14Apr2025 13:48:33.582] [main/DEBUG] [mixin/]: Preparing creativecore.mixins.json (8)
[14Apr2025 13:48:33.606] [main/DEBUG] [mixin/]: Preparing creativecore.forge.mixins.json (3)
[14Apr2025 13:48:33.610] [main/DEBUG] [mixin/]: Preparing collective_forge.mixins.json (5)
[14Apr2025 13:48:33.624] [main/DEBUG] [mixin/]: Preparing securitycraft.mixins.json (19)
[14Apr2025 13:48:33.695] [main/DEBUG] [net.minecraftforge.coremod.transformer.CoreModBaseTransformer/COREMOD]: Transforming net/minecraft/server/level/ServerPlayer
[14Apr2025 13:48:33.713] [main/DEBUG] [net.minecraftforge.coremod.transformer.CoreModBaseTransformer/COREMOD]: Transforming net/minecraft/server/level/ServerPlayer
[14Apr2025 13:48:33.741] [main/DEBUG] [net.minecraftforge.coremod.transformer.CoreModBaseTransformer/COREMOD]: Transforming m_36170_ with desc (Lnet/minecraft/world/entity/player/PlayerModelPart;)Z
[14Apr2025 13:48:33.742] [main/DEBUG] [net.minecraftforge.coremod.transformer.CoreModBaseTransformer/COREMOD]: Transforming m_36170_ with desc (Lnet/minecraft/world/entity/player/PlayerModelPart;)Z
[14Apr2025 13:48:33.815] [main/DEBUG] [mixin/]: Preparing architectury.mixins.json (9)
[14Apr2025 13:48:33.836] [main/DEBUG] [mixin/]: Preparing architectury-common.mixins.json (10)
[14Apr2025 13:48:33.851] [main/DEBUG] [net.minecraftforge.coremod.transformer.CoreModBaseTransformer/COREMOD]: Transforming net/minecraft/world/item/BucketItem
[14Apr2025 13:48:33.860] [main/DEBUG] [net.minecraftforge.coremod.transformer.CoreModBaseTransformer/COREMOD]: Transforming net/minecraft/world/entity/EntityType
[14Apr2025 13:48:34.155] [main/DEBUG] [net.minecraftforge.coremod.transformer.CoreModBaseTransformer/COREMOD]: Transforming net/minecraft/world/level/block/LiquidBlock
[14Apr2025 13:48:34.175] [main/DEBUG] [mixin/]: Preparing forge-mca.mixin.json (31)
[14Apr2025 13:48:34.293] [main/DEBUG] [net.minecraftforge.coremod.transformer.CoreModBaseTransformer/COREMOD]: Transforming net/minecraft/world/entity/npc/Villager
[14Apr2025 13:48:34.519] [main/DEBUG] [net.minecraftforge.coremod.transformer.CoreModBaseTransformer/COREMOD]: Transforming net/minecraft/world/entity/monster/Zombie
[14Apr2025 13:48:34.628] [main/DEBUG] [net.minecraftforge.coremod.transformer.CoreModBaseTransformer/COREMOD]: Transforming net/minecraft/world/entity/monster/ZombieVillager
[14Apr2025 13:48:34.694] [main/DEBUG] [mixin/]: Preparing simplyswords-common.mixins.json (2)
[14Apr2025 13:48:34.701] [main/DEBUG] [mixin/]: Preparing simplyswords.mixins.json (0)
[14Apr2025 13:48:34.701] [main/DEBUG] [mixin/]: Preparing refurbished_furniture.common.mixins.json (12)
[14Apr2025 13:48:34.707] [main/DEBUG] [net.minecraftforge.coremod.transformer.CoreModBaseTransformer/COREMOD]: Transforming net/minecraft/world/level/chunk/LevelChunk
[14Apr2025 13:48:34.715] [main/DEBUG] [net.minecraftforge.coremod.transformer.CoreModBaseTransformer/COREMOD]: Transforming net/minecraft/world/level/chunk/LevelChunk
[14Apr2025 13:48:34.726] [main/DEBUG] [mixin/]: Preparing puzzleslib.common.mixins.json (5)
[14Apr2025 13:48:34.735] [main/DEBUG] [mixin/]: Preparing puzzleslib.forge.mixins.json (13)
[14Apr2025 13:48:34.771] [main/DEBUG] [mixin/]: Preparing justzoom.mixins.json (5)
[14Apr2025 13:48:34.771] [main/DEBUG] [mixin/]: Preparing justzoom.forge.mixins.json (0)
[14Apr2025 13:48:34.771] [main/DEBUG] [mixin/]: Preparing playerrevive.mixins.json (5)
[14Apr2025 13:48:34.774] [main/DEBUG] [mixin/]: Preparing scaffoldingdropsnearby_forge.mixins.json (0)
[14Apr2025 13:48:34.862] [main/DEBUG] [mixin/]: Prepared 120 mixins in 2.385 sec (19.9ms avg) (0ms load, 0ms transform, 0ms plugin)
[14Apr2025 13:48:34.909] [main/DEBUG] [net.minecraftforge.coremod.transformer.CoreModBaseTransformer/COREMOD]: Transforming net/minecraft/server/MinecraftServer
[14Apr2025 13:48:34.918] [main/DEBUG] [net.minecraftforge.coremod.transformer.CoreModBaseTransformer/COREMOD]: Transforming net/minecraft/server/MinecraftServer
[14Apr2025 13:48:34.925] [main/INFO] [MixinExtras|Service/]: Initializing MixinExtras via com.llamalad7.mixinextras.service.MixinExtrasServiceImpl(version=0.4.1).
[14Apr2025 13:48:34.927] [main/DEBUG] [mixin/]: Registering new injector for @SugarWrapper with com.llamalad7.mixinextras.sugar.impl.SugarWrapperInjectionInfo
[14Apr2025 13:48:34.928] [main/DEBUG] [mixin/]: Registering new injector for @FactoryRedirectWrapper with com.llamalad7.mixinextras.wrapper.factory.FactoryRedirectWrapperInjectionInfo
[14Apr2025 13:48:34.933] [main/DEBUG] [mixin/]: Mixing MinecraftServerMixin from citadel.mixins.json into net.minecraft.server.MinecraftServer
[14Apr2025 13:48:34.954] [main/DEBUG] [mixin/]: Mixing MinecraftServerMixin from balm.mixins.json into net.minecraft.server.MinecraftServer
[14Apr2025 13:48:34.954] [main/DEBUG] [mixin/]: Renaming synthetic method lambda$reloadResources$0(Ljava/lang/Void;)V to md494654$lambda$reloadResources$0$0 in balm.mixins.json:MinecraftServerMixin
[14Apr2025 13:48:35.095] [main/DEBUG] [io.netty.util.internal.logging.InternalLoggerFactory/]: Using SLF4J as the default logging framework
[14Apr2025 13:48:35.098] [main/DEBUG] [io.netty.util.ResourceLeakDetector/]: -Dio.netty.leakDetection.level: simple
[14Apr2025 13:48:35.098] [main/DEBUG] [io.netty.util.ResourceLeakDetector/]: -Dio.netty.leakDetection.targetRecords: 4
[14Apr2025 13:48:35.117] [main/DEBUG] [mixin/]: Mixing MixinTranslatableText from forge-mca.mixin.json into net.minecraft.network.chat.contents.TranslatableContents
[14Apr2025 13:48:35.439] [main/DEBUG] [oshi.util.FileUtil/]: No oshi.properties file found from ClassLoader cpw.mods.modlauncher.TransformingClassLoader@1b24ea2a
[14Apr2025 13:48:35.439] [main/DEBUG] [oshi.util.FileUtil/]: No oshi.properties file found from ClassLoader jdk.internal.loader.ClassLoaders$AppClassLoader@76ed5528
[14Apr2025 13:48:35.515] [main/DEBUG] [oshi.util.FileUtil/]: Reading file /proc/self/auxv
[14Apr2025 13:48:35.516] [main/DEBUG] [oshi.util.FileUtil/]: Reading file /proc/self/auxv
[14Apr2025 13:48:35.523] [main/DEBUG] [oshi.util.FileUtil/]: Reading file /proc/stat
[14Apr2025 13:48:35.531] [main/DEBUG] [oshi.util.FileUtil/]: Reading file /sys/devices/system/cpu/cpu0/topology/core_id
[14Apr2025 13:48:35.531] [main/DEBUG] [oshi.util.FileUtil/]: Reading file /sys/devices/system/cpu/cpu0/topology/core_id
[14Apr2025 13:48:35.531] [main/DEBUG] [oshi.util.FileUtil/]: Reading file /sys/devices/system/cpu/cpu0/topology/physical_package_id
[14Apr2025 13:48:35.531] [main/DEBUG] [oshi.util.FileUtil/]: Reading file /sys/devices/system/cpu/cpu0/topology/physical_package_id
[14Apr2025 13:48:35.531] [main/DEBUG] [oshi.util.FileUtil/]: Reading file /sys/devices/system/cpu/cpu0/cpu_capacity
[14Apr2025 13:48:35.533] [main/DEBUG] [oshi.util.FileUtil/]: Reading file /sys/devices/system/cpu/cpu1/topology/core_id
[14Apr2025 13:48:35.533] [main/DEBUG] [oshi.util.FileUtil/]: Reading file /sys/devices/system/cpu/cpu1/topology/core_id
[14Apr2025 13:48:35.533] [main/DEBUG] [oshi.util.FileUtil/]: Reading file /sys/devices/system/cpu/cpu1/topology/physical_package_id
[14Apr2025 13:48:35.533] [main/DEBUG] [oshi.util.FileUtil/]: Reading file /sys/devices/system/cpu/cpu1/topology/physical_package_id
[14Apr2025 13:48:35.533] [main/DEBUG] [oshi.util.FileUtil/]: Reading file /sys/devices/system/cpu/cpu1/cpu_capacity
[14Apr2025 13:48:35.534] [main/DEBUG] [oshi.util.FileUtil/]: Reading file /sys/devices/system/cpu/cpu2/topology/core_id
[14Apr2025 13:48:35.534] [main/DEBUG] [oshi.util.FileUtil/]: Reading file /sys/devices/system/cpu/cpu2/topology/core_id
[14Apr2025 13:48:35.534] [main/DEBUG] [oshi.util.FileUtil/]: Reading file /sys/devices/system/cpu/cpu2/topology/physical_package_id
[14Apr2025 13:48:35.534] [main/DEBUG] [oshi.util.FileUtil/]: Reading file /sys/devices/system/cpu/cpu2/topology/physical_package_id
[14Apr2025 13:48:35.534] [main/DEBUG] [oshi.util.FileUtil/]: Reading file /sys/devices/system/cpu/cpu2/cpu_capacity
[14Apr2025 13:48:35.534] [main/DEBUG] [oshi.util.FileUtil/]: Reading file /sys/devices/system/cpu/cpu3/topology/core_id
[14Apr2025 13:48:35.534] [main/DEBUG] [oshi.util.FileUtil/]: Reading file /sys/devices/system/cpu/cpu3/topology/core_id
[14Apr2025 13:48:35.534] [main/DEBUG] [oshi.util.FileUtil/]: Reading file /sys/devices/system/cpu/cpu3/topology/physical_package_id
[14Apr2025 13:48:35.535] [main/DEBUG] [oshi.util.FileUtil/]: Reading file /sys/devices/system/cpu/cpu3/topology/physical_package_id
[14Apr2025 13:48:35.535] [main/DEBUG] [oshi.util.FileUtil/]: Reading file /sys/devices/system/cpu/cpu3/cpu_capacity
[14Apr2025 13:48:35.536] [main/DEBUG] [oshi.util.FileUtil/]: Reading file /proc/cpuinfo
[14Apr2025 13:48:35.548] [main/DEBUG] [oshi.util.FileUtil/]: Reading file /proc/self/auxv
[14Apr2025 13:48:35.551] [main/DEBUG] [oshi.util.FileUtil/]: No oshi.architecture.properties file found from ClassLoader cpw.mods.modlauncher.TransformingClassLoader@1b24ea2a
[14Apr2025 13:48:35.552] [main/DEBUG] [oshi.util.FileUtil/]: No oshi.architecture.properties file found from ClassLoader jdk.internal.loader.ClassLoaders$AppClassLoader@76ed5528
[14Apr2025 13:48:35.571] [main/DEBUG] [oshi.util.FileUtil/]: Reading file /proc/meminfo
[14Apr2025 13:48:35.572] [main/DEBUG] [oshi.util.FileUtil/]: Reading file /proc/meminfo
[14Apr2025 13:48:35.717] [main/DEBUG] [mixin/]: Mixing inject.MixinGameEvent from architectury-common.mixins.json into net.minecraft.world.level.gameevent.GameEvent
[14Apr2025 13:48:35.741] [main/DEBUG] [mixin/]: Mixing accessor.ForgeRegistryForgeAccessor from puzzleslib.forge.mixins.json into net.minecraftforge.registries.ForgeRegistry
[14Apr2025 13:48:35.780] [main/DEBUG] [mixin/]: Mixing inject.MixinBlock from architectury-common.mixins.json into net.minecraft.world.level.block.Block
[14Apr2025 13:48:35.783] [main/DEBUG] [mixin/]: Mixing accessor.BlockAccessor from puzzleslib.common.mixins.json into net.minecraft.world.level.block.Block
[14Apr2025 13:48:35.830] [main/DEBUG] [mixin/]: Mixing EntityMixin from balm.mixins.json into net.minecraft.world.entity.Entity
[14Apr2025 13:48:35.844] [main/DEBUG] [mixin/]: Mixing EntityMixin from carryon.mixins.json into net.minecraft.world.entity.Entity
[14Apr2025 13:48:35.875] [main/DEBUG] [mixin/]: Mixing EntityAccessor from refurbished_furniture.common.mixins.json into net.minecraft.world.entity.Entity
[14Apr2025 13:48:35.875] [main/DEBUG] [mixin/]: Mixing EntityMixin from refurbished_furniture.common.mixins.json into net.minecraft.world.entity.Entity
[14Apr2025 13:48:35.982] [main/DEBUG] [mixin/]: Mixing MixinLivingEntity from mixins.epicfight.json into net.minecraft.world.entity.LivingEntity
[14Apr2025 13:48:36.029] [main/DEBUG] [mixin/]: Mixing LivingEntityMixin from citadel.mixins.json into net.minecraft.world.entity.LivingEntity
[14Apr2025 13:48:36.038] [main/DEBUG] [mixin/]: Mixing LivingEntityMixin from simplyswords-common.mixins.json into net.minecraft.world.entity.LivingEntity
[14Apr2025 13:48:36.081] [main/DEBUG] [net.minecraftforge.coremod.transformer.CoreModBaseTransformer/COREMOD]: Transforming net/minecraft/world/effect/MobEffectInstance
[14Apr2025 13:48:36.112] [main/DEBUG] [mixin/]: Mixing LivingEntityMixin from refurbished_furniture.common.mixins.json into net.minecraft.world.entity.LivingEntity
[14Apr2025 13:48:36.290] [main/DEBUG] [mixin/]: Mixing LevelMixin from citadel.mixins.json into net.minecraft.world.level.Level
[14Apr2025 13:48:36.294] [main/DEBUG] [mixin/]: Mixing LevelMixin from refurbished_furniture.common.mixins.json into net.minecraft.world.level.Level
[14Apr2025 13:48:36.334] [main/DEBUG] [net.minecraftforge.coremod.transformer.CoreModBaseTransformer/COREMOD]: Transforming net/minecraft/server/level/ServerLevel
[14Apr2025 13:48:36.336] [main/DEBUG] [mixin/]: Mixing ServerLevelMixin from citadel.mixins.json into net.minecraft.server.level.ServerLevel
[14Apr2025 13:48:36.338] [main/DEBUG] [mixin/]: Mixing MixinServerWorld from forge-mca.mixin.json into net.minecraft.server.level.ServerLevel
[14Apr2025 13:48:36.346] [main/DEBUG] [mixin/]: Mixing ServerLevelMixin from refurbished_furniture.common.mixins.json into net.minecraft.server.level.ServerLevel
[14Apr2025 13:48:36.397] [main/DEBUG] [net.minecraftforge.coremod.transformer.CoreModBaseTransformer/COREMOD]: Transforming m_36170_ with desc (Lnet/minecraft/world/entity/player/PlayerModelPart;)Z
[14Apr2025 13:48:36.397] [main/DEBUG] [net.minecraftforge.coremod.transformer.CoreModBaseTransformer/COREMOD]: Transforming m_36170_ with desc (Lnet/minecraft/world/entity/player/PlayerModelPart;)Z
[14Apr2025 13:48:36.403] [main/DEBUG] [mixin/]: Mixing MixinPlayer from mixins.epicfight.json into net.minecraft.world.entity.player.Player
[14Apr2025 13:48:36.408] [main/DEBUG] [mixin/]: Mixing PlayerMixin from mixins.travelersbackpack.json into net.minecraft.world.entity.player.Player
[14Apr2025 13:48:36.415] [main/DEBUG] [mixin/]: Mixing PlayerMixin from carryon.mixins.json into net.minecraft.world.entity.player.Player
[14Apr2025 13:48:36.427] [main/DEBUG] [mixin/]: Mixing MixinPlayerEntity from forge-mca.mixin.json into net.minecraft.world.entity.player.Player
[14Apr2025 13:48:36.441] [main/DEBUG] [mixin/]: Mixing PlayerMixin from playerrevive.mixins.json into net.minecraft.world.entity.player.Player
[14Apr2025 13:48:36.579] [main/DEBUG] [mixin/]: Mixing inject.MixinFluid from architectury-common.mixins.json into net.minecraft.world.level.material.Fluid
[14Apr2025 13:48:36.583] [main/DEBUG] [mixin/]: Mixing inject.MixinItem from architectury-common.mixins.json into net.minecraft.world.item.Item
[14Apr2025 13:48:36.602] [main/DEBUG] [net.minecraftforge.coremod.transformer.CoreModBaseTransformer/COREMOD]: Transforming net/minecraft/world/entity/EntityType
[14Apr2025 13:48:36.706] [main/DEBUG] [mixin/]: Mixing inject.MixinEntityType from architectury-common.mixins.json into net.minecraft.world.entity.EntityType
[14Apr2025 13:48:36.706] [main/DEBUG] [mixin/]: Mixing MixinEntityType from forge-mca.mixin.json into net.minecraft.world.entity.EntityType
[14Apr2025 13:48:36.780] [main/DEBUG] [mixin/]: Mixing MixinVillagerProfession from forge-mca.mixin.json into net.minecraft.world.entity.npc.VillagerProfession
[14Apr2025 13:48:36.781] [main/DEBUG] [mixin/]: Renaming @Invoker method init(Ljava/lang/String;Ljava/util/function/Predicate;Ljava/util/function/Predicate;Lcom/google/common/collect/ImmutableSet;Lcom/google/common/collect/ImmutableSet;Lnet/minecraft/sounds/SoundEvent;)Lnet/minecraft/world/entity/npc/VillagerProfession; to init_$md$494654$0 in forge-mca.mixin.json:MixinVillagerProfession
[14Apr2025 13:48:36.789] [main/DEBUG] [mixin/]: Mixing MixinMemoryModuleType from forge-mca.mixin.json into net.minecraft.world.entity.ai.memory.MemoryModuleType
[14Apr2025 13:48:36.789] [main/DEBUG] [mixin/]: Renaming @Invoker method init(Ljava/util/Optional;)Lnet/minecraft/world/entity/ai/memory/MemoryModuleType; to init_$md$494654$0 in forge-mca.mixin.json:MixinMemoryModuleType
[14Apr2025 13:48:36.796] [main/DEBUG] [mixin/]: Mixing MixinSensorType from forge-mca.mixin.json into net.minecraft.world.entity.ai.sensing.SensorType
[14Apr2025 13:48:36.796] [main/DEBUG] [mixin/]: Renaming @Invoker method init(Ljava/util/function/Supplier;)Lnet/minecraft/world/entity/ai/sensing/SensorType; to init_$md$494654$0 in forge-mca.mixin.json:MixinSensorType
[14Apr2025 13:48:36.801] [main/DEBUG] [mixin/]: Mixing MixinActivity from forge-mca.mixin.json into net.minecraft.world.entity.schedule.Activity
[14Apr2025 13:48:36.801] [main/DEBUG] [mixin/]: Renaming @Invoker method init(Ljava/lang/String;)Lnet/minecraft/world/entity/schedule/Activity; to init_$md$494654$0 in forge-mca.mixin.json:MixinActivity
[14Apr2025 13:48:36.812] [main/DEBUG] [mixin/]: Mixing KeepRichSoilGiantTreeMixin from farmersdelight.mixins.json into net.minecraft.world.level.levelgen.feature.Feature
[14Apr2025 13:48:36.812] [main/DEBUG] [mixin/]: Renaming synthetic method lambda$keepRichSoil$0(Lnet/minecraft/world/level/block/state/BlockState;)Z to md494654$lambda$keepRichSoil$0$0 in farmersdelight.mixins.json:KeepRichSoilGiantTreeMixin
[14Apr2025 13:48:36.868] [main/DEBUG] [mixin/]: Mixing accessor.FireBlockForgeAccessor from puzzleslib.forge.mixins.json into net.minecraft.world.level.block.FireBlock
[14Apr2025 13:48:36.929] [main/DEBUG] [mixin/]: Mixing ShapesMixin from creativecore.mixins.json into net.minecraft.world.phys.shapes.Shapes
[14Apr2025 13:48:37.089] [main/DEBUG] [mixin/]: Mixing VoxelShapeAccessor from creativecore.mixins.json into net.minecraft.world.phys.shapes.VoxelShape
[14Apr2025 13:48:37.394] [main/DEBUG] [net.minecraftforge.coremod.transformer.CoreModBaseTransformer/COREMOD]: Transforming net/minecraft/world/level/block/LiquidBlock
[14Apr2025 13:48:37.394] [main/DEBUG] [mixin/]: Mixing inject.MixinLiquidBlock from architectury-common.mixins.json into net.minecraft.world.level.block.LiquidBlock
[14Apr2025 13:48:37.409] [main/DEBUG] [mixin/]: Mixing CuttingBoardDispenserMixin from farmersdelight.mixins.json into net.minecraft.world.level.block.DispenserBlock
[14Apr2025 13:48:37.448] [main/DEBUG] [net.minecraftforge.coremod.transformer.CoreModBaseTransformer/COREMOD]: Transforming net/minecraft/world/level/block/StairBlock
[14Apr2025 13:48:37.461] [main/DEBUG] [mixin/]: Mixing CropBlockMixin from balm.mixins.json into net.minecraft.world.level.block.CropBlock
[14Apr2025 13:48:37.514] [main/DEBUG] [mixin/]: Mixing StemBlockMixin from balm.mixins.json into net.minecraft.world.level.block.StemBlock
[14Apr2025 13:48:37.550] [main/DEBUG] [net.minecraftforge.coremod.transformer.CoreModBaseTransformer/COREMOD]: Transforming net/minecraft/world/level/block/FlowerPotBlock
[14Apr2025 13:48:37.624] [main/DEBUG] [mixin/]: Mixing reinforced.BubbleColumnBlockMixin from securitycraft.mixins.json into net.minecraft.world.level.block.BubbleColumnBlock
[14Apr2025 13:48:37.678] [main/DEBUG] [mixin/]: Mixing CampfireBaleMixin from farmersdelight.mixins.json into net.minecraft.world.level.block.CampfireBlock
[14Apr2025 13:48:37.903] [main/DEBUG] [mixin/]: Mixing BlockEntityMixin from refurbished_furniture.common.mixins.json into net.minecraft.world.level.block.entity.BlockEntity
[14Apr2025 13:48:37.904] [main/DEBUG] [mixin/]: Mixing BlockEntityMixin from collective_forge.mixins.json into net.minecraft.world.level.block.entity.BlockEntity
[14Apr2025 13:48:37.924] [main/DEBUG] [mixin/]: Mixing MixinFallingBlockEntity from architectury.mixins.json into net.minecraft.world.entity.item.FallingBlockEntity
[14Apr2025 13:48:38.486] [main/DEBUG] [mixin/]: Mixing KeepRichSoilTreeMixin from farmersdelight.mixins.json into net.minecraft.world.level.levelgen.feature.trunkplacers.TrunkPlacer
[14Apr2025 13:48:38.487] [main/DEBUG] [mixin/]: Renaming synthetic method lambda$cancelSetDirtIfRichSoil$0(Lnet/minecraft/world/level/block/state/BlockState;)Z to md494654$lambda$cancelSetDirtIfRichSoil$0$0 in farmersdelight.mixins.json:KeepRichSoilTreeMixin
[14Apr2025 13:48:38.538] [main/DEBUG] [mixin/]: Mixing MixinDefaultParticleType from forge-mca.mixin.json into net.minecraft.core.particles.SimpleParticleType
[14Apr2025 13:48:38.541] [main/DEBUG] [mixin/]: Renaming @Invoker method init(Z)Lnet/minecraft/core/particles/SimpleParticleType; to init_$md$494654$0 in forge-mca.mixin.json:MixinDefaultParticleType
[14Apr2025 13:48:38.738] [main/DEBUG] [mixin/]: Mixing MixinAbstractFurnaceBlockEntity from forge-mca.mixin.json into net.minecraft.world.level.block.entity.AbstractFurnaceBlockEntity
[14Apr2025 13:48:38.740] [main/DEBUG] [mixin/]: Renaming synthetic method lambda$onDropExperience$0(Lnet/minecraft/server/level/ServerPlayer;Lnet/minecraft/resources/ResourceLocation;Ljava/lang/Integer;)V to md494654$lambda$onDropExperience$0$0 in forge-mca.mixin.json:MixinAbstractFurnaceBlockEntity
[14Apr2025 13:48:38.874] [main/DEBUG] [mixin/]: Mixing MixinMob from mixins.epicfight.json into net.minecraft.world.entity.Mob
[14Apr2025 13:48:38.993] [main/DEBUG] [net.minecraftforge.coremod.transformer.CoreModBaseTransformer/COREMOD]: Transforming net/minecraft/world/item/ItemStack
[14Apr2025 13:48:38.995] [main/DEBUG] [mixin/]: Mixing item.AnimatedItemNameMixin from necronomicon-common.mixins.json into net.minecraft.world.item.ItemStack
[14Apr2025 13:48:39.107] [main/DEBUG] [mixin/]: Mixing MixinWitherBoss from mixins.epicfight.json into net.minecraft.world.entity.boss.wither.WitherBoss
[14Apr2025 13:48:39.111] [main/DEBUG] [mixin/]: Renaming @Unique method m_7515_()Lnet/minecraft/sounds/SoundEvent; to md494654$m_7515_$0 in mixins.epicfight.json:MixinWitherBoss
[14Apr2025 13:48:39.142] [main/WARN] [mixin/]: @Final field f_31427_:[I in mixins.epicfight.json:MixinWitherBoss should be final
[14Apr2025 13:48:39.143] [main/WARN] [mixin/]: @Final field f_31428_:[I in mixins.epicfight.json:MixinWitherBoss should be final
[14Apr2025 13:48:39.715] [main/DEBUG] [mixin/]: Mixing SmithingMenuMixin from citadel.mixins.json into net.minecraft.world.inventory.SmithingMenu
[14Apr2025 13:48:39.977] [main/DEBUG] [mixin/]: Mixing MixinLightningBolt from architectury-common.mixins.json into net.minecraft.world.entity.LightningBolt
[14Apr2025 13:48:40.102] [main/DEBUG] [net.minecraftforge.coremod.transformer.CoreModBaseTransformer/COREMOD]: Transforming net/minecraft/world/entity/animal/frog/Tadpole
[14Apr2025 13:48:40.151] [main/DEBUG] [mixin/]: Mixing accessor.BlockItemAccessor from puzzleslib.common.mixins.json into net.minecraft.world.item.BlockItem
[14Apr2025 13:48:40.174] [main/DEBUG] [mixin/]: Mixing boat.BoatItemMixin from securitycraft.mixins.json into net.minecraft.world.item.BoatItem
[14Apr2025 13:48:40.187] [main/DEBUG] [mixin/]: Mixing MixinFlintAndSteelItem from forge-mca.mixin.json into net.minecraft.world.item.FlintAndSteelItem
[14Apr2025 13:48:40.187] [main/DEBUG] [mixin/]: Renaming synthetic method lambda$mca$onUseOnBlock$0(Lnet/minecraft/server/level/ServerLevel;Lnet/minecraft/world/item/context/UseOnContext;)V to md494654$lambda$mca$onUseOnBlock$0$0 in forge-mca.mixin.json:MixinFlintAndSteelItem
[14Apr2025 13:48:40.208] [main/DEBUG] [mixin/]: Mixing SoupItemMixin from farmersdelight.mixins.json into net.minecraft.world.item.BowlFoodItem
[14Apr2025 13:48:40.230] [main/DEBUG] [net.minecraftforge.coremod.transformer.CoreModBaseTransformer/COREMOD]: Transforming net/minecraft/world/item/BucketItem
[14Apr2025 13:48:40.230] [main/DEBUG] [mixin/]: Mixing inject.MixinBucketItem from architectury-common.mixins.json into net.minecraft.world.item.BucketItem
[14Apr2025 13:48:40.238] [main/DEBUG] [mixin/]: Mixing MixinMilkBucketItem from forge-mca.mixin.json into net.minecraft.world.item.MilkBucketItem
[14Apr2025 13:48:40.259] [main/DEBUG] [mixin/]: Mixing BoneMealItemMixin from collective_forge.mixins.json into net.minecraft.world.item.BoneMealItem
[14Apr2025 13:48:40.271] [main/DEBUG] [mixin/]: Mixing reinforced.WritableAndWrittenBookItemMixin from securitycraft.mixins.json into net.minecraft.world.item.WritableBookItem
[14Apr2025 13:48:40.277] [main/DEBUG] [mixin/]: Mixing reinforced.WritableAndWrittenBookItemMixin from securitycraft.mixins.json into net.minecraft.world.item.WrittenBookItem
[14Apr2025 13:48:40.305] [main/DEBUG] [mixin/]: Mixing suspiciousmines.BrushItemMixin from securitycraft.mixins.json into net.minecraft.world.item.BrushItem
[14Apr2025 13:48:40.306] [main/DEBUG] [mixin/]: Renaming synthetic method lambda$securitycraft$checkForSuspiciousMine$1(Lnet/minecraft/world/entity/player/Player;)V to md494654$lambda$securitycraft$checkForSuspiciousMine$1$0 in securitycraft.mixins.json:suspiciousmines.BrushItemMixin
[14Apr2025 13:48:40.306] [main/DEBUG] [mixin/]: Renaming synthetic method lambda$securitycraft$makeSuspiciousMinesBrushablePartTwo$0(Lnet/minecraft/world/entity/Entity;)Z to md494654$lambda$securitycraft$makeSuspiciousMinesBrushablePartTwo$0$1 in securitycraft.mixins.json:suspiciousmines.BrushItemMixin
[14Apr2025 13:48:40.322] [main/DEBUG] [mixin/]: Mixing inject.MixinItemProperties from architectury-common.mixins.json into net.minecraft.world.item.Item$Properties
[14Apr2025 13:48:41.354] [main/DEBUG] [mixin/]: Mixing boat.BoatMixin from securitycraft.mixins.json into net.minecraft.world.entity.vehicle.Boat
[14Apr2025 13:48:41.366] [main/DEBUG] [mixin/]: Mixing MixinHorseBaseEntity from forge-mca.mixin.json into net.minecraft.world.entity.animal.horse.AbstractHorse
[14Apr2025 13:48:41.398] [main/DEBUG] [net.minecraftforge.coremod.transformer.CoreModBaseTransformer/COREMOD]: Transforming net/minecraft/world/entity/monster/Spider
[14Apr2025 13:48:41.466] [main/DEBUG] [net.minecraftforge.coremod.transformer.CoreModBaseTransformer/COREMOD]: Transforming net/minecraft/world/entity/monster/Zombie
[14Apr2025 13:48:41.522] [main/DEBUG] [mixin/]: Mixing MixinZombieEntity from forge-mca.mixin.json into net.minecraft.world.entity.monster.Zombie
[14Apr2025 13:48:41.530] [main/DEBUG] [net.minecraftforge.coremod.transformer.CoreModBaseTransformer/COREMOD]: Transforming net/minecraft/world/entity/monster/ZombieVillager
[14Apr2025 13:48:41.559] [main/DEBUG] [mixin/]: Mixing MixinZombieVillagerEntity from forge-mca.mixin.json into net.minecraft.world.entity.monster.ZombieVillager
[14Apr2025 13:48:41.570] [main/DEBUG] [mixin/]: Mixing MixinThrownTrident from mixins.epicfight.json into net.minecraft.world.entity.projectile.ThrownTrident
[14Apr2025 13:48:41.593] [main/DEBUG] [mixin/]: Mixing MixinEndCrystal from mixins.epicfight.json into net.minecraft.world.entity.boss.enderdragon.EndCrystal
[14Apr2025 13:48:41.629] [main/DEBUG] [net.minecraftforge.coremod.transformer.CoreModBaseTransformer/COREMOD]: Transforming net/minecraft/world/entity/monster/Evoker$EvokerSummonSpellGoal
[14Apr2025 13:48:41.670] [main/DEBUG] [mixin/]: Mixing MixinGoatEntity from forge-mca.mixin.json into net.minecraft.world.entity.animal.goat.Goat
[14Apr2025 13:48:41.670] [main/DEBUG] [mixin/]: Renaming synthetic method lambda$getMilkingSound$1(Lnet/minecraft/server/level/ServerPlayer;)V to md494654$lambda$getMilkingSound$1$0 in forge-mca.mixin.json:MixinGoatEntity
[14Apr2025 13:48:41.671] [main/DEBUG] [mixin/]: Renaming synthetic method lambda$getMilkingSound$0(Lnet/minecraft/server/level/ServerPlayer;)Z to md494654$lambda$getMilkingSound$0$1 in forge-mca.mixin.json:MixinGoatEntity
[14Apr2025 13:48:41.672] [main/DEBUG] [net.minecraftforge.coremod.transformer.CoreModBaseTransformer/COREMOD]: Transforming net/minecraft/world/level/biome/Biome
[14Apr2025 13:48:41.678] [main/DEBUG] [net.minecraftforge.coremod.transformer.CoreModBaseTransformer/COREMOD]: Transforming net/minecraft/world/level/NaturalSpawner
[14Apr2025 13:48:41.800] [main/DEBUG] [mixin/]: Mixing RabbitsEatCabbageMixin from farmersdelight.mixins.json into net.minecraft.world.entity.animal.Rabbit
[14Apr2025 13:48:41.818] [main/DEBUG] [net.minecraftforge.coremod.transformer.CoreModBaseTransformer/COREMOD]: Transforming net/minecraft/world/entity/animal/horse/SkeletonTrapGoal
[14Apr2025 13:48:41.854] [main/DEBUG] [net.minecraftforge.coremod.transformer.CoreModBaseTransformer/COREMOD]: Transforming net/minecraft/world/entity/monster/Strider
[14Apr2025 13:48:41.939] [main/WARN] [net.minecraft.network.syncher.SynchedEntityData/]: defineId called for: class net.minecraft.world.entity.LivingEntity from class yesman.epicfight.world.capabilities.entitypatch.LivingEntityPatch
[14Apr2025 13:48:41.940] [main/WARN] [net.minecraft.network.syncher.SynchedEntityData/]: defineId called for: class net.minecraft.world.entity.LivingEntity from class yesman.epicfight.world.capabilities.entitypatch.LivingEntityPatch
[14Apr2025 13:48:41.940] [main/WARN] [net.minecraft.network.syncher.SynchedEntityData/]: defineId called for: class net.minecraft.world.entity.LivingEntity from class yesman.epicfight.world.capabilities.entitypatch.LivingEntityPatch
[14Apr2025 13:48:41.941] [main/WARN] [net.minecraft.network.syncher.SynchedEntityData/]: defineId called for: class net.minecraft.world.entity.LivingEntity from class yesman.epicfight.world.capabilities.entitypatch.LivingEntityPatch
[14Apr2025 13:48:41.947] [main/DEBUG] [net.minecraftforge.coremod.transformer.CoreModBaseTransformer/COREMOD]: Transforming net/minecraft/server/level/ServerPlayer
[14Apr2025 13:48:41.950] [main/DEBUG] [net.minecraftforge.coremod.transformer.CoreModBaseTransformer/COREMOD]: Transforming net/minecraft/server/level/ServerPlayer
[14Apr2025 13:48:41.951] [main/DEBUG] [mixin/]: Mixing ServerPlayerEntityMixin from simplyswords-common.mixins.json into net.minecraft.server.level.ServerPlayer
[14Apr2025 13:48:41.951] [main/DEBUG] [mixin/]: Renaming synthetic method lambda$simplyswords$tick$3(Lnet/minecraft/tags/TagKey;Lnet/minecraft/world/item/Item;)Z to md494654$lambda$simplyswords$tick$3$0 in simplyswords-common.mixins.json:ServerPlayerEntityMixin
[14Apr2025 13:48:41.951] [main/DEBUG] [mixin/]: Renaming synthetic method lambda$simplyswords$tick$2(Lnet/minecraft/tags/TagKey;Lnet/minecraft/world/item/Item;)Z to md494654$lambda$simplyswords$tick$2$1 in simplyswords-common.mixins.json:ServerPlayerEntityMixin
[14Apr2025 13:48:41.952] [main/DEBUG] [mixin/]: Renaming synthetic method lambda$simplyswords$tick$1(Lnet/minecraft/world/entity/player/Player;Lnet/minecraft/world/entity/Entity;)D to md494654$lambda$simplyswords$tick$1$2 in simplyswords-common.mixins.json:ServerPlayerEntityMixin
[14Apr2025 13:48:41.952] [main/DEBUG] [mixin/]: Renaming synthetic method lambda$simplyswords$tick$0(Lnet/minecraft/world/entity/player/Player;Lnet/minecraft/world/entity/Entity;)Z to md494654$lambda$simplyswords$tick$0$3 in simplyswords-common.mixins.json:ServerPlayerEntityMixin
[14Apr2025 13:48:41.968] [main/DEBUG] [mixin/]: Mixing ServerPlayerMixin from playerrevive.mixins.json into net.minecraft.server.level.ServerPlayer
[14Apr2025 13:48:41.968] [main/DEBUG] [mixin/]: Mixing camera.ServerPlayerMixin from securitycraft.mixins.json into net.minecraft.server.level.ServerPlayer
[14Apr2025 13:48:42.033] [main/DEBUG] [net.minecraftforge.coremod.transformer.CoreModBaseTransformer/COREMOD]: Transforming net/minecraft/world/level/chunk/LevelChunk
[14Apr2025 13:48:42.033] [main/DEBUG] [net.minecraftforge.coremod.transformer.CoreModBaseTransformer/COREMOD]: Transforming net/minecraft/world/level/chunk/LevelChunk
[14Apr2025 13:48:42.033] [main/DEBUG] [mixin/]: Mixing LevelChunkMixin from refurbished_furniture.common.mixins.json into net.minecraft.world.level.chunk.LevelChunk
[14Apr2025 13:48:42.036] [main/WARN] [mixin/]: @Inject(@At("INVOKE_ASSIGN")) Shift.BY=2 on refurbished_furniture.common.mixins.json:LevelChunkMixin::handler$zem000$refurbishedFurniture$AfterRemoveBlockEntity exceeds the maximum allowed value: 0. Increase the value of maxShiftBy to suppress this warning.
[14Apr2025 13:48:42.063] [main/DEBUG] [net.minecraftforge.coremod.transformer.CoreModBaseTransformer/COREMOD]: Transforming net/minecraft/world/entity/npc/Villager
[14Apr2025 13:48:42.113] [main/DEBUG] [mixin/]: Mixing MixinVillagerEntity from forge-mca.mixin.json into net.minecraft.world.entity.npc.Villager
[14Apr2025 13:48:42.114] [main/DEBUG] [mixin/]: Mixing MixinVillagerEntityInvoker from forge-mca.mixin.json into net.minecraft.world.entity.npc.Villager
[14Apr2025 13:48:42.173] [main/DEBUG] [mixin/]: Mixing inject.MixinFoodPropertiesBuilder from architectury-common.mixins.json into net.minecraft.world.food.FoodProperties$Builder
[14Apr2025 13:48:42.175] [main/DEBUG] [net.minecraftforge.coremod.transformer.CoreModBaseTransformer/COREMOD]: Transforming net/minecraft/world/effect/MobEffectInstance
[14Apr2025 13:48:42.203] [main/DEBUG] [mixin/]: Mixing MixinServerGamePacketListenerImpl from mixins.epicfight.json into net.minecraft.server.network.ServerGamePacketListenerImpl
[14Apr2025 13:48:42.204] [main/DEBUG] [mixin/]: Mixing MixinServerPlayNetworkHandler from forge-mca.mixin.json into net.minecraft.server.network.ServerGamePacketListenerImpl
[14Apr2025 13:48:42.205] [main/DEBUG] [mixin/]: Renaming synthetic method lambda$mca$runAsyncAnswerRequest$2(Lnet/minecraft/server/level/ServerPlayer;Lforge/net/mca/entity/VillagerEntityMCA;Ljava/lang/String;)V to md494654$lambda$mca$runAsyncAnswerRequest$2$0 in forge-mca.mixin.json:MixinServerPlayNetworkHandler
[14Apr2025 13:48:42.205] [main/DEBUG] [mixin/]: Renaming synthetic method lambda$mca$runAsyncAnswerRequest$1(Lforge/net/mca/entity/VillagerEntityMCA;Lnet/minecraft/server/level/ServerPlayer;Ljava/lang/String;)V to md494654$lambda$mca$runAsyncAnswerRequest$1$1 in forge-mca.mixin.json:MixinServerPlayNetworkHandler
[14Apr2025 13:48:42.205] [main/DEBUG] [mixin/]: Renaming synthetic method lambda$sendMessage$0(Ljava/lang/String;Lforge/net/mca/entity/VillagerEntityMCA;)V to md494654$lambda$sendMessage$0$2 in forge-mca.mixin.json:MixinServerPlayNetworkHandler
[14Apr2025 13:48:42.235] [main/DEBUG] [mixin/]: Mixing accessor.PotionBrewingForgeAccessor from puzzleslib.forge.mixins.json into net.minecraft.world.item.alchemy.PotionBrewing
[14Apr2025 13:48:42.235] [main/DEBUG] [mixin/]: Renaming @Accessor method puzzleslib$getPotionMixes()Ljava/util/List; to puzzleslib$getPotionMixes_$md$494654$0 in puzzleslib.forge.mixins.json:accessor.PotionBrewingForgeAccessor
[14Apr2025 13:48:42.235] [main/DEBUG] [mixin/]: Renaming @Accessor method puzzleslib$getContainerMixes()Ljava/util/List; to puzzleslib$getContainerMixes_$md$494654$1 in puzzleslib.forge.mixins.json:accessor.PotionBrewingForgeAccessor
[14Apr2025 13:48:42.235] [main/DEBUG] [mixin/]: Renaming @Accessor method puzzleslib$getAllowedContainers()Ljava/util/List; to puzzleslib$getAllowedContainers_$md$494654$2 in puzzleslib.forge.mixins.json:accessor.PotionBrewingForgeAccessor
[14Apr2025 13:48:42.314] [main/DEBUG] [mixin/]: Mixing potion.BrewingStandMenuMixin from securitycraft.mixins.json into net.minecraft.world.inventory.BrewingStandMenu
[14Apr2025 13:48:42.350] [main/DEBUG] [mixin/]: Mixing ChunkGeneratorMixin from citadel.mixins.json into net.minecraft.world.level.chunk.ChunkGenerator
[14Apr2025 13:48:42.389] [main/DEBUG] [mixin/]: Mixing InventoryMixin from carryon.mixins.json into net.minecraft.world.entity.player.Inventory
[14Apr2025 13:48:42.391] [main/DEBUG] [mixin/]: Mixing MixinPlayerInventory from forge-mca.mixin.json into net.minecraft.world.entity.player.Inventory
[14Apr2025 13:48:42.415] [main/DEBUG] [mixin/]: Mixing SlotAccessor from balm.mixins.json into net.minecraft.world.inventory.Slot
[14Apr2025 13:48:42.690] [main/DEBUG] [mixin/]: Mixing gen.NoLakesInStructuresMixin from iceandfire.mixins.json into net.minecraft.world.level.levelgen.feature.LakeFeature
[14Apr2025 13:48:42.694] [main/DEBUG] [net.minecraftforge.coremod.transformer.CoreModBaseTransformer/COREMOD]: Transforming net/minecraft/world/level/levelgen/structure/Structure
[14Apr2025 13:48:42.842] [main/DEBUG] [net.minecraftforge.coremod.transformer.CoreModBaseTransformer/COREMOD]: Transforming net/minecraft/world/level/levelgen/structure/Structure
[14Apr2025 13:48:42.889] [main/DEBUG] [net.minecraftforge.coremod.transformer.CoreModBaseTransformer/COREMOD]: Transforming net/minecraft/world/level/levelgen/structure/structures/OceanRuinPieces$OceanRuinPiece
[14Apr2025 13:48:42.904] [main/DEBUG] [net.minecraftforge.coremod.transformer.CoreModBaseTransformer/COREMOD]: Transforming net/minecraft/world/level/levelgen/structure/structures/SwampHutPiece
[14Apr2025 13:48:42.918] [main/DEBUG] [net.minecraftforge.coremod.transformer.CoreModBaseTransformer/COREMOD]: Transforming net/minecraft/world/level/levelgen/structure/structures/OceanMonumentPieces$OceanMonumentPiece
[14Apr2025 13:48:42.936] [main/DEBUG] [net.minecraftforge.coremod.transformer.CoreModBaseTransformer/COREMOD]: Transforming net/minecraft/world/level/levelgen/structure/structures/WoodlandMansionPieces$WoodlandMansionPiece
[14Apr2025 13:48:42.970] [main/DEBUG] [mixin/]: Mixing StructureTemplatePoolAccessor from waystones.mixins.json into net.minecraft.world.level.levelgen.structure.pools.StructureTemplatePool
[14Apr2025 13:48:43.059] [main/DEBUG] [net.minecraftforge.coremod.transformer.CoreModBaseTransformer/COREMOD]: Transforming net/minecraft/world/level/biome/Biome
[14Apr2025 13:48:43.088] [main/DEBUG] [mixin/]: Mixing accessor.MobSpawnSettingsBuilderForgeAccessor from puzzleslib.forge.mixins.json into net.minecraft.world.level.biome.MobSpawnSettings$Builder
[14Apr2025 13:48:43.119] [main/DEBUG] [mixin/]: Mixing NoiseBasedChunkGeneratorMixin from citadel.mixins.json into net.minecraft.world.level.levelgen.NoiseBasedChunkGenerator
[14Apr2025 13:48:43.226] [main/DEBUG] [mixin/]: Mixing SinglePoolElementMixin from waystones.mixins.json into net.minecraft.world.level.levelgen.structure.pools.SinglePoolElement
[14Apr2025 13:48:43.228] [main/DEBUG] [mixin/]: Renaming synthetic method lambda$waystones$isWaystone$1(Lnet/minecraft/world/level/levelgen/structure/templatesystem/StructureTemplate;)V to md494654$lambda$waystones$isWaystone$1$0 in waystones.mixins.json:SinglePoolElementMixin
[14Apr2025 13:48:43.228] [main/DEBUG] [mixin/]: Renaming synthetic method lambda$waystones$isWaystone$0(Lnet/minecraft/resources/ResourceLocation;)V to md494654$lambda$waystones$isWaystone$0$1 in waystones.mixins.json:SinglePoolElementMixin
[14Apr2025 13:48:43.232] [main/DEBUG] [net.minecraftforge.coremod.transformer.CoreModBaseTransformer/COREMOD]: Transforming net/minecraft/world/level/levelgen/structure/templatesystem/StructureTemplate
[14Apr2025 13:48:43.433] [main/DEBUG] [net.minecraftforge.common.ForgeI18n/CORE]: Loading I18N data entries: 6430
[14Apr2025 13:48:43.472] [main/DEBUG] [net.minecraftforge.fml.ModWorkManager/LOADING]: Using 4 threads for parallel mod-loading
[14Apr2025 13:48:43.480] [main/DEBUG] [net.minecraftforge.fml.javafmlmod.FMLJavaModLanguageProvider/LOADING]: Loading FMLModContainer from classloader cpw.mods.modlauncher.TransformingClassLoader@1b24ea2a - got cpw.mods.cl.ModuleClassLoader@4d8126f
[14Apr2025 13:48:43.481] [main/DEBUG] [net.minecraftforge.fml.javafmlmod.FMLModContainer/LOADING]: Creating FMLModContainer instance for net.blay09.mods.kuma.forge.ForgeKumaAPI
[14Apr2025 13:48:43.485] [main/DEBUG] [net.minecraftforge.fml.javafmlmod.FMLJavaModLanguageProvider/LOADING]: Loading FMLModContainer from classloader cpw.mods.modlauncher.TransformingClassLoader@1b24ea2a - got cpw.mods.cl.ModuleClassLoader@4d8126f
[14Apr2025 13:48:43.485] [main/DEBUG] [net.minecraftforge.fml.javafmlmod.FMLModContainer/LOADING]: Creating FMLModContainer instance for elocindev.animation_overhaul.AnimationOverhaul
[14Apr2025 13:48:43.486] [main/DEBUG] [net.minecraftforge.fml.javafmlmod.FMLJavaModLanguageProvider/LOADING]: Loading FMLModContainer from classloader cpw.mods.modlauncher.TransformingClassLoader@1b24ea2a - got cpw.mods.cl.ModuleClassLoader@4d8126f
[14Apr2025 13:48:43.486] [main/DEBUG] [net.minecraftforge.fml.javafmlmod.FMLModContainer/LOADING]: Creating FMLModContainer instance for dev.kosmx.playerAnim.forge.ForgeModInterface
[14Apr2025 13:48:43.486] [main/DEBUG] [net.minecraftforge.fml.javafmlmod.FMLJavaModLanguageProvider/LOADING]: Loading FMLModContainer from classloader cpw.mods.modlauncher.TransformingClassLoader@1b24ea2a - got cpw.mods.cl.ModuleClassLoader@4d8126f
[14Apr2025 13:48:43.486] [main/DEBUG] [net.minecraftforge.fml.javafmlmod.FMLModContainer/LOADING]: Creating FMLModContainer instance for mezz.jei.forge.JustEnoughItems
[14Apr2025 13:48:43.487] [main/DEBUG] [net.minecraftforge.fml.javafmlmod.FMLJavaModLanguageProvider/LOADING]: Loading FMLModContainer from classloader cpw.mods.modlauncher.TransformingClassLoader@1b24ea2a - got cpw.mods.cl.ModuleClassLoader@4d8126f
[14Apr2025 13:48:43.487] [main/DEBUG] [net.minecraftforge.fml.javafmlmod.FMLModContainer/LOADING]: Creating FMLModContainer instance for net.blay09.mods.kleeslabs.ForgeKleeSlabs
[14Apr2025 13:48:43.487] [main/DEBUG] [net.minecraftforge.fml.javafmlmod.FMLJavaModLanguageProvider/LOADING]: Loading FMLModContainer from classloader cpw.mods.modlauncher.TransformingClassLoader@1b24ea2a - got cpw.mods.cl.ModuleClassLoader@4d8126f
[14Apr2025 13:48:43.488] [main/DEBUG] [net.minecraftforge.fml.javafmlmod.FMLModContainer/LOADING]: Creating FMLModContainer instance for vazkii.neat.NeatForgeInitializer
[14Apr2025 13:48:43.488] [main/DEBUG] [net.minecraftforge.fml.javafmlmod.FMLJavaModLanguageProvider/LOADING]: Loading FMLModContainer from classloader cpw.mods.modlauncher.TransformingClassLoader@1b24ea2a - got cpw.mods.cl.ModuleClassLoader@4d8126f
[14Apr2025 13:48:43.488] [main/DEBUG] [net.minecraftforge.fml.javafmlmod.FMLModContainer/LOADING]: Creating FMLModContainer instance for net.blay09.mods.waystones.ForgeWaystones
[14Apr2025 13:48:43.488] [main/DEBUG] [net.minecraftforge.fml.javafmlmod.FMLJavaModLanguageProvider/LOADING]: Loading FMLModContainer from classloader cpw.mods.modlauncher.TransformingClassLoader@1b24ea2a - got cpw.mods.cl.ModuleClassLoader@4d8126f
[14Apr2025 13:48:43.489] [main/DEBUG] [net.minecraftforge.fml.javafmlmod.FMLModContainer/LOADING]: Creating FMLModContainer instance for yesman.epicfight.main.EpicFightMod
[14Apr2025 13:48:43.490] [main/DEBUG] [net.minecraftforge.fml.javafmlmod.FMLJavaModLanguageProvider/LOADING]: Loading FMLModContainer from classloader cpw.mods.modlauncher.TransformingClassLoader@1b24ea2a - got cpw.mods.cl.ModuleClassLoader@4d8126f
[14Apr2025 13:48:43.490] [main/DEBUG] [net.minecraftforge.fml.javafmlmod.FMLModContainer/LOADING]: Creating FMLModContainer instance for xaero.map.WorldMapForge
[14Apr2025 13:48:43.491] [main/DEBUG] [net.minecraftforge.fml.javafmlmod.FMLJavaModLanguageProvider/LOADING]: Loading FMLModContainer from classloader cpw.mods.modlauncher.TransformingClassLoader@1b24ea2a - got cpw.mods.cl.ModuleClassLoader@4d8126f
[14Apr2025 13:48:43.491] [main/DEBUG] [net.minecraftforge.fml.javafmlmod.FMLModContainer/LOADING]: Creating FMLModContainer instance for com.github.alexthe666.citadel.Citadel
[14Apr2025 13:48:43.492] [main/DEBUG] [net.minecraftforge.fml.javafmlmod.FMLJavaModLanguageProvider/LOADING]: Loading FMLModContainer from classloader cpw.mods.modlauncher.TransformingClassLoader@1b24ea2a - got cpw.mods.cl.ModuleClassLoader@4d8126f
[14Apr2025 13:48:43.493] [main/DEBUG] [net.minecraftforge.fml.javafmlmod.FMLModContainer/LOADING]: Creating FMLModContainer instance for com.github.alexthe666.alexsmobs.AlexsMobs
[14Apr2025 13:48:43.494] [main/DEBUG] [net.minecraftforge.fml.javafmlmod.FMLJavaModLanguageProvider/LOADING]: Loading FMLModContainer from classloader cpw.mods.modlauncher.TransformingClassLoader@1b24ea2a - got cpw.mods.cl.ModuleClassLoader@4d8126f
[14Apr2025 13:48:43.494] [main/DEBUG] [net.minecraftforge.fml.javafmlmod.FMLModContainer/LOADING]: Creating FMLModContainer instance for com.tiviacz.travelersbackpack.TravelersBackpack
[14Apr2025 13:48:43.495] [main/DEBUG] [net.minecraftforge.fml.javafmlmod.FMLJavaModLanguageProvider/LOADING]: Loading FMLModContainer from classloader cpw.mods.modlauncher.TransformingClassLoader@1b24ea2a - got cpw.mods.cl.ModuleClassLoader@4d8126f
[14Apr2025 13:48:43.495] [main/DEBUG] [net.minecraftforge.fml.javafmlmod.FMLModContainer/LOADING]: Creating FMLModContainer instance for com.llamalad7.mixinextras.platform.forge.MixinExtrasMod
[14Apr2025 13:48:43.496] [main/DEBUG] [net.minecraftforge.fml.javafmlmod.FMLJavaModLanguageProvider/LOADING]: Loading FMLModContainer from classloader cpw.mods.modlauncher.TransformingClassLoader@1b24ea2a - got cpw.mods.cl.ModuleClassLoader@4d8126f
[14Apr2025 13:48:43.496] [main/DEBUG] [net.minecraftforge.fml.javafmlmod.FMLModContainer/LOADING]: Creating FMLModContainer instance for com.github.alexthe666.iceandfire.IceAndFire
[14Apr2025 13:48:43.497] [main/DEBUG] [net.minecraftforge.fml.javafmlmod.FMLJavaModLanguageProvider/LOADING]: Loading FMLModContainer from classloader cpw.mods.modlauncher.TransformingClassLoader@1b24ea2a - got cpw.mods.cl.ModuleClassLoader@4d8126f
[14Apr2025 13:48:43.497] [main/DEBUG] [net.minecraftforge.fml.javafmlmod.FMLModContainer/LOADING]: Creating FMLModContainer instance for net.blay09.mods.balm.forge.ForgeBalm
[14Apr2025 13:48:43.498] [main/DEBUG] [net.minecraftforge.fml.lowcodemod.LowCodeModLanguageProvider.LowCodeModTarget/LOADING]: Loading LowCodeModContainer from classloader cpw.mods.modlauncher.TransformingClassLoader@1b24ea2a - got cpw.mods.cl.ModuleClassLoader@4d8126f
[14Apr2025 13:48:43.498] [main/DEBUG] [net.minecraftforge.fml.lowcodemod.LowCodeModContainer/LOADING]: Creating LowCodeModContainer for terralith
[14Apr2025 13:48:43.499] [main/DEBUG] [net.minecraftforge.fml.javafmlmod.FMLJavaModLanguageProvider/LOADING]: Loading FMLModContainer from classloader cpw.mods.modlauncher.TransformingClassLoader@1b24ea2a - got cpw.mods.cl.ModuleClassLoader@4d8126f
[14Apr2025 13:48:43.500] [main/DEBUG] [net.minecraftforge.fml.javafmlmod.FMLModContainer/LOADING]: Creating FMLModContainer instance for tschipp.carryon.CarryOnForge
[14Apr2025 13:48:43.501] [main/DEBUG] [net.minecraftforge.fml.javafmlmod.FMLJavaModLanguageProvider/LOADING]: Loading FMLModContainer from classloader cpw.mods.modlauncher.TransformingClassLoader@1b24ea2a - got cpw.mods.cl.ModuleClassLoader@4d8126f
[14Apr2025 13:48:43.501] [main/DEBUG] [net.minecraftforge.fml.javafmlmod.FMLModContainer/LOADING]: Creating FMLModContainer instance for toni.sodiumoptionsapi.SodiumOptionsAPI
[14Apr2025 13:48:43.502] [main/DEBUG] [net.minecraftforge.fml.javafmlmod.FMLJavaModLanguageProvider/LOADING]: Loading FMLModContainer from classloader cpw.mods.modlauncher.TransformingClassLoader@1b24ea2a - got cpw.mods.cl.ModuleClassLoader@4d8126f
[14Apr2025 13:48:43.502] [main/DEBUG] [net.minecraftforge.fml.javafmlmod.FMLModContainer/LOADING]: Creating FMLModContainer instance for jeresources.JEResources
[14Apr2025 13:48:43.502] [main/DEBUG] [net.minecraftforge.fml.javafmlmod.FMLJavaModLanguageProvider/LOADING]: Loading FMLModContainer from classloader cpw.mods.modlauncher.TransformingClassLoader@1b24ea2a - got cpw.mods.cl.ModuleClassLoader@4d8126f
[14Apr2025 13:48:43.502] [main/DEBUG] [net.minecraftforge.fml.javafmlmod.FMLModContainer/LOADING]: Creating FMLModContainer instance for fuzs.puzzlesaccessapi.forge.PuzzlesAccessApiForge
[14Apr2025 13:48:43.503] [main/DEBUG] [net.minecraftforge.fml.javafmlmod.FMLJavaModLanguageProvider/LOADING]: Loading FMLModContainer from classloader cpw.mods.modlauncher.TransformingClassLoader@1b24ea2a - got cpw.mods.cl.ModuleClassLoader@4d8126f
[14Apr2025 13:48:43.503] [main/DEBUG] [net.minecraftforge.fml.javafmlmod.FMLModContainer/LOADING]: Creating FMLModContainer instance for me.shedaniel.clothconfig.ClothConfigForge
[14Apr2025 13:48:43.504] [main/DEBUG] [net.minecraftforge.fml.javafmlmod.FMLJavaModLanguageProvider/LOADING]: Loading FMLModContainer from classloader cpw.mods.modlauncher.TransformingClassLoader@1b24ea2a - got cpw.mods.cl.ModuleClassLoader@4d8126f
[14Apr2025 13:48:43.504] [main/DEBUG] [net.minecraftforge.fml.javafmlmod.FMLModContainer/LOADING]: Creating FMLModContainer instance for net.minecraftforge.common.ForgeMod
[14Apr2025 13:48:43.506] [main/DEBUG] [net.minecraftforge.fml.javafmlmod.FMLJavaModLanguageProvider/LOADING]: Loading FMLModContainer from classloader cpw.mods.modlauncher.TransformingClassLoader@1b24ea2a - got cpw.mods.cl.ModuleClassLoader@4d8126f
[14Apr2025 13:48:43.506] [main/DEBUG] [net.minecraftforge.fml.javafmlmod.FMLModContainer/LOADING]: Creating FMLModContainer instance for toni.sodiumdynamiclights.SodiumDynamicLights
[14Apr2025 13:48:43.507] [main/DEBUG] [net.minecraftforge.fml.javafmlmod.FMLJavaModLanguageProvider/LOADING]: Loading FMLModContainer from classloader cpw.mods.modlauncher.TransformingClassLoader@1b24ea2a - got cpw.mods.cl.ModuleClassLoader@4d8126f
[14Apr2025 13:48:43.507] [main/DEBUG] [net.minecraftforge.fml.javafmlmod.FMLModContainer/LOADING]: Creating FMLModContainer instance for de.keksuccino.konkrete.Konkrete
[14Apr2025 13:48:43.508] [main/DEBUG] [net.minecraftforge.fml.javafmlmod.FMLJavaModLanguageProvider/LOADING]: Loading FMLModContainer from classloader cpw.mods.modlauncher.TransformingClassLoader@1b24ea2a - got cpw.mods.cl.ModuleClassLoader@4d8126f
[14Apr2025 13:48:43.508] [main/DEBUG] [net.minecraftforge.fml.javafmlmod.FMLModContainer/LOADING]: Creating FMLModContainer instance for me.jellysquid.mods.sodium.client.SodiumClientMod
[14Apr2025 13:48:43.508] [main/DEBUG] [net.minecraftforge.fml.javafmlmod.FMLJavaModLanguageProvider/LOADING]: Loading FMLModContainer from classloader cpw.mods.modlauncher.TransformingClassLoader@1b24ea2a - got cpw.mods.cl.ModuleClassLoader@4d8126f
[14Apr2025 13:48:43.508] [main/DEBUG] [net.minecraftforge.fml.javafmlmod.FMLModContainer/LOADING]: Creating FMLModContainer instance for me.jellysquid.mods.sodium.client.RubidiumStub
[14Apr2025 13:48:43.509] [main/DEBUG] [net.minecraftforge.fml.javafmlmod.FMLJavaModLanguageProvider/LOADING]: Loading FMLModContainer from classloader cpw.mods.modlauncher.TransformingClassLoader@1b24ea2a - got cpw.mods.cl.ModuleClassLoader@4d8126f
[14Apr2025 13:48:43.509] [main/DEBUG] [net.minecraftforge.fml.javafmlmod.FMLModContainer/LOADING]: Creating FMLModContainer instance for de.maxhenkel.corpse.Main
[14Apr2025 13:48:43.510] [main/DEBUG] [net.minecraftforge.fml.javafmlmod.FMLJavaModLanguageProvider/LOADING]: Loading FMLModContainer from classloader cpw.mods.modlauncher.TransformingClassLoader@1b24ea2a - got cpw.mods.cl.ModuleClassLoader@4d8126f
[14Apr2025 13:48:43.511] [main/DEBUG] [net.minecraftforge.fml.javafmlmod.FMLModContainer/LOADING]: Creating FMLModContainer instance for vectorwing.farmersdelight.FarmersDelight
[14Apr2025 13:48:43.511] [main/DEBUG] [net.minecraftforge.fml.javafmlmod.FMLJavaModLanguageProvider/LOADING]: Loading FMLModContainer from classloader cpw.mods.modlauncher.TransformingClassLoader@1b24ea2a - got cpw.mods.cl.ModuleClassLoader@4d8126f
[14Apr2025 13:48:43.511] [main/DEBUG] [net.minecraftforge.fml.javafmlmod.FMLModContainer/LOADING]: Creating FMLModContainer instance for net.fabricmc.fabric.impl.base.event.FabricApiBaseMod
[14Apr2025 13:48:43.512] [main/DEBUG] [net.minecraftforge.fml.javafmlmod.FMLJavaModLanguageProvider/LOADING]: Loading FMLModContainer from classloader cpw.mods.modlauncher.TransformingClassLoader@1b24ea2a - got cpw.mods.cl.ModuleClassLoader@4d8126f
[14Apr2025 13:48:43.512] [main/DEBUG] [net.minecraftforge.fml.javafmlmod.FMLModContainer/LOADING]: Creating FMLModContainer instance for elocindev.necronomicon.CommonInitializer
[14Apr2025 13:48:43.512] [main/DEBUG] [net.minecraftforge.fml.javafmlmod.FMLJavaModLanguageProvider/LOADING]: Loading FMLModContainer from classloader cpw.mods.modlauncher.TransformingClassLoader@1b24ea2a - got cpw.mods.cl.ModuleClassLoader@4d8126f
[14Apr2025 13:48:43.513] [main/DEBUG] [net.minecraftforge.fml.javafmlmod.FMLModContainer/LOADING]: Creating FMLModContainer instance for snownee.jade.util.CommonProxy
[14Apr2025 13:48:43.514] [main/DEBUG] [net.minecraftforge.fml.javafmlmod.FMLJavaModLanguageProvider/LOADING]: Loading FMLModContainer from classloader cpw.mods.modlauncher.TransformingClassLoader@1b24ea2a - got cpw.mods.cl.ModuleClassLoader@4d8126f
[14Apr2025 13:48:43.514] [main/DEBUG] [net.minecraftforge.fml.javafmlmod.FMLModContainer/LOADING]: Creating FMLModContainer instance for team.creative.creativecore.CreativeCore
[14Apr2025 13:48:43.515] [main/DEBUG] [net.minecraftforge.fml.javafmlmod.FMLJavaModLanguageProvider/LOADING]: Loading FMLModContainer from classloader cpw.mods.modlauncher.TransformingClassLoader@1b24ea2a - got cpw.mods.cl.ModuleClassLoader@4d8126f
[14Apr2025 13:48:43.515] [main/DEBUG] [net.minecraftforge.fml.javafmlmod.FMLModContainer/LOADING]: Creating FMLModContainer instance for com.ldtteam.cleanswing.CleanSwing
[14Apr2025 13:48:43.516] [main/DEBUG] [net.minecraftforge.fml.javafmlmod.FMLJavaModLanguageProvider/LOADING]: Loading FMLModContainer from classloader cpw.mods.modlauncher.TransformingClassLoader@1b24ea2a - got cpw.mods.cl.ModuleClassLoader@4d8126f
[14Apr2025 13:48:43.516] [main/DEBUG] [net.minecraftforge.fml.javafmlmod.FMLModContainer/LOADING]: Creating FMLModContainer instance for xaero.minimap.XaeroMinimapForge
[14Apr2025 13:48:43.518] [main/DEBUG] [net.minecraftforge.fml.javafmlmod.FMLJavaModLanguageProvider/LOADING]: Loading FMLModContainer from classloader cpw.mods.modlauncher.TransformingClassLoader@1b24ea2a - got cpw.mods.cl.ModuleClassLoader@4d8126f
[14Apr2025 13:48:43.518] [main/DEBUG] [net.minecraftforge.fml.javafmlmod.FMLModContainer/LOADING]: Creating FMLModContainer instance for com.natamus.collective.CollectiveForge
[14Apr2025 13:48:43.519] [main/DEBUG] [net.minecraftforge.fml.javafmlmod.FMLJavaModLanguageProvider/LOADING]: Loading FMLModContainer from classloader cpw.mods.modlauncher.TransformingClassLoader@1b24ea2a - got cpw.mods.cl.ModuleClassLoader@4d8126f
[14Apr2025 13:48:43.519] [main/DEBUG] [net.minecraftforge.fml.javafmlmod.FMLModContainer/LOADING]: Creating FMLModContainer instance for syric.dragonseeker.Dragonseeker
[14Apr2025 13:48:43.520] [main/DEBUG] [net.minecraftforge.fml.javafmlmod.FMLJavaModLanguageProvider/LOADING]: Loading FMLModContainer from classloader cpw.mods.modlauncher.TransformingClassLoader@1b24ea2a - got cpw.mods.cl.ModuleClassLoader@4d8126f
[14Apr2025 13:48:43.520] [main/DEBUG] [net.minecraftforge.fml.javafmlmod.FMLModContainer/LOADING]: Creating FMLModContainer instance for net.geforcemods.securitycraft.SecurityCraft
[14Apr2025 13:48:43.521] [main/DEBUG] [net.minecraftforge.fml.javafmlmod.FMLJavaModLanguageProvider/LOADING]: Loading FMLModContainer from classloader cpw.mods.modlauncher.TransformingClassLoader@1b24ea2a - got cpw.mods.cl.ModuleClassLoader@4d8126f
[14Apr2025 13:48:43.521] [main/DEBUG] [net.minecraftforge.fml.javafmlmod.FMLModContainer/LOADING]: Creating FMLModContainer instance for dlovin.inventoryhud.InventoryHUD
[14Apr2025 13:48:43.522] [main/DEBUG] [net.minecraftforge.fml.javafmlmod.FMLJavaModLanguageProvider/LOADING]: Loading FMLModContainer from classloader cpw.mods.modlauncher.TransformingClassLoader@1b24ea2a - got cpw.mods.cl.ModuleClassLoader@4d8126f
[14Apr2025 13:48:43.522] [main/DEBUG] [net.minecraftforge.fml.javafmlmod.FMLModContainer/LOADING]: Creating FMLModContainer instance for dev.architectury.forge.ArchitecturyForge
[14Apr2025 13:48:43.522] [main/DEBUG] [net.minecraftforge.fml.javafmlmod.FMLJavaModLanguageProvider/LOADING]: Loading FMLModContainer from classloader cpw.mods.modlauncher.TransformingClassLoader@1b24ea2a - got cpw.mods.cl.ModuleClassLoader@4d8126f
[14Apr2025 13:48:43.522] [main/DEBUG] [net.minecraftforge.fml.javafmlmod.FMLModContainer/LOADING]: Creating FMLModContainer instance for forge.net.mca.forge.MCAForge
[14Apr2025 13:48:43.523] [main/DEBUG] [net.minecraftforge.fml.javafmlmod.FMLJavaModLanguageProvider/LOADING]: Loading FMLModContainer from classloader cpw.mods.modlauncher.TransformingClassLoader@1b24ea2a - got cpw.mods.cl.ModuleClassLoader@4d8126f
[14Apr2025 13:48:43.523] [main/DEBUG] [net.minecraftforge.fml.javafmlmod.FMLModContainer/LOADING]: Creating FMLModContainer instance for net.sweenus.simplyswords.forge.SimplySwordsForge
[14Apr2025 13:48:43.523] [main/DEBUG] [net.minecraftforge.fml.javafmlmod.FMLJavaModLanguageProvider/LOADING]: Loading FMLModContainer from classloader cpw.mods.modlauncher.TransformingClassLoader@1b24ea2a - got cpw.mods.cl.ModuleClassLoader@4d8126f
[14Apr2025 13:48:43.524] [main/DEBUG] [net.minecraftforge.fml.javafmlmod.FMLModContainer/LOADING]: Creating FMLModContainer instance for squeek.appleskin.AppleSkin
[14Apr2025 13:48:43.524] [main/DEBUG] [net.minecraftforge.fml.javafmlmod.FMLJavaModLanguageProvider/LOADING]: Loading FMLModContainer from classloader cpw.mods.modlauncher.TransformingClassLoader@1b24ea2a - got cpw.mods.cl.ModuleClassLoader@4d8126f
[14Apr2025 13:48:43.524] [main/DEBUG] [net.minecraftforge.fml.javafmlmod.FMLModContainer/LOADING]: Creating FMLModContainer instance for com.ncpbails.alexsdelight.AlexsDelight
[14Apr2025 13:48:43.525] [main/DEBUG] [net.minecraftforge.fml.javafmlmod.FMLJavaModLanguageProvider/LOADING]: Loading FMLModContainer from classloader cpw.mods.modlauncher.TransformingClassLoader@1b24ea2a - got cpw.mods.cl.ModuleClassLoader@4d8126f
[14Apr2025 13:48:43.525] [main/DEBUG] [net.minecraftforge.fml.javafmlmod.FMLModContainer/LOADING]: Creating FMLModContainer instance for bl4ckscor3.mod.globalxp.GlobalXP
[14Apr2025 13:48:43.526] [main/DEBUG] [net.minecraftforge.fml.javafmlmod.FMLJavaModLanguageProvider/LOADING]: Loading FMLModContainer from classloader cpw.mods.modlauncher.TransformingClassLoader@1b24ea2a - got cpw.mods.cl.ModuleClassLoader@4d8126f
[14Apr2025 13:48:43.526] [main/DEBUG] [net.minecraftforge.fml.javafmlmod.FMLModContainer/LOADING]: Creating FMLModContainer instance for com.mrcrayfish.furniture.refurbished.FurnitureMod
[14Apr2025 13:48:43.527] [main/DEBUG] [net.minecraftforge.fml.javafmlmod.FMLJavaModLanguageProvider/LOADING]: Loading FMLModContainer from classloader cpw.mods.modlauncher.TransformingClassLoader@1b24ea2a - got cpw.mods.cl.ModuleClassLoader@4d8126f
[14Apr2025 13:48:43.527] [main/DEBUG] [net.minecraftforge.fml.javafmlmod.FMLModContainer/LOADING]: Creating FMLModContainer instance for fuzs.puzzleslib.impl.PuzzlesLibForge
[14Apr2025 13:48:43.527] [main/DEBUG] [net.minecraftforge.fml.javafmlmod.FMLJavaModLanguageProvider/LOADING]: Loading FMLModContainer from classloader cpw.mods.modlauncher.TransformingClassLoader@1b24ea2a - got cpw.mods.cl.ModuleClassLoader@4d8126f
[14Apr2025 13:48:43.527] [main/DEBUG] [net.minecraftforge.fml.javafmlmod.FMLModContainer/LOADING]: Creating FMLModContainer instance for de.keksuccino.justzoom.JustZoomForge
[14Apr2025 13:48:43.528] [main/DEBUG] [net.minecraftforge.fml.javafmlmod.FMLJavaModLanguageProvider/LOADING]: Loading FMLModContainer from classloader cpw.mods.modlauncher.TransformingClassLoader@1b24ea2a - got cpw.mods.cl.ModuleClassLoader@4d8126f
[14Apr2025 13:48:43.528] [main/DEBUG] [net.minecraftforge.fml.javafmlmod.FMLModContainer/LOADING]: Creating FMLModContainer instance for com.mrcrayfish.framework.FrameworkForge
[14Apr2025 13:48:43.528] [main/DEBUG] [net.minecraftforge.fml.javafmlmod.FMLJavaModLanguageProvider/LOADING]: Loading FMLModContainer from classloader cpw.mods.modlauncher.TransformingClassLoader@1b24ea2a - got cpw.mods.cl.ModuleClassLoader@4d8126f
[14Apr2025 13:48:43.529] [main/DEBUG] [net.minecraftforge.fml.javafmlmod.FMLModContainer/LOADING]: Creating FMLModContainer instance for com.ferreusveritas.dynamictrees.DynamicTrees
[14Apr2025 13:48:43.529] [main/DEBUG] [net.minecraftforge.fml.javafmlmod.FMLJavaModLanguageProvider/LOADING]: Loading FMLModContainer from classloader cpw.mods.modlauncher.TransformingClassLoader@1b24ea2a - got cpw.mods.cl.ModuleClassLoader@4d8126f
[14Apr2025 13:48:43.529] [main/DEBUG] [net.minecraftforge.fml.javafmlmod.FMLModContainer/LOADING]: Creating FMLModContainer instance for team.creative.playerrevive.PlayerRevive
[14Apr2025 13:48:43.530] [main/DEBUG] [net.minecraftforge.fml.javafmlmod.FMLJavaModLanguageProvider/LOADING]: Loading FMLModContainer from classloader cpw.mods.modlauncher.TransformingClassLoader@1b24ea2a - got cpw.mods.cl.ModuleClassLoader@4d8126f
[14Apr2025 13:48:43.531] [main/DEBUG] [net.minecraftforge.fml.javafmlmod.FMLModContainer/LOADING]: Creating FMLModContainer instance for fuzs.enchantinginfuser.EnchantingInfuserForge
[14Apr2025 13:48:43.531] [main/DEBUG] [net.minecraftforge.fml.javafmlmod.FMLJavaModLanguageProvider/LOADING]: Loading FMLModContainer from classloader cpw.mods.modlauncher.TransformingClassLoader@1b24ea2a - got cpw.mods.cl.ModuleClassLoader@4d8126f
[14Apr2025 13:48:43.531] [main/DEBUG] [net.minecraftforge.fml.javafmlmod.FMLModContainer/LOADING]: Creating FMLModContainer instance for com.natamus.scaffoldingdropsnearby.ModForge
[14Apr2025 13:48:43.547] [modloading-worker-0/DEBUG] [net.minecraftforge.fml.javafmlmod.AutomaticEventSubscriber/LOADING]: Attempting to inject @EventBusSubscriber classes into the eventbus for playeranimator
[14Apr2025 13:48:43.545] [modloading-worker-0/DEBUG] [net.minecraftforge.fml.javafmlmod.AutomaticEventSubscriber/LOADING]: Attempting to inject @EventBusSubscriber classes into the eventbus for kuma_api
[14Apr2025 13:48:43.551] [modloading-worker-0/INFO] [necronomicon/]: File exists, reading config for elocindev.animation_overhaul.config.AnimationsConfig.
[14Apr2025 13:48:43.555] [modloading-worker-0/INFO] [necronomicon/]: Config for elocindev.animation_overhaul.config.AnimationsConfig read successfully.
[14Apr2025 13:48:43.566] [modloading-worker-0/INFO] [necronomicon/]: File exists, reading config for elocindev.animation_overhaul.config.PlayerConfig.
[14Apr2025 13:48:43.571] [modloading-worker-0/INFO] [necronomicon/]: Config for elocindev.animation_overhaul.config.PlayerConfig read successfully.
[14Apr2025 13:48:43.578] [modloading-worker-0/INFO] [animation_overhaul/]: Animation Overhaul's Config initialized
[14Apr2025 13:48:43.580] [modloading-worker-0/DEBUG] [net.minecraftforge.fml.javafmlmod.AutomaticEventSubscriber/LOADING]: Attempting to inject @EventBusSubscriber classes into the eventbus for animation_overhaul
[14Apr2025 13:48:43.591] [modloading-worker-0/DEBUG] [net.minecraftforge.fml.config.ConfigTracker/CONFIG]: Config file jei-server.toml for jei tracking
[14Apr2025 13:48:43.597] [modloading-worker-0/DEBUG] [net.minecraftforge.fml.config.ConfigTracker/CONFIG]: Config file neat-client.toml for neat tracking
[14Apr2025 13:48:43.597] [modloading-worker-0/DEBUG] [net.minecraftforge.fml.javafmlmod.AutomaticEventSubscriber/LOADING]: Attempting to inject @EventBusSubscriber classes into the eventbus for neat
[14Apr2025 13:48:43.625] [modloading-worker-0/DEBUG] [net.minecraftforge.fml.javafmlmod.AutomaticEventSubscriber/LOADING]: Attempting to inject @EventBusSubscriber classes into the eventbus for jei
[14Apr2025 13:48:43.630] [modloading-worker-0/DEBUG] [net.minecraftforge.fml.config.ConfigTracker/CONFIG]: Config file epicfight-client.toml for epicfight tracking
[14Apr2025 13:48:43.651] [modloading-worker-0/DEBUG] [mixin/]: Mixing ReloadableServerResourcesMixin from balm.mixins.json into net.minecraft.server.ReloadableServerResources
[14Apr2025 13:48:43.652] [modloading-worker-0/DEBUG] [mixin/]: Renaming synthetic method lambda$loadResources$0(Lnet/minecraft/server/ReloadableServerResources;)V to md494654$lambda$loadResources$0$0 in balm.mixins.json:ReloadableServerResourcesMixin
[14Apr2025 13:48:43.661] [modloading-worker-0/DEBUG] [epicfight/]: Registered Extendable Enum class yesman.epicfight.api.animation.LivingMotions in living_motion
[14Apr2025 13:48:43.662] [modloading-worker-0/DEBUG] [epicfight/]: Registered Extendable Enum class yesman.epicfight.skill.SkillCategories in skill_category
[14Apr2025 13:48:43.663] [modloading-worker-0/DEBUG] [epicfight/]: Registered Extendable Enum class yesman.epicfight.skill.SkillSlots in skill_slot
[14Apr2025 13:48:43.664] [modloading-worker-0/DEBUG] [epicfight/]: Registered Extendable Enum class yesman.epicfight.world.capabilities.item.CapabilityItem$Styles in style
[14Apr2025 13:48:43.665] [modloading-worker-0/DEBUG] [epicfight/]: Registered Extendable Enum class yesman.epicfight.world.capabilities.item.CapabilityItem$WeaponCategories in weapon_category
[14Apr2025 13:48:43.724] [modloading-worker-0/DEBUG] [net.minecraftforge.fml.config.ConfigTracker/CONFIG]: Config file kleeslabs-common.toml for kleeslabs tracking
[14Apr2025 13:48:43.744] [modloading-worker-0/DEBUG] [net.minecraftforge.fml.config.ConfigTracker/CONFIG]: Config file waystones-common.toml for waystones tracking
[14Apr2025 13:48:43.741] [modloading-worker-0/DEBUG] [xaero.map.WorldMap/]: Loaded xaero.map.platform.services.ForgePlatformHelper@2269093e for service interface xaero.map.platform.services.IPlatformHelper
[14Apr2025 13:48:43.807] [modloading-worker-0/DEBUG] [net.minecraftforge.fml.javafmlmod.AutomaticEventSubscriber/LOADING]: Attempting to inject @EventBusSubscriber classes into the eventbus for kleeslabs
[14Apr2025 13:48:43.843] [modloading-worker-0/DEBUG] [net.minecraftforge.fml.javafmlmod.AutomaticEventSubscriber/LOADING]: Attempting to inject @EventBusSubscriber classes into the eventbus for xaeroworldmap
[14Apr2025 13:48:43.858] [modloading-worker-0/DEBUG] [net.minecraftforge.fml.config.ConfigTracker/CONFIG]: Config file citadel-common.toml for citadel tracking
[14Apr2025 13:48:43.875] [modloading-worker-0/INFO] [epicfight/]: Loaded mod compat: IceAndFireCompat
[14Apr2025 13:48:43.875] [modloading-worker-0/DEBUG] [net.minecraftforge.fml.javafmlmod.AutomaticEventSubscriber/LOADING]: Attempting to inject @EventBusSubscriber classes into the eventbus for epicfight
[14Apr2025 13:48:43.876] [modloading-worker-0/DEBUG] [net.minecraftforge.fml.javafmlmod.AutomaticEventSubscriber/LOADING]: Auto-subscribing yesman.epicfight.world.entity.ai.attribute.EpicFightAttributes to MOD
[14Apr2025 13:48:43.877] [modloading-worker-0/DEBUG] [net.minecraftforge.fml.javafmlmod.AutomaticEventSubscriber/LOADING]: Attempting to inject @EventBusSubscriber classes into the eventbus for citadel
[14Apr2025 13:48:43.878] [modloading-worker-0/DEBUG] [net.minecraftforge.fml.javafmlmod.AutomaticEventSubscriber/LOADING]: Auto-subscribing com.github.alexthe666.citadel.ServerProxy to MOD
[14Apr2025 13:48:43.881] [modloading-worker-0/DEBUG] [net.minecraftforge.fml.javafmlmod.AutomaticEventSubscriber/LOADING]: Auto-subscribing yesman.epicfight.main.EpicFightMod$ServerModEvents to MOD
[14Apr2025 13:48:43.886] [modloading-worker-0/DEBUG] [net.minecraftforge.fml.javafmlmod.AutomaticEventSubscriber/LOADING]: Auto-subscribing yesman.epicfight.main.EpicFightMod$ServerForgeEvents to FORGE
[14Apr2025 13:48:43.890] [modloading-worker-0/DEBUG] [net.minecraftforge.fml.javafmlmod.AutomaticEventSubscriber/LOADING]: Auto-subscribing yesman.epicfight.gameasset.EpicFightSkills to MOD
[14Apr2025 13:48:43.915] [modloading-worker-0/DEBUG] [net.minecraftforge.fml.javafmlmod.AutomaticEventSubscriber/LOADING]: Auto-subscribing yesman.epicfight.gameasset.Animations to MOD
[14Apr2025 13:48:43.924] [modloading-worker-0/DEBUG] [net.minecraftforge.fml.config.ConfigTracker/CONFIG]: Config file travelersbackpack-server.toml for travelersbackpack tracking
[14Apr2025 13:48:43.927] [modloading-worker-0/DEBUG] [net.minecraftforge.fml.config.ConfigTracker/CONFIG]: Config file travelersbackpack-common.toml for travelersbackpack tracking
[14Apr2025 13:48:43.927] [modloading-worker-0/DEBUG] [net.minecraftforge.fml.config.ConfigTracker/CONFIG]: Config file travelersbackpack-client.toml for travelersbackpack tracking
[14Apr2025 13:48:43.972] [modloading-worker-0/DEBUG] [net.minecraftforge.fml.javafmlmod.AutomaticEventSubscriber/LOADING]: Attempting to inject @EventBusSubscriber classes into the eventbus for waystones
[14Apr2025 13:48:43.974] [modloading-worker-0/DEBUG] [net.minecraftforge.fml.javafmlmod.AutomaticEventSubscriber/LOADING]: Attempting to inject @EventBusSubscriber classes into the eventbus for mixinextras
[14Apr2025 13:48:44.005] [modloading-worker-0/DEBUG] [net.minecraftforge.fml.config.ConfigTracker/CONFIG]: Config file iceandfire-client.toml for iceandfire tracking
[14Apr2025 13:48:44.005] [modloading-worker-0/DEBUG] [net.minecraftforge.fml.config.ConfigTracker/CONFIG]: Config file iceandfire-common.toml for iceandfire tracking
[14Apr2025 13:48:44.015] [modloading-worker-0/DEBUG] [net.minecraftforge.fml.javafmlmod.AutomaticEventSubscriber/LOADING]: Auto-subscribing yesman.epicfight.events.WorldEvents to FORGE
[14Apr2025 13:48:44.024] [modloading-worker-0/DEBUG] [mixin/]: Mixing LootTableMixin from balm.mixins.json into net.minecraft.world.level.storage.loot.LootTable
[14Apr2025 13:48:44.025] [modloading-worker-0/DEBUG] [mixin/]: Mixing accessor.LootTableForgeAccessor from puzzleslib.forge.mixins.json into net.minecraft.world.level.storage.loot.LootTable
[14Apr2025 13:48:44.036] [modloading-worker-0/DEBUG] [net.minecraftforge.coremod.transformer.CoreModBaseTransformer/COREMOD]: Transforming m_11229_ with desc (Lnet/minecraft/server/level/ServerPlayer;Lnet/minecraft/server/level/ServerLevel;)V
[14Apr2025 13:48:44.040] [modloading-worker-0/DEBUG] [net.minecraftforge.coremod.transformer.CoreModBaseTransformer/COREMOD]: Transforming m_11229_ with desc (Lnet/minecraft/server/level/ServerPlayer;Lnet/minecraft/server/level/ServerLevel;)V
[14Apr2025 13:48:44.041] [modloading-worker-0/DEBUG] [mixin/]: Mixing PlayerListMixin from balm.mixins.json into net.minecraft.server.players.PlayerList
[14Apr2025 13:48:44.041] [modloading-worker-0/DEBUG] [mixin/]: Mixing camera.PlayerListMixin from securitycraft.mixins.json into net.minecraft.server.players.PlayerList
[14Apr2025 13:48:44.057] [modloading-worker-0/DEBUG] [net.minecraftforge.fml.javafmlmod.AutomaticEventSubscriber/LOADING]: Auto-subscribing yesman.epicfight.events.PlayerEvents to FORGE
[14Apr2025 13:48:44.094] [modloading-worker-0/DEBUG] [net.minecraftforge.fml.javafmlmod.AutomaticEventSubscriber/LOADING]: Auto-subscribing yesman.epicfight.events.EntityEvents to FORGE
[14Apr2025 13:48:44.137] [modloading-worker-0/DEBUG] [mixin/]: Mixing CombatTrackerAccessor from playerrevive.mixins.json into net.minecraft.world.damagesource.CombatTracker
[14Apr2025 13:48:44.204] [modloading-worker-0/DEBUG] [net.minecraftforge.fml.javafmlmod.AutomaticEventSubscriber/LOADING]: Auto-subscribing yesman.epicfight.events.CapabilityEvent to FORGE
[14Apr2025 13:48:44.210] [modloading-worker-0/DEBUG] [net.minecraftforge.fml.javafmlmod.AutomaticEventSubscriber/LOADING]: Auto-subscribing yesman.epicfight.data.loot.EpicFightLootTables to FORGE
[14Apr2025 13:48:44.237] [modloading-worker-0/DEBUG] [net.minecraftforge.fml.config.ConfigTracker/CONFIG]: Config file balm-common.toml for balm tracking
[14Apr2025 13:48:44.254] [modloading-worker-0/DEBUG] [net.minecraftforge.fml.javafmlmod.AutomaticEventSubscriber/LOADING]: Attempting to inject @EventBusSubscriber classes into the eventbus for balm
[14Apr2025 13:48:44.284] [modloading-worker-0/DEBUG] [net.minecraftforge.fml.config.ConfigTracker/CONFIG]: Config file alexsmobs.toml for alexsmobs tracking
[14Apr2025 13:48:44.292] [modloading-worker-0/DEBUG] [Carry On/]: Loaded tschipp.carryon.platform.ForgePlatformHelper@4ee83047 for service interface tschipp.carryon.platform.services.IPlatformHelper
[14Apr2025 13:48:44.293] [modloading-worker-0/DEBUG] [Carry On/]: Loaded tschipp.carryon.platform.ForgeGamestagesHelper@62d29077 for service interface tschipp.carryon.platform.services.IGamestagePlatformHelper
[14Apr2025 13:48:44.303] [modloading-worker-0/DEBUG] [net.minecraftforge.fml.config.ConfigTracker/CONFIG]: Config file carryon-client.toml for carryon tracking
[14Apr2025 13:48:44.303] [modloading-worker-0/DEBUG] [net.minecraftforge.fml.config.ConfigTracker/CONFIG]: Config file carryon-common.toml for carryon tracking
[14Apr2025 13:48:44.303] [modloading-worker-0/DEBUG] [net.minecraftforge.fml.javafmlmod.AutomaticEventSubscriber/LOADING]: Attempting to inject @EventBusSubscriber classes into the eventbus for carryon
[14Apr2025 13:48:44.303] [modloading-worker-0/DEBUG] [net.minecraftforge.fml.javafmlmod.AutomaticEventSubscriber/LOADING]: Auto-subscribing tschipp.carryon.CarryOnForge to MOD
[14Apr2025 13:48:44.304] [modloading-worker-0/DEBUG] [net.minecraftforge.fml.javafmlmod.AutomaticEventSubscriber/LOADING]: Auto-subscribing tschipp.carryon.events.CommonEvents to FORGE
[14Apr2025 13:48:44.325] [modloading-worker-0/DEBUG] [net.minecraftforge.fml.javafmlmod.AutomaticEventSubscriber/LOADING]: Auto-subscribing tschipp.carryon.events.ModBusEvents to MOD
[14Apr2025 13:48:44.329] [modloading-worker-0/DEBUG] [net.minecraftforge.fml.javafmlmod.AutomaticEventSubscriber/LOADING]: Attempting to inject @EventBusSubscriber classes into the eventbus for sodiumoptionsapi
[14Apr2025 13:48:44.341] [modloading-worker-0/DEBUG] [net.minecraftforge.fml.config.ConfigTracker/CONFIG]: Config file jeresources-common.toml for jeresources tracking
[14Apr2025 13:48:44.348] [modloading-worker-0/DEBUG] [jeresources/]: Loaded jeresources.forge.ForgePlatformHelper@7b22dfbc for service interface jeresources.platform.IPlatformHelper
[14Apr2025 13:48:44.348] [modloading-worker-0/DEBUG] [jeresources/]: Loading config file /workspaces/mine2/servidor_minecraft/config/jeresources.toml
[14Apr2025 13:48:44.348] [modloading-worker-0/DEBUG] [jeresources/]: Built TOML config for /workspaces/mine2/servidor_minecraft/config/jeresources.toml
[14Apr2025 13:48:44.373] [modloading-worker-0/DEBUG] [jeresources/]: Loaded TOML config file /workspaces/mine2/servidor_minecraft/config/jeresources.toml
[14Apr2025 13:48:44.428] [modloading-worker-0/DEBUG] [net.minecraftforge.fml.javafmlmod.AutomaticEventSubscriber/LOADING]: Attempting to inject @EventBusSubscriber classes into the eventbus for alexsmobs
[14Apr2025 13:48:44.428] [modloading-worker-0/DEBUG] [net.minecraftforge.fml.javafmlmod.AutomaticEventSubscriber/LOADING]: Auto-subscribing com.github.alexthe666.alexsmobs.world.AMWorldRegistry to MOD
[14Apr2025 13:48:44.428] [modloading-worker-0/DEBUG] [net.minecraftforge.fml.javafmlmod.AutomaticEventSubscriber/LOADING]: Attempting to inject @EventBusSubscriber classes into the eventbus for jeresources
[14Apr2025 13:48:44.429] [modloading-worker-0/DEBUG] [net.minecraftforge.fml.javafmlmod.AutomaticEventSubscriber/LOADING]: Attempting to inject @EventBusSubscriber classes into the eventbus for puzzlesaccessapi
[14Apr2025 13:48:44.430] [modloading-worker-0/DEBUG] [net.minecraftforge.fml.javafmlmod.AutomaticEventSubscriber/LOADING]: Attempting to inject @EventBusSubscriber classes into the eventbus for cloth_config
[14Apr2025 13:48:44.438] [modloading-worker-0/DEBUG] [net.minecraftforge.versions.forge.ForgeVersion/CORE]: Forge Version package package net.minecraftforge.versions.forge, Forge, version 47.3 from cpw.mods.modlauncher.TransformingClassLoader@1b24ea2a
[14Apr2025 13:48:44.440] [modloading-worker-0/DEBUG] [net.minecraftforge.fml.javafmlmod.AutomaticEventSubscriber/LOADING]: Auto-subscribing com.github.alexthe666.alexsmobs.tileentity.AMTileEntityRegistry to MOD
[14Apr2025 13:48:44.440] [modloading-worker-0/DEBUG] [net.minecraftforge.fml.javafmlmod.AutomaticEventSubscriber/LOADING]: Auto-subscribing com.github.alexthe666.alexsmobs.event.ServerEvents to FORGE
[14Apr2025 13:48:44.441] [modloading-worker-0/DEBUG] [net.minecraftforge.versions.forge.ForgeVersion/CORE]: Found Forge version 47.3.7
[14Apr2025 13:48:44.441] [modloading-worker-0/DEBUG] [net.minecraftforge.versions.forge.ForgeVersion/CORE]: Found Forge spec 47.3
[14Apr2025 13:48:44.441] [modloading-worker-0/DEBUG] [net.minecraftforge.versions.forge.ForgeVersion/CORE]: Found Forge group net.minecraftforge
[14Apr2025 13:48:44.443] [modloading-worker-0/DEBUG] [net.minecraftforge.fml.javafmlmod.AutomaticEventSubscriber/LOADING]: Auto-subscribing com.github.alexthe666.alexsmobs.entity.AMEntityRegistry to MOD
[14Apr2025 13:48:44.447] [modloading-worker-0/DEBUG] [net.minecraftforge.fml.javafmlmod.AutomaticEventSubscriber/LOADING]: Auto-subscribing com.github.alexthe666.alexsmobs.CommonProxy to MOD
[14Apr2025 13:48:44.448] [modloading-worker-0/DEBUG] [net.minecraftforge.fml.javafmlmod.AutomaticEventSubscriber/LOADING]: Auto-subscribing com.github.alexthe666.alexsmobs.AlexsMobs to FORGE
[14Apr2025 13:48:44.443] [modloading-worker-0/DEBUG] [net.minecraftforge.versions.mcp.MCPVersion/CORE]: MCP Version package package net.minecraftforge.versions.mcp, Minecraft, version 1.20.1 from cpw.mods.modlauncher.TransformingClassLoader@1b24ea2a
[14Apr2025 13:48:44.450] [modloading-worker-0/DEBUG] [net.minecraftforge.versions.mcp.MCPVersion/CORE]: Found MC version information 1.20.1
[14Apr2025 13:48:44.450] [modloading-worker-0/DEBUG] [net.minecraftforge.versions.mcp.MCPVersion/CORE]: Found MCP version information 20230612.114412
[14Apr2025 13:48:44.450] [modloading-worker-0/INFO] [net.minecraftforge.common.ForgeMod/FORGEMOD]: Forge mod loading, version 47.3.7, for MC 1.20.1 with MCP 20230612.114412
[14Apr2025 13:48:44.451] [modloading-worker-0/INFO] [net.minecraftforge.common.MinecraftForge/FORGE]: MinecraftForge v47.3.7 Initialized
[14Apr2025 13:48:44.456] [modloading-worker-0/DEBUG] [net.minecraftforge.fml.config.ConfigTracker/CONFIG]: Config file sodiumdynamiclights-client.toml for sodiumdynamiclights tracking
[14Apr2025 13:48:44.457] [modloading-worker-0/DEBUG] [net.minecraftforge.fml.javafmlmod.AutomaticEventSubscriber/LOADING]: Attempting to inject @EventBusSubscriber classes into the eventbus for sodiumdynamiclights
[14Apr2025 13:48:44.457] [modloading-worker-0/INFO] [de.keksuccino.konkrete.Konkrete/]: [KONKRETE] Successfully initialized!
[14Apr2025 13:48:44.458] [modloading-worker-0/INFO] [de.keksuccino.konkrete.Konkrete/]: [KONKRETE] Server-side libs ready to use!
[14Apr2025 13:48:44.458] [modloading-worker-0/DEBUG] [net.minecraftforge.fml.javafmlmod.AutomaticEventSubscriber/LOADING]: Attempting to inject @EventBusSubscriber classes into the eventbus for konkrete
[14Apr2025 13:48:44.473] [modloading-worker-0/DEBUG] [net.minecraftforge.fml.javafmlmod.AutomaticEventSubscriber/LOADING]: Attempting to inject @EventBusSubscriber classes into the eventbus for embeddium
[14Apr2025 13:48:44.475] [modloading-worker-0/DEBUG] [net.minecraftforge.fml.javafmlmod.AutomaticEventSubscriber/LOADING]: Attempting to inject @EventBusSubscriber classes into the eventbus for rubidium
[14Apr2025 13:48:44.487] [modloading-worker-0/DEBUG] [net.minecraftforge.fml.config.ConfigTracker/CONFIG]: Config file corpse-server.toml for corpse tracking
[14Apr2025 13:48:44.488] [modloading-worker-0/DEBUG] [net.minecraftforge.fml.javafmlmod.AutomaticEventSubscriber/LOADING]: Attempting to inject @EventBusSubscriber classes into the eventbus for corpse
[14Apr2025 13:48:44.488] [modloading-worker-0/DEBUG] [net.minecraftforge.fml.javafmlmod.AutomaticEventSubscriber/LOADING]: Auto-subscribing de.maxhenkel.corpse.Main to FORGE
[14Apr2025 13:48:44.501] [modloading-worker-0/DEBUG] [net.minecraftforge.fml.config.ConfigTracker/CONFIG]: Config file farmersdelight-common.toml for farmersdelight tracking
[14Apr2025 13:48:44.502] [modloading-worker-0/DEBUG] [net.minecraftforge.fml.config.ConfigTracker/CONFIG]: Config file farmersdelight-client.toml for farmersdelight tracking
[14Apr2025 13:48:44.795] [modloading-worker-0/DEBUG] [io.netty.util.internal.PlatformDependent0/]: -Dio.netty.noUnsafe: false
[14Apr2025 13:48:44.803] [modloading-worker-0/DEBUG] [io.netty.util.internal.PlatformDependent0/]: Java version: 17
[14Apr2025 13:48:44.805] [modloading-worker-0/DEBUG] [io.netty.util.internal.PlatformDependent0/]: sun.misc.Unsafe.theUnsafe: available
[14Apr2025 13:48:44.805] [modloading-worker-0/DEBUG] [io.netty.util.internal.PlatformDependent0/]: sun.misc.Unsafe.copyMemory: available
[14Apr2025 13:48:44.805] [modloading-worker-0/DEBUG] [io.netty.util.internal.PlatformDependent0/]: sun.misc.Unsafe.storeFence: available
[14Apr2025 13:48:44.806] [modloading-worker-0/DEBUG] [io.netty.util.internal.PlatformDependent0/]: java.nio.Buffer.address: available
[14Apr2025 13:48:44.806] [modloading-worker-0/DEBUG] [io.netty.util.internal.PlatformDependent0/]: direct buffer constructor: unavailable
java.lang.UnsupportedOperationException: Reflective setAccessible(true) disabled
	at io.netty.util.internal.ReflectionUtil.trySetAccessible(ReflectionUtil.java:31) ~[netty-common-4.1.82.Final.jar%2382!/:4.1.82.Final]
	at io.netty.util.internal.PlatformDependent0$5.run(PlatformDependent0.java:288) ~[netty-common-4.1.82.Final.jar%2382!/:4.1.82.Final]
	at java.security.AccessController.doPrivileged(AccessController.java:318) ~[?:?]
	at io.netty.util.internal.PlatformDependent0.<clinit>(PlatformDependent0.java:282) ~[netty-common-4.1.82.Final.jar%2382!/:4.1.82.Final]
	at io.netty.util.internal.PlatformDependent.isAndroid(PlatformDependent.java:333) ~[netty-common-4.1.82.Final.jar%2382!/:4.1.82.Final]
	at io.netty.util.internal.PlatformDependent.<clinit>(PlatformDependent.java:88) ~[netty-common-4.1.82.Final.jar%2382!/:4.1.82.Final]
	at io.netty.util.ConstantPool.<init>(ConstantPool.java:34) ~[netty-common-4.1.82.Final.jar%2382!/:4.1.82.Final]
	at io.netty.util.AttributeKey$1.<init>(AttributeKey.java:27) ~[netty-common-4.1.82.Final.jar%2382!/:4.1.82.Final]
	at io.netty.util.AttributeKey.<clinit>(AttributeKey.java:27) ~[netty-common-4.1.82.Final.jar%2382!/:4.1.82.Final]
	at net.minecraftforge.network.NetworkConstants.<clinit>(NetworkConstants.java:34) ~[forge-1.20.1-47.3.7-universal.jar%23196!/:?]
	at net.minecraftforge.common.ForgeMod.<init>(ForgeMod.java:429) ~[forge-1.20.1-47.3.7-universal.jar%23196!/:?]
	at jdk.internal.reflect.NativeConstructorAccessorImpl.newInstance0(Native Method) ~[?:?]
	at jdk.internal.reflect.NativeConstructorAccessorImpl.newInstance(NativeConstructorAccessorImpl.java:77) ~[?:?]
	at jdk.internal.reflect.DelegatingConstructorAccessorImpl.newInstance(DelegatingConstructorAccessorImpl.java:45) ~[?:?]
	at java.lang.reflect.Constructor.newInstanceWithCaller(Constructor.java:500) ~[?:?]
	at java.lang.reflect.Constructor.newInstance(Constructor.java:481) ~[?:?]
	at net.minecraftforge.fml.javafmlmod.FMLModContainer.constructMod(FMLModContainer.java:70) ~[javafmllanguage-1.20.1-47.3.7.jar%23193!/:?]
	at net.minecraftforge.fml.ModContainer.lambda$buildTransitionHandler$4(ModContainer.java:124) ~[fmlcore-1.20.1-47.3.7.jar%23192!/:?]
	at java.util.concurrent.CompletableFuture$AsyncRun.run(CompletableFuture.java:1804) ~[?:?]
	at java.util.concurrent.CompletableFuture$AsyncRun.exec(CompletableFuture.java:1796) ~[?:?]
	at java.util.concurrent.ForkJoinTask.doExec(ForkJoinTask.java:373) ~[?:?]
	at java.util.concurrent.ForkJoinPool$WorkQueue.topLevelExec(ForkJoinPool.java:1182) ~[?:?]
	at java.util.concurrent.ForkJoinPool.scan(ForkJoinPool.java:1655) ~[?:?]
	at java.util.concurrent.ForkJoinPool.runWorker(ForkJoinPool.java:1622) ~[?:?]
	at java.util.concurrent.ForkJoinWorkerThread.run(ForkJoinWorkerThread.java:165) ~[?:?]
[14Apr2025 13:48:44.818] [modloading-worker-0/DEBUG] [io.netty.util.internal.PlatformDependent0/]: java.nio.Bits.unaligned: available, true
[14Apr2025 13:48:44.819] [modloading-worker-0/DEBUG] [io.netty.util.internal.PlatformDependent0/]: jdk.internal.misc.Unsafe.allocateUninitializedArray(int): unavailable
java.lang.IllegalAccessException: class io.netty.util.internal.PlatformDependent0$7 (in module io.netty.common) cannot access class jdk.internal.misc.Unsafe (in module java.base) because module java.base does not export jdk.internal.misc to module io.netty.common
	at jdk.internal.reflect.Reflection.newIllegalAccessException(Reflection.java:392) ~[?:?]
	at java.lang.reflect.AccessibleObject.checkAccess(AccessibleObject.java:674) ~[?:?]
	at java.lang.reflect.Method.invoke(Method.java:561) ~[?:?]
	at io.netty.util.internal.PlatformDependent0$7.run(PlatformDependent0.java:410) ~[netty-common-4.1.82.Final.jar%2382!/:4.1.82.Final]
	at java.security.AccessController.doPrivileged(AccessController.java:318) ~[?:?]
	at io.netty.util.internal.PlatformDependent0.<clinit>(PlatformDependent0.java:401) ~[netty-common-4.1.82.Final.jar%2382!/:4.1.82.Final]
	at io.netty.util.internal.PlatformDependent.isAndroid(PlatformDependent.java:333) ~[netty-common-4.1.82.Final.jar%2382!/:4.1.82.Final]
	at io.netty.util.internal.PlatformDependent.<clinit>(PlatformDependent.java:88) ~[netty-common-4.1.82.Final.jar%2382!/:4.1.82.Final]
	at io.netty.util.ConstantPool.<init>(ConstantPool.java:34) ~[netty-common-4.1.82.Final.jar%2382!/:4.1.82.Final]
	at io.netty.util.AttributeKey$1.<init>(AttributeKey.java:27) ~[netty-common-4.1.82.Final.jar%2382!/:4.1.82.Final]
	at io.netty.util.AttributeKey.<clinit>(AttributeKey.java:27) ~[netty-common-4.1.82.Final.jar%2382!/:4.1.82.Final]
	at net.minecraftforge.network.NetworkConstants.<clinit>(NetworkConstants.java:34) ~[forge-1.20.1-47.3.7-universal.jar%23196!/:?]
	at net.minecraftforge.common.ForgeMod.<init>(ForgeMod.java:429) ~[forge-1.20.1-47.3.7-universal.jar%23196!/:?]
	at jdk.internal.reflect.NativeConstructorAccessorImpl.newInstance0(Native Method) ~[?:?]
	at jdk.internal.reflect.NativeConstructorAccessorImpl.newInstance(NativeConstructorAccessorImpl.java:77) ~[?:?]
	at jdk.internal.reflect.DelegatingConstructorAccessorImpl.newInstance(DelegatingConstructorAccessorImpl.java:45) ~[?:?]
	at java.lang.reflect.Constructor.newInstanceWithCaller(Constructor.java:500) ~[?:?]
	at java.lang.reflect.Constructor.newInstance(Constructor.java:481) ~[?:?]
	at net.minecraftforge.fml.javafmlmod.FMLModContainer.constructMod(FMLModContainer.java:70) ~[javafmllanguage-1.20.1-47.3.7.jar%23193!/:?]
	at net.minecraftforge.fml.ModContainer.lambda$buildTransitionHandler$4(ModContainer.java:124) ~[fmlcore-1.20.1-47.3.7.jar%23192!/:?]
	at java.util.concurrent.CompletableFuture$AsyncRun.run(CompletableFuture.java:1804) ~[?:?]
	at java.util.concurrent.CompletableFuture$AsyncRun.exec(CompletableFuture.java:1796) ~[?:?]
	at java.util.concurrent.ForkJoinTask.doExec(ForkJoinTask.java:373) ~[?:?]
	at java.util.concurrent.ForkJoinPool$WorkQueue.topLevelExec(ForkJoinPool.java:1182) ~[?:?]
	at java.util.concurrent.ForkJoinPool.scan(ForkJoinPool.java:1655) ~[?:?]
	at java.util.concurrent.ForkJoinPool.runWorker(ForkJoinPool.java:1622) ~[?:?]
	at java.util.concurrent.ForkJoinWorkerThread.run(ForkJoinWorkerThread.java:165) ~[?:?]
[14Apr2025 13:48:44.824] [modloading-worker-0/DEBUG] [io.netty.util.internal.PlatformDependent0/]: java.nio.DirectByteBuffer.<init>(long, int): unavailable
[14Apr2025 13:48:44.824] [modloading-worker-0/DEBUG] [io.netty.util.internal.PlatformDependent/]: sun.misc.Unsafe: available
[14Apr2025 13:48:44.825] [modloading-worker-0/DEBUG] [io.netty.util.internal.PlatformDependent/]: maxDirectMemory: 12884901888 bytes (maybe)
[14Apr2025 13:48:44.825] [modloading-worker-0/DEBUG] [io.netty.util.internal.PlatformDependent/]: -Dio.netty.tmpdir: /tmp (java.io.tmpdir)
[14Apr2025 13:48:44.825] [modloading-worker-0/DEBUG] [io.netty.util.internal.PlatformDependent/]: -Dio.netty.bitMode: 64 (sun.arch.data.model)
[14Apr2025 13:48:44.826] [modloading-worker-0/DEBUG] [io.netty.util.internal.PlatformDependent/]: -Dio.netty.maxDirectMemory: -1 bytes
[14Apr2025 13:48:44.826] [modloading-worker-0/DEBUG] [io.netty.util.internal.PlatformDependent/]: -Dio.netty.uninitializedArrayAllocationThreshold: -1
[14Apr2025 13:48:44.833] [modloading-worker-0/DEBUG] [io.netty.util.internal.CleanerJava9/]: java.nio.ByteBuffer.cleaner(): available
[14Apr2025 13:48:44.833] [modloading-worker-0/DEBUG] [io.netty.util.internal.PlatformDependent/]: -Dio.netty.noPreferDirect: false
[14Apr2025 13:48:44.961] [modloading-worker-0/DEBUG] [net.minecraftforge.common.ForgeMod/FORGEMOD]: Loading Network data for FML net version: FML3
[14Apr2025 13:48:45.004] [modloading-worker-0/DEBUG] [net.minecraftforge.fml.config.ConfigTracker/CONFIG]: Config file forge-client.toml for forge tracking
[14Apr2025 13:48:45.004] [modloading-worker-0/DEBUG] [net.minecraftforge.fml.config.ConfigTracker/CONFIG]: Config file forge-server.toml for forge tracking
[14Apr2025 13:48:45.004] [modloading-worker-0/DEBUG] [net.minecraftforge.fml.ModLoadingContext/]: Attempted to register an empty config for type COMMON on mod forge
[14Apr2025 13:48:45.012] [modloading-worker-0/DEBUG] [net.minecraftforge.fml.javafmlmod.AutomaticEventSubscriber/LOADING]: Attempting to inject @EventBusSubscriber classes into the eventbus for travelersbackpack
[14Apr2025 13:48:45.012] [modloading-worker-0/DEBUG] [net.minecraftforge.fml.javafmlmod.AutomaticEventSubscriber/LOADING]: Auto-subscribing com.tiviacz.travelersbackpack.handlers.NeoForgeEventHandler to FORGE
[14Apr2025 13:48:45.018] [modloading-worker-0/DEBUG] [mixin/]: Mixing MixinLevelEvent from architectury.mixins.json into net.minecraftforge.event.level.LevelEvent
[14Apr2025 13:48:45.018] [modloading-worker-0/DEBUG] [net.minecraftforge.fml.javafmlmod.AutomaticEventSubscriber/LOADING]: Attempting to inject @EventBusSubscriber classes into the eventbus for farmersdelight
[14Apr2025 13:48:45.019] [modloading-worker-0/DEBUG] [net.minecraftforge.fml.javafmlmod.AutomaticEventSubscriber/LOADING]: Auto-subscribing vectorwing.farmersdelight.data.DataGenerators to MOD
[14Apr2025 13:48:45.043] [modloading-worker-0/DEBUG] [net.minecraftforge.fml.javafmlmod.AutomaticEventSubscriber/LOADING]: Auto-subscribing vectorwing.farmersdelight.common.item.SkilletItem$SkilletEvents to FORGE
[14Apr2025 13:48:45.044] [modloading-worker-0/DEBUG] [net.minecraftforge.fml.javafmlmod.AutomaticEventSubscriber/LOADING]: Auto-subscribing vectorwing.farmersdelight.common.item.KnifeItem$KnifeEvents to FORGE
[14Apr2025 13:48:45.059] [modloading-worker-0/DEBUG] [net.minecraftforge.fml.javafmlmod.AutomaticEventSubscriber/LOADING]: Auto-subscribing vectorwing.farmersdelight.common.item.HorseFeedItem$HorseFeedEvent to FORGE
[14Apr2025 13:48:45.060] [modloading-worker-0/DEBUG] [net.minecraftforge.fml.javafmlmod.AutomaticEventSubscriber/LOADING]: Auto-subscribing vectorwing.farmersdelight.common.item.enchantment.BackstabbingEnchantment$BackstabbingEvent to FORGE
[14Apr2025 13:48:45.061] [modloading-worker-0/DEBUG] [net.minecraftforge.fml.javafmlmod.AutomaticEventSubscriber/LOADING]: Auto-subscribing vectorwing.farmersdelight.common.item.DogFoodItem$DogFoodEvent to FORGE
[14Apr2025 13:48:45.056] [modloading-worker-0/DEBUG] [net.minecraftforge.fml.javafmlmod.AutomaticEventSubscriber/LOADING]: Attempting to inject @EventBusSubscriber classes into the eventbus for forge
[14Apr2025 13:48:45.065] [modloading-worker-0/DEBUG] [net.minecraftforge.fml.javafmlmod.AutomaticEventSubscriber/LOADING]: Auto-subscribing net.minecraftforge.common.ForgeSpawnEggItem$CommonHandler to MOD
[14Apr2025 13:48:45.066] [modloading-worker-0/DEBUG] [net.minecraftforge.fml.javafmlmod.AutomaticEventSubscriber/LOADING]: Attempting to inject @EventBusSubscriber classes into the eventbus for fabric_api_base
[14Apr2025 13:48:45.067] [modloading-worker-0/DEBUG] [net.minecraftforge.fml.javafmlmod.AutomaticEventSubscriber/LOADING]: Auto-subscribing vectorwing.farmersdelight.common.event.VillagerEvents to FORGE
[14Apr2025 13:48:45.069] [modloading-worker-0/DEBUG] [net.minecraftforge.fml.javafmlmod.AutomaticEventSubscriber/LOADING]: Auto-subscribing vectorwing.farmersdelight.common.event.SetupEvents to MOD
[14Apr2025 13:48:45.067] [modloading-worker-0/INFO] [necronomicon/]: Necronomicon Initialized
[14Apr2025 13:48:45.074] [modloading-worker-0/DEBUG] [net.minecraftforge.fml.javafmlmod.AutomaticEventSubscriber/LOADING]: Auto-subscribing com.tiviacz.travelersbackpack.handlers.ModEventHandler to MOD
[14Apr2025 13:48:45.080] [modloading-worker-0/DEBUG] [net.minecraftforge.fml.javafmlmod.AutomaticEventSubscriber/LOADING]: Auto-subscribing vectorwing.farmersdelight.common.event.MappingEvents to FORGE
[14Apr2025 13:48:45.083] [modloading-worker-0/DEBUG] [net.minecraftforge.fml.javafmlmod.AutomaticEventSubscriber/LOADING]: Auto-subscribing vectorwing.farmersdelight.common.event.CommonEvents to FORGE
[14Apr2025 13:48:45.084] [modloading-worker-0/DEBUG] [net.minecraftforge.fml.javafmlmod.AutomaticEventSubscriber/LOADING]: Auto-subscribing vectorwing.farmersdelight.common.block.CuttingBoardBlock$ToolCarvingEvent to FORGE
[14Apr2025 13:48:45.093] [modloading-worker-0/DEBUG] [net.minecraftforge.fml.javafmlmod.AutomaticEventSubscriber/LOADING]: Attempting to inject @EventBusSubscriber classes into the eventbus for jade
[14Apr2025 13:48:45.095] [modloading-worker-0/INFO] [necronomicon/]: File exists, reading config for elocindev.necronomicon.NecronomiconConfig.
[14Apr2025 13:48:45.096] [modloading-worker-0/DEBUG] [net.minecraftforge.fml.javafmlmod.AutomaticEventSubscriber/LOADING]: Attempting to inject @EventBusSubscriber classes into the eventbus for cleanswing
[14Apr2025 13:48:45.096] [modloading-worker-0/INFO] [necronomicon/]: Config for elocindev.necronomicon.NecronomiconConfig read successfully.
[14Apr2025 13:48:45.099] [modloading-worker-0/INFO] [necronomicon/]: there is a brick about to fall through your roof at terminal velocity
[14Apr2025 13:48:45.113] [modloading-worker-0/DEBUG] [net.minecraftforge.fml.javafmlmod.AutomaticEventSubscriber/LOADING]: Attempting to inject @EventBusSubscriber classes into the eventbus for necronomicon
[14Apr2025 13:48:45.127] [modloading-worker-0/INFO] [Collective/]: Loading Collective version 8.1.
[14Apr2025 13:48:45.257] [modloading-worker-0/DEBUG] [xaero.hud.minimap.MinimapLogs/]: Loaded xaero.common.platform.services.ForgePlatformHelper@57a95ef4 for service interface xaero.common.platform.services.IPlatformHelper
[14Apr2025 13:48:45.281] [modloading-worker-0/DEBUG] [net.minecraftforge.fml.javafmlmod.AutomaticEventSubscriber/LOADING]: Attempting to inject @EventBusSubscriber classes into the eventbus for collective
[14Apr2025 13:48:45.281] [modloading-worker-0/DEBUG] [net.minecraftforge.fml.javafmlmod.AutomaticEventSubscriber/LOADING]: Auto-subscribing com.natamus.collective.forge.events.RegisterCollectiveForgeEvents to FORGE
[14Apr2025 13:48:45.285] [modloading-worker-0/DEBUG] [net.minecraftforge.fml.config.ConfigTracker/CONFIG]: Config file dragonseeker-common.toml for dragonseeker tracking
[14Apr2025 13:48:45.302] [modloading-worker-0/DEBUG] [net.minecraftforge.fml.javafmlmod.AutomaticEventSubscriber/LOADING]: Attempting to inject @EventBusSubscriber classes into the eventbus for xaerominimap
[14Apr2025 13:48:45.315] [modloading-worker-0/DEBUG] [net.minecraftforge.fml.javafmlmod.AutomaticEventSubscriber/LOADING]: Attempting to inject @EventBusSubscriber classes into the eventbus for dragonseeker
[14Apr2025 13:48:45.315] [modloading-worker-0/DEBUG] [net.minecraftforge.fml.javafmlmod.AutomaticEventSubscriber/LOADING]: Auto-subscribing syric.dragonseeker.registry.DSItems to MOD
[14Apr2025 13:48:45.316] [modloading-worker-0/DEBUG] [net.minecraftforge.fml.javafmlmod.AutomaticEventSubscriber/LOADING]: Attempting to inject @EventBusSubscriber classes into the eventbus for inventoryhud
[14Apr2025 13:48:45.372] [modloading-worker-0/DEBUG] [net.minecraftforge.fml.config.ConfigTracker/CONFIG]: Config file securitycraft-client.toml for securitycraft tracking
[14Apr2025 13:48:45.373] [modloading-worker-0/DEBUG] [net.minecraftforge.fml.config.ConfigTracker/CONFIG]: Config file securitycraft-server.toml for securitycraft tracking
[14Apr2025 13:48:45.379] [modloading-worker-0/DEBUG] [creativecore/]: Created network creativecore:main
[14Apr2025 13:48:45.396] [modloading-worker-0/DEBUG] [net.minecraftforge.fml.javafmlmod.AutomaticEventSubscriber/LOADING]: Attempting to inject @EventBusSubscriber classes into the eventbus for creativecore
[14Apr2025 13:48:45.493] [modloading-worker-0/DEBUG] [net.minecraftforge.fml.javafmlmod.AutomaticEventSubscriber/LOADING]: Attempting to inject @EventBusSubscriber classes into the eventbus for architectury
[14Apr2025 13:48:45.493] [modloading-worker-0/DEBUG] [net.minecraftforge.fml.javafmlmod.AutomaticEventSubscriber/LOADING]: Auto-subscribing dev.architectury.registry.level.entity.trade.forge.TradeRegistryImpl to FORGE
[14Apr2025 13:48:45.494] [modloading-worker-0/DEBUG] [net.minecraftforge.fml.javafmlmod.AutomaticEventSubscriber/LOADING]: Auto-subscribing dev.architectury.registry.forge.ReloadListenerRegistryImpl to FORGE
[14Apr2025 13:48:45.501] [modloading-worker-0/DEBUG] [net.minecraftforge.fml.javafmlmod.AutomaticEventSubscriber/LOADING]: Auto-subscribing dev.architectury.networking.forge.NetworkManagerImpl to FORGE
[14Apr2025 13:48:45.505] [modloading-worker-0/DEBUG] [net.minecraftforge.fml.javafmlmod.AutomaticEventSubscriber/LOADING]: Attempting to inject @EventBusSubscriber classes into the eventbus for iceandfire
[14Apr2025 13:48:45.506] [modloading-worker-0/DEBUG] [net.minecraftforge.fml.javafmlmod.AutomaticEventSubscriber/LOADING]: Auto-subscribing com.github.alexthe666.iceandfire.recipe.IafRecipeRegistry to MOD
[14Apr2025 13:48:45.507] [modloading-worker-0/DEBUG] [net.minecraftforge.fml.javafmlmod.AutomaticEventSubscriber/LOADING]: Auto-subscribing com.github.alexthe666.iceandfire.misc.IafSoundRegistry to MOD
[14Apr2025 13:48:45.507] [modloading-worker-0/DEBUG] [net.minecraftforge.fml.javafmlmod.AutomaticEventSubscriber/LOADING]: Auto-subscribing com.github.alexthe666.iceandfire.misc.IafDamageRegistry to MOD
[14Apr2025 13:48:45.510] [modloading-worker-0/DEBUG] [net.minecraftforge.fml.javafmlmod.AutomaticEventSubscriber/LOADING]: Auto-subscribing com.github.alexthe666.iceandfire.item.IafItemRegistry to MOD
[14Apr2025 13:48:45.514] [modloading-worker-0/DEBUG] [net.minecraftforge.fml.javafmlmod.AutomaticEventSubscriber/LOADING]: Auto-subscribing com.github.alexthe666.iceandfire.event.ServerEvents to FORGE
[14Apr2025 13:48:45.516] [modloading-worker-0/INFO] [dev.architectury.networking.forge.NetworkManagerImpl/]: Registering C2S receiver with id architectury:sync_ids
[14Apr2025 13:48:45.532] [modloading-worker-0/DEBUG] [net.minecraftforge.fml.javafmlmod.AutomaticEventSubscriber/LOADING]: Auto-subscribing com.github.alexthe666.iceandfire.entity.props.CapabilityHandler to FORGE
[14Apr2025 13:48:45.540] [modloading-worker-0/DEBUG] [net.minecraftforge.fml.javafmlmod.AutomaticEventSubscriber/LOADING]: Auto-subscribing com.github.alexthe666.iceandfire.entity.IafVillagerRegistry to MOD
[14Apr2025 13:48:45.540] [modloading-worker-0/DEBUG] [net.minecraftforge.fml.javafmlmod.AutomaticEventSubscriber/LOADING]: Auto-subscribing com.github.alexthe666.iceandfire.entity.IafEntityRegistry to MOD
[14Apr2025 13:48:45.552] [modloading-worker-0/DEBUG] [net.minecraftforge.fml.javafmlmod.AutomaticEventSubscriber/LOADING]: Auto-subscribing com.github.alexthe666.iceandfire.datagen.DataGenerators to MOD
[14Apr2025 13:48:45.561] [modloading-worker-0/DEBUG] [mixin/]: Mixing TagsProviderForgeMixin from puzzleslib.forge.mixins.json into net.minecraft.data.tags.TagsProvider
[14Apr2025 13:48:45.575] [modloading-worker-0/DEBUG] [net.minecraftforge.fml.javafmlmod.AutomaticEventSubscriber/LOADING]: Auto-subscribing com.github.alexthe666.iceandfire.block.IafBlockRegistry to MOD
[14Apr2025 13:48:45.575] [modloading-worker-0/DEBUG] [net.minecraftforge.fml.javafmlmod.AutomaticEventSubscriber/LOADING]: Auto-subscribing com.github.alexthe666.iceandfire.IceAndFire to FORGE
[14Apr2025 13:48:45.575] [modloading-worker-0/DEBUG] [net.minecraftforge.fml.javafmlmod.AutomaticEventSubscriber/LOADING]: Auto-subscribing com.github.alexthe666.iceandfire.CommonProxy to MOD
[14Apr2025 13:48:45.589] [modloading-worker-0/DEBUG] [net.minecraftforge.fml.config.ConfigTracker/CONFIG]: Config file appleskin-client.toml for appleskin tracking
[14Apr2025 13:48:45.606] [modloading-worker-0/DEBUG] [net.minecraftforge.fml.javafmlmod.AutomaticEventSubscriber/LOADING]: Attempting to inject @EventBusSubscriber classes into the eventbus for appleskin
[14Apr2025 13:48:45.638] [modloading-worker-0/DEBUG] [net.minecraftforge.fml.javafmlmod.AutomaticEventSubscriber/LOADING]: Attempting to inject @EventBusSubscriber classes into the eventbus for alexsdelight
[14Apr2025 13:48:45.648] [modloading-worker-0/DEBUG] [net.minecraftforge.fml.config.ConfigTracker/CONFIG]: Config file globalxp-client.toml for globalxp tracking
[14Apr2025 13:48:45.651] [modloading-worker-0/DEBUG] [net.minecraftforge.fml.config.ConfigTracker/CONFIG]: Config file globalxp-server.toml for globalxp tracking
[14Apr2025 13:48:45.654] [modloading-worker-0/DEBUG] [net.minecraftforge.fml.javafmlmod.AutomaticEventSubscriber/LOADING]: Attempting to inject @EventBusSubscriber classes into the eventbus for globalxp
[14Apr2025 13:48:45.654] [modloading-worker-0/DEBUG] [net.minecraftforge.fml.javafmlmod.AutomaticEventSubscriber/LOADING]: Auto-subscribing bl4ckscor3.mod.globalxp.GlobalXP to MOD
[14Apr2025 13:48:45.660] [modloading-worker-0/DEBUG] [net.minecraftforge.fml.javafmlmod.AutomaticEventSubscriber/LOADING]: Attempting to inject @EventBusSubscriber classes into the eventbus for refurbished_furniture
[14Apr2025 13:48:45.663] [modloading-worker-0/DEBUG] [net.minecraftforge.fml.javafmlmod.AutomaticEventSubscriber/LOADING]: Auto-subscribing com.mrcrayfish.furniture.refurbished.ForgeEvents to FORGE
[14Apr2025 13:48:45.665] [modloading-worker-0/DEBUG] [net.minecraftforge.fml.javafmlmod.AutomaticEventSubscriber/LOADING]: Attempting to inject @EventBusSubscriber classes into the eventbus for puzzleslib
[14Apr2025 13:48:45.669] [modloading-worker-0/DEBUG] [net.minecraftforge.fml.javafmlmod.AutomaticEventSubscriber/LOADING]: Auto-subscribing fuzs.puzzleslib.impl.PuzzlesLibForge to MOD
[14Apr2025 13:48:45.710] [modloading-worker-0/DEBUG] [mixin/]: Mixing MixinCriteria from forge-mca.mixin.json into net.minecraft.advancements.CriteriaTriggers
[14Apr2025 13:48:45.763] [modloading-worker-0/INFO] [Puzzles Lib/]: Constructing common components for puzzleslib:main
[14Apr2025 13:48:45.850] [modloading-worker-0/DEBUG] [net.minecraftforge.fml.javafmlmod.AutomaticEventSubscriber/LOADING]: Attempting to inject @EventBusSubscriber classes into the eventbus for mca
[14Apr2025 13:48:45.851] [modloading-worker-0/DEBUG] [net.minecraftforge.fml.javafmlmod.AutomaticEventSubscriber/LOADING]: Auto-subscribing forge.net.mca.forge.ForgeBusEvents to FORGE
[14Apr2025 13:48:45.856] [modloading-worker-0/DEBUG] [net.minecraftforge.fml.javafmlmod.AutomaticEventSubscriber/LOADING]: Auto-subscribing forge.net.mca.forge.MCAForge to MOD
[14Apr2025 13:48:45.873] [modloading-worker-0/WARN] [de.keksuccino.justzoom.JustZoom/]: [JUST ZOOM] Disabling 'Just Zoom' since it's a client-side mod and current environment is server!
[14Apr2025 13:48:45.877] [modloading-worker-0/DEBUG] [net.minecraftforge.fml.javafmlmod.AutomaticEventSubscriber/LOADING]: Attempting to inject @EventBusSubscriber classes into the eventbus for justzoom
[14Apr2025 13:48:45.895] [modloading-worker-0/DEBUG] [net.minecraftforge.fml.config.ConfigTracker/CONFIG]: Config file dynamictrees-server.toml for dynamictrees tracking
[14Apr2025 13:48:45.895] [modloading-worker-0/DEBUG] [net.minecraftforge.fml.config.ConfigTracker/CONFIG]: Config file dynamictrees-common.toml for dynamictrees tracking
[14Apr2025 13:48:45.895] [modloading-worker-0/DEBUG] [net.minecraftforge.fml.ModLoadingContext/]: Attempted to register an empty config for type CLIENT on mod dynamictrees
[14Apr2025 13:48:45.895] [modloading-worker-0/DEBUG] [Framework/]: Loaded com.mrcrayfish.framework.platform.ForgePlatformHelper@4365d5e7 for service interface com.mrcrayfish.framework.platform.services.IPlatformHelper
[14Apr2025 13:48:45.898] [modloading-worker-0/DEBUG] [Framework/]: Loaded com.mrcrayfish.framework.platform.ForgeNetworkHelper@f6d0e52 for service interface com.mrcrayfish.framework.platform.services.INetworkHelper
[14Apr2025 13:48:45.906] [modloading-worker-0/DEBUG] [Framework/]: Loaded com.mrcrayfish.framework.platform.ForgeRegistrationHelper@18f445b7 for service interface com.mrcrayfish.framework.platform.services.IRegistrationHelper
[14Apr2025 13:48:45.907] [modloading-worker-0/DEBUG] [Framework/]: Loaded com.mrcrayfish.framework.platform.ForgeEntityHelper@3ca9ffe for service interface com.mrcrayfish.framework.platform.services.IEntityHelper
[14Apr2025 13:48:45.909] [modloading-worker-0/DEBUG] [Framework/]: Loaded com.mrcrayfish.framework.platform.ForgeItemHelper@830129a for service interface com.mrcrayfish.framework.platform.services.IItemHelper
[14Apr2025 13:48:45.936] [modloading-worker-0/DEBUG] [Framework/]: Loaded com.mrcrayfish.framework.platform.ForgeConfigHelper@35e12f11 for service interface com.mrcrayfish.framework.platform.services.IConfigHelper
[14Apr2025 13:48:46.053] [modloading-worker-0/DEBUG] [MrCrayfish's Furniture Mod: Refurbished/]: Loaded com.mrcrayfish.furniture.refurbished.platform.ForgePlatformHelper@46f3222f for service interface com.mrcrayfish.furniture.refurbished.platform.services.IPlatformHelper
[14Apr2025 13:48:46.066] [modloading-worker-0/DEBUG] [MrCrayfish's Furniture Mod: Refurbished/]: Loaded com.mrcrayfish.furniture.refurbished.platform.ForgeBlockHelper@160cb34a for service interface com.mrcrayfish.furniture.refurbished.platform.services.IBlockHelper
[14Apr2025 13:48:46.107] [modloading-worker-0/DEBUG] [MrCrayfish's Furniture Mod: Refurbished/]: Loaded com.mrcrayfish.furniture.refurbished.platform.ForgeBlockEntityHelper@3f662039 for service interface com.mrcrayfish.furniture.refurbished.platform.services.IBlockEntityHelper
[14Apr2025 13:48:46.113] [modloading-worker-0/DEBUG] [MrCrayfish's Furniture Mod: Refurbished/]: Loaded com.mrcrayfish.furniture.refurbished.platform.ForgeItemHelper@5487d170 for service interface com.mrcrayfish.furniture.refurbished.platform.services.IItemHelper
[14Apr2025 13:48:46.114] [modloading-worker-0/DEBUG] [MrCrayfish's Furniture Mod: Refurbished/]: Loaded com.mrcrayfish.furniture.refurbished.platform.ForgeEntityHelper@3c35557 for service interface com.mrcrayfish.furniture.refurbished.platform.services.IEntityHelper
[14Apr2025 13:48:46.116] [modloading-worker-0/DEBUG] [MrCrayfish's Furniture Mod: Refurbished/]: Loaded com.mrcrayfish.furniture.refurbished.platform.ForgeRecipeHelper@5f608617 for service interface com.mrcrayfish.furniture.refurbished.platform.services.IRecipeHelper
[14Apr2025 13:48:46.122] [modloading-worker-0/DEBUG] [MrCrayfish's Furniture Mod: Refurbished/]: Loaded com.mrcrayfish.furniture.refurbished.platform.ForgeFluidHelper@5e6e835 for service interface com.mrcrayfish.furniture.refurbished.platform.services.IFluidHelper
[14Apr2025 13:48:46.141] [modloading-worker-0/DEBUG] [MrCrayfish's Furniture Mod: Refurbished/]: Loaded com.mrcrayfish.furniture.refurbished.platform.ForgeTagHelper@5b434160 for service interface com.mrcrayfish.furniture.refurbished.platform.services.ITagHelper
[14Apr2025 13:48:46.149] [modloading-worker-0/DEBUG] [net.minecraftforge.fml.javafmlmod.AutomaticEventSubscriber/LOADING]: Attempting to inject @EventBusSubscriber classes into the eventbus for dynamictrees
[14Apr2025 13:48:46.149] [modloading-worker-0/DEBUG] [net.minecraftforge.fml.javafmlmod.AutomaticEventSubscriber/LOADING]: Auto-subscribing com.ferreusveritas.dynamictrees.resources.Resources to FORGE
[14Apr2025 13:48:46.167] [modloading-worker-0/DEBUG] [MrCrayfish's Furniture Mod: Refurbished/]: Loaded com.mrcrayfish.furniture.refurbished.platform.ForgeMenuHelper@58eed1b0 for service interface com.mrcrayfish.furniture.refurbished.platform.services.IMenuHelper
[14Apr2025 13:48:46.206] [modloading-worker-0/DEBUG] [net.minecraftforge.fml.javafmlmod.AutomaticEventSubscriber/LOADING]: Attempting to inject @EventBusSubscriber classes into the eventbus for securitycraft
[14Apr2025 13:48:46.206] [modloading-worker-0/DEBUG] [net.minecraftforge.fml.javafmlmod.AutomaticEventSubscriber/LOADING]: Auto-subscribing net.geforcemods.securitycraft.api.SecurityCraftAPI to MOD
[14Apr2025 13:48:46.214] [modloading-worker-0/DEBUG] [net.minecraftforge.fml.javafmlmod.AutomaticEventSubscriber/LOADING]: Auto-subscribing net.geforcemods.securitycraft.SecurityCraft to MOD
[14Apr2025 13:48:46.218] [modloading-worker-0/DEBUG] [net.minecraftforge.fml.javafmlmod.AutomaticEventSubscriber/LOADING]: Auto-subscribing net.geforcemods.securitycraft.SCEventHandler to FORGE
[14Apr2025 13:48:46.255] [modloading-worker-0/DEBUG] [net.minecraftforge.fml.javafmlmod.AutomaticEventSubscriber/LOADING]: Auto-subscribing net.geforcemods.securitycraft.RegistrationHandler to MOD
[14Apr2025 13:48:46.266] [modloading-worker-0/DEBUG] [net.minecraftforge.fml.javafmlmod.AutomaticEventSubscriber/LOADING]: Auto-subscribing net.geforcemods.securitycraft.ConfigHandler to MOD
[14Apr2025 13:48:46.268] [modloading-worker-0/DEBUG] [playerrevive/]: Created network playerrevive:main
[14Apr2025 13:48:46.273] [modloading-worker-0/DEBUG] [net.minecraftforge.fml.javafmlmod.AutomaticEventSubscriber/LOADING]: Attempting to inject @EventBusSubscriber classes into the eventbus for playerrevive
[14Apr2025 13:48:46.274] [modloading-worker-0/DEBUG] [net.minecraftforge.fml.javafmlmod.AutomaticEventSubscriber/LOADING]: Attempting to inject @EventBusSubscriber classes into the eventbus for enchantinginfuser
[14Apr2025 13:48:46.274] [modloading-worker-0/DEBUG] [net.minecraftforge.fml.javafmlmod.AutomaticEventSubscriber/LOADING]: Auto-subscribing fuzs.enchantinginfuser.EnchantingInfuserForge to MOD
[14Apr2025 13:48:46.319] [modloading-worker-0/INFO] [Puzzles Lib/]: Constructing common components for enchantinginfuser:main
[14Apr2025 13:48:46.354] [modloading-worker-0/DEBUG] [net.minecraftforge.fml.config.ConfigTracker/CONFIG]: Config file enchantinginfuser-server.toml for enchantinginfuser tracking
[14Apr2025 13:48:46.366] [modloading-worker-0/DEBUG] [net.minecraftforge.fml.javafmlmod.AutomaticEventSubscriber/LOADING]: Attempting to inject @EventBusSubscriber classes into the eventbus for scaffoldingdropsnearby
[14Apr2025 13:48:46.410] [modloading-worker-0/DEBUG] [net.minecraftforge.fml.javafmlmod.AutomaticEventSubscriber/LOADING]: Auto-subscribing com.ferreusveritas.dynamictrees.init.DTTrees to MOD
[14Apr2025 13:48:46.418] [modloading-worker-0/DEBUG] [net.minecraftforge.fml.javafmlmod.AutomaticEventSubscriber/LOADING]: Auto-subscribing com.ferreusveritas.dynamictrees.init.DTRegistries to MOD
[14Apr2025 13:48:46.425] [modloading-worker-0/DEBUG] [net.minecraftforge.fml.javafmlmod.AutomaticEventSubscriber/LOADING]: Auto-subscribing com.ferreusveritas.dynamictrees.init.DTConfigs to MOD
[14Apr2025 13:48:46.487] [modloading-worker-0/DEBUG] [mixin/]: Mixing MixinLootDataManager from architectury.mixins.json into net.minecraft.world.level.storage.loot.LootDataManager
[14Apr2025 13:48:46.489] [modloading-worker-0/DEBUG] [mixin/]: Mixing LootDataManagerForgeMixin from puzzleslib.forge.mixins.json into net.minecraft.world.level.storage.loot.LootDataManager
[14Apr2025 13:48:46.510] [modloading-worker-0/DEBUG] [net.minecraftforge.fml.javafmlmod.AutomaticEventSubscriber/LOADING]: Attempting to inject @EventBusSubscriber classes into the eventbus for simplyswords
[14Apr2025 13:48:46.637] [modloading-worker-0/DEBUG] [net.minecraftforge.fml.javafmlmod.AutomaticEventSubscriber/LOADING]: Attempting to inject @EventBusSubscriber classes into the eventbus for framework
[14Apr2025 13:48:46.637] [modloading-worker-0/DEBUG] [net.minecraftforge.fml.javafmlmod.AutomaticEventSubscriber/LOADING]: Auto-subscribing com.mrcrayfish.framework.entity.sync.ForgeSyncedEntityDataHandler to FORGE
[14Apr2025 13:48:46.639] [main/DEBUG] [net.minecraftforge.fml.DeferredWorkQueue/LOADING]: Dispatching synchronous work for work queue CONSTRUCT: 5 jobs
[14Apr2025 13:48:46.640] [main/DEBUG] [epicfight/]: Loaded enums in class yesman.epicfight.api.animation.LivingMotions
[14Apr2025 13:48:46.640] [main/DEBUG] [epicfight/]: All enums are loaded: living_motion [ALL, INACTION, IDLE, CONFRONT, ANGRY, FLOAT, WALK, RUN, SWIM, FLY, SNEAK, KNEEL, FALL, SIT, MOUNT, DEATH, CHASE, SPELLCAST, JUMP, CELEBRATE, LANDING_RECOVERY, CREATIVE_FLY, CREATIVE_IDLE, DIGGING, ADMIRE, CLIMB, SLEEP, DRINK, EAT, NONE, AIM, BLOCK, BLOCK_SHIELD, RELOAD, SHOT, SPECTATE]
[14Apr2025 13:48:46.641] [main/DEBUG] [epicfight/]: Loaded enums in class yesman.epicfight.skill.SkillCategories
[14Apr2025 13:48:46.641] [main/DEBUG] [epicfight/]: All enums are loaded: skill_category [BASIC_ATTACK, AIR_ATTACK, DODGE, PASSIVE, WEAPON_PASSIVE, WEAPON_INNATE, GUARD, KNOCKDOWN_WAKEUP, MOVER, IDENTITY]
[14Apr2025 13:48:46.641] [main/DEBUG] [epicfight/]: Loaded enums in class yesman.epicfight.skill.SkillSlots
[14Apr2025 13:48:46.641] [main/DEBUG] [epicfight/]: All enums are loaded: skill_slot [BASIC_ATTACK, AIR_ATTACK, DODGE, PASSIVE1, PASSIVE2, PASSIVE3, WEAPON_PASSIVE, WEAPON_INNATE, GUARD, KNOCKDOWN_WAKEUP, MOVER, IDENTITY]
[14Apr2025 13:48:46.641] [main/DEBUG] [epicfight/]: Loaded enums in class yesman.epicfight.world.capabilities.item.CapabilityItem$Styles
[14Apr2025 13:48:46.641] [main/DEBUG] [epicfight/]: All enums are loaded: style [COMMON, ONE_HAND, TWO_HAND, MOUNT, RANGED, SHEATH, OCHS]
[14Apr2025 13:48:46.642] [main/DEBUG] [epicfight/]: Loaded enums in class yesman.epicfight.world.capabilities.item.CapabilityItem$WeaponCategories
[14Apr2025 13:48:46.642] [main/DEBUG] [epicfight/]: All enums are loaded: weapon_category [NOT_WEAPON, AXE, FIST, GREATSWORD, HOE, PICKAXE, SHOVEL, SWORD, UCHIGATANA, SPEAR, TACHI, TRIDENT, LONGSWORD, DAGGER, SHIELD, RANGED]
[14Apr2025 13:48:46.642] [main/DEBUG] [net.minecraftforge.fml.DeferredWorkQueue/LOADING]: Synchronous work queue completed in 2.347 ms
[14Apr2025 13:48:46.787] [main/DEBUG] [com.ferreusveritas.dynamictrees.resources.Resources/]: Successfully loaded 2 tree packs.
[14Apr2025 13:48:46.790] [main/DEBUG] [com.ferreusveritas.dynamictrees.api.registry.AbstractRegistry/REGISTRY_DUMP]: Name: FeatureCanceller
	Entry: dynamictrees:fungus, FungusFeatureCanceller{registryName=dynamictrees:fungus}
	Entry: dynamictrees:mushroom, MushroomFeatureCanceller{registryName=dynamictrees:mushroom}
	Entry: dynamictrees:null, {registryName=dynamictrees:null}
	Entry: dynamictrees:rooted_tree, TreeFeatureCanceller{registryName=dynamictrees:rooted_tree}
	Entry: dynamictrees:tree, TreeFeatureCanceller{registryName=dynamictrees:tree}

[14Apr2025 13:48:46.853] [main/DEBUG] [net.minecraftforge.common.capabilities.CapabilityManager/CAPABILITIES]: Attempting to automatically register: Lcom/tiviacz/travelersbackpack/capability/ITravelersBackpack;
[14Apr2025 13:48:46.854] [main/DEBUG] [net.minecraftforge.common.capabilities.CapabilityManager/CAPABILITIES]: Attempting to automatically register: Lnet/minecraftforge/energy/IEnergyStorage;
[14Apr2025 13:48:46.854] [main/DEBUG] [net.minecraftforge.common.capabilities.CapabilityManager/CAPABILITIES]: Attempting to automatically register: Lnet/minecraftforge/fluids/capability/IFluidHandler;
[14Apr2025 13:48:46.854] [main/DEBUG] [net.minecraftforge.common.capabilities.CapabilityManager/CAPABILITIES]: Attempting to automatically register: Lnet/minecraftforge/fluids/capability/IFluidHandlerItem;
[14Apr2025 13:48:46.854] [main/DEBUG] [net.minecraftforge.common.capabilities.CapabilityManager/CAPABILITIES]: Attempting to automatically register: Lnet/minecraftforge/items/IItemHandler;
[14Apr2025 13:48:47.782] [Worker-Main-1/DEBUG] [mixin/]: Mixing PathPackResourcesAccessor from creativecore.mixins.json into net.minecraft.server.packs.PathPackResources
[14Apr2025 13:48:47.813] [Worker-Main-1/DEBUG] [com.ferreusveritas.dynamictrees.api.resource.loading.preparation.JsonRegistryResourceLoader/]: Loaded and registered type "LeavesProperties": WartProperties{registryName=dynamictrees:warped}.
[14Apr2025 13:48:47.814] [Worker-Main-1/DEBUG] [com.ferreusveritas.dynamictrees.api.resource.loading.preparation.JsonRegistryResourceLoader/]: Loaded and registered type "LeavesProperties": LeavesProperties{registryName=dynamictrees:spruce}.
[14Apr2025 13:48:47.815] [Worker-Main-1/DEBUG] [com.ferreusveritas.dynamictrees.api.resource.loading.preparation.JsonRegistryResourceLoader/]: Loaded and registered type "LeavesProperties": ScruffyLeavesProperties{registryName=dynamictrees:oak_undergrowth}.
[14Apr2025 13:48:47.815] [Worker-Main-1/DEBUG] [com.ferreusveritas.dynamictrees.api.resource.loading.preparation.JsonRegistryResourceLoader/]: Loaded and registered type "LeavesProperties": LeavesProperties{registryName=dynamictrees:oak}.
[14Apr2025 13:48:47.816] [Worker-Main-1/DEBUG] [com.ferreusveritas.dynamictrees.api.resource.loading.preparation.JsonRegistryResourceLoader/]: Loaded and registered type "LeavesProperties": ScruffyLeavesProperties{registryName=dynamictrees:mangrove}.
[14Apr2025 13:48:47.816] [Worker-Main-1/DEBUG] [com.ferreusveritas.dynamictrees.api.resource.loading.preparation.JsonRegistryResourceLoader/]: Loaded and registered type "LeavesProperties": ScruffyLeavesProperties{registryName=dynamictrees:jungle_undergrowth}.
[14Apr2025 13:48:47.817] [Worker-Main-1/DEBUG] [com.ferreusveritas.dynamictrees.api.resource.loading.preparation.JsonRegistryResourceLoader/]: Loaded and registered type "LeavesProperties": LeavesProperties{registryName=dynamictrees:jungle}.
[14Apr2025 13:48:47.818] [Worker-Main-1/DEBUG] [com.ferreusveritas.dynamictrees.api.resource.loading.preparation.JsonRegistryResourceLoader/]: Loaded and registered type "LeavesProperties": ScruffyLeavesProperties{registryName=dynamictrees:flowering_azalea}.
[14Apr2025 13:48:47.819] [Worker-Main-1/DEBUG] [com.ferreusveritas.dynamictrees.api.resource.loading.preparation.JsonRegistryResourceLoader/]: Loaded and registered type "LeavesProperties": LeavesProperties{registryName=dynamictrees:dark_oak}.
[14Apr2025 13:48:47.819] [Worker-Main-1/DEBUG] [com.ferreusveritas.dynamictrees.api.resource.loading.preparation.JsonRegistryResourceLoader/]: Loaded and registered type "LeavesProperties": WartProperties{registryName=dynamictrees:crimson}.
[14Apr2025 13:48:47.820] [Worker-Main-1/DEBUG] [com.ferreusveritas.dynamictrees.api.resource.loading.preparation.JsonRegistryResourceLoader/]: Loaded and registered type "LeavesProperties": LeavesProperties{registryName=dynamictrees:cherry}.
[14Apr2025 13:48:47.820] [Worker-Main-1/DEBUG] [com.ferreusveritas.dynamictrees.api.resource.loading.preparation.JsonRegistryResourceLoader/]: Loaded and registered type "LeavesProperties": LeavesProperties{registryName=dynamictrees:birch}.
[14Apr2025 13:48:47.821] [Worker-Main-1/DEBUG] [com.ferreusveritas.dynamictrees.api.resource.loading.preparation.JsonRegistryResourceLoader/]: Loaded and registered type "LeavesProperties": LeavesProperties{registryName=dynamictrees:bare}.
[14Apr2025 13:48:47.821] [Worker-Main-1/DEBUG] [com.ferreusveritas.dynamictrees.api.resource.loading.preparation.JsonRegistryResourceLoader/]: Loaded and registered type "LeavesProperties": ScruffyLeavesProperties{registryName=dynamictrees:azalea}.
[14Apr2025 13:48:47.822] [Worker-Main-1/DEBUG] [com.ferreusveritas.dynamictrees.api.resource.loading.preparation.JsonRegistryResourceLoader/]: Loaded and registered type "LeavesProperties": LeavesProperties{registryName=dynamictrees:acacia}.
[14Apr2025 13:48:47.831] [Worker-Main-1/DEBUG] [com.ferreusveritas.dynamictrees.api.resource.loading.preparation.JsonRegistryResourceLoader/]: Loaded and registered type "SoilProperties": dynamictrees:yellow_terracotta.
[14Apr2025 13:48:47.832] [Worker-Main-1/DEBUG] [com.ferreusveritas.dynamictrees.api.resource.loading.preparation.JsonRegistryResourceLoader/]: Loaded and registered type "SoilProperties": dynamictrees:white_terracotta.
[14Apr2025 13:48:47.833] [Worker-Main-1/DEBUG] [com.ferreusveritas.dynamictrees.api.resource.loading.preparation.JsonRegistryResourceLoader/]: Loaded and registered type "SoilProperties": dynamictrees:water.
[14Apr2025 13:48:47.834] [Worker-Main-1/DEBUG] [com.ferreusveritas.dynamictrees.api.resource.loading.preparation.JsonRegistryResourceLoader/]: Loaded and registered type "SoilProperties": dynamictrees:warped_nylium.
[14Apr2025 13:48:47.835] [Worker-Main-1/DEBUG] [com.ferreusveritas.dynamictrees.api.resource.loading.preparation.JsonRegistryResourceLoader/]: Loaded and registered type "SoilProperties": dynamictrees:terracotta.
[14Apr2025 13:48:47.835] [Worker-Main-1/DEBUG] [com.ferreusveritas.dynamictrees.api.resource.loading.preparation.JsonRegistryResourceLoader/]: Loaded and registered type "SoilProperties": dynamictrees:soul_soil.
[14Apr2025 13:48:47.835] [Worker-Main-1/DEBUG] [com.ferreusveritas.dynamictrees.api.resource.loading.preparation.JsonRegistryResourceLoader/]: Loaded and registered type "SoilProperties": dynamictrees:soul_sand.
[14Apr2025 13:48:47.836] [Worker-Main-1/DEBUG] [com.ferreusveritas.dynamictrees.api.resource.loading.preparation.JsonRegistryResourceLoader/]: Loaded and registered type "SoilProperties": dynamictrees:snow_block.
[14Apr2025 13:48:47.836] [Worker-Main-1/DEBUG] [com.ferreusveritas.dynamictrees.api.resource.loading.preparation.JsonRegistryResourceLoader/]: Loaded and registered type "SoilProperties": dynamictrees:sand.
[14Apr2025 13:48:47.836] [Worker-Main-1/DEBUG] [com.ferreusveritas.dynamictrees.api.resource.loading.preparation.JsonRegistryResourceLoader/]: Loaded and registered type "SoilProperties": dynamictrees:rooted_dirt.
[14Apr2025 13:48:47.837] [Worker-Main-1/DEBUG] [com.ferreusveritas.dynamictrees.api.resource.loading.preparation.JsonRegistryResourceLoader/]: Loaded and registered type "SoilProperties": dynamictrees:red_terracotta.
[14Apr2025 13:48:47.837] [Worker-Main-1/DEBUG] [com.ferreusveritas.dynamictrees.api.resource.loading.preparation.JsonRegistryResourceLoader/]: Loaded and registered type "SoilProperties": dynamictrees:red_sand.
[14Apr2025 13:48:47.837] [Worker-Main-1/DEBUG] [com.ferreusveritas.dynamictrees.api.resource.loading.preparation.JsonRegistryResourceLoader/]: Loaded and registered type "SoilProperties": dynamictrees:powder_snow.
[14Apr2025 13:48:47.838] [Worker-Main-1/DEBUG] [com.ferreusveritas.dynamictrees.api.resource.loading.preparation.JsonRegistryResourceLoader/]: Loaded and registered type "SoilProperties": dynamictrees:podzol.
[14Apr2025 13:48:47.838] [Worker-Main-1/DEBUG] [com.ferreusveritas.dynamictrees.api.resource.loading.preparation.JsonRegistryResourceLoader/]: Loaded and registered type "SoilProperties": dynamictrees:orange_terracotta.
[14Apr2025 13:48:47.839] [Worker-Main-1/DEBUG] [com.ferreusveritas.dynamictrees.api.resource.loading.preparation.JsonRegistryResourceLoader/]: Loaded and registered type "SoilProperties": dynamictrees:netherrack.
[14Apr2025 13:48:47.839] [Worker-Main-1/DEBUG] [com.ferreusveritas.dynamictrees.api.resource.loading.preparation.JsonRegistryResourceLoader/]: Loaded and registered type "SoilProperties": dynamictrees:mycelium.
[14Apr2025 13:48:47.840] [Worker-Main-1/DEBUG] [com.ferreusveritas.dynamictrees.api.resource.loading.preparation.JsonRegistryResourceLoader/]: Loaded and registered type "SoilProperties": dynamictrees:mud.
[14Apr2025 13:48:47.841] [Worker-Main-1/DEBUG] [com.ferreusveritas.dynamictrees.api.resource.loading.preparation.JsonRegistryResourceLoader/]: Loaded and registered type "SoilProperties": dynamictrees:moss_block.
[14Apr2025 13:48:47.841] [Worker-Main-1/DEBUG] [com.ferreusveritas.dynamictrees.api.resource.loading.preparation.JsonRegistryResourceLoader/]: Loaded and registered type "SoilProperties": dynamictrees:moss.
[14Apr2025 13:48:47.846] [Worker-Main-1/DEBUG] [com.ferreusveritas.dynamictrees.api.resource.loading.preparation.JsonRegistryResourceLoader/]: Loaded and registered type "SoilProperties": dynamictrees:mangrove_aerial_roots.
[14Apr2025 13:48:47.846] [Worker-Main-1/DEBUG] [com.ferreusveritas.dynamictrees.api.resource.loading.preparation.JsonRegistryResourceLoader/]: Loaded and registered type "SoilProperties": dynamictrees:light_gray_terracotta.
[14Apr2025 13:48:47.846] [Worker-Main-1/DEBUG] [com.ferreusveritas.dynamictrees.api.resource.loading.preparation.JsonRegistryResourceLoader/]: Loaded and registered type "SoilProperties": dynamictrees:gravel.
[14Apr2025 13:48:47.847] [Worker-Main-1/DEBUG] [com.ferreusveritas.dynamictrees.api.resource.loading.preparation.JsonRegistryResourceLoader/]: Loaded and registered type "SoilProperties": dynamictrees:grass_block.
[14Apr2025 13:48:47.847] [Worker-Main-1/DEBUG] [com.ferreusveritas.dynamictrees.api.resource.loading.preparation.JsonRegistryResourceLoader/]: Loaded and registered type "SoilProperties": dynamictrees:farmland.
[14Apr2025 13:48:47.847] [Worker-Main-1/DEBUG] [com.ferreusveritas.dynamictrees.api.resource.loading.preparation.JsonRegistryResourceLoader/]: Loaded and registered type "SoilProperties": dynamictrees:end_stone.
[14Apr2025 13:48:47.847] [Worker-Main-1/DEBUG] [com.ferreusveritas.dynamictrees.api.resource.loading.preparation.JsonRegistryResourceLoader/]: Loaded and registered type "SoilProperties": dynamictrees:dirt.
[14Apr2025 13:48:47.848] [Worker-Main-1/DEBUG] [com.ferreusveritas.dynamictrees.api.resource.loading.preparation.JsonRegistryResourceLoader/]: Loaded and registered type "SoilProperties": dynamictrees:crimson_nylium.
[14Apr2025 13:48:47.848] [Worker-Main-1/DEBUG] [com.ferreusveritas.dynamictrees.api.resource.loading.preparation.JsonRegistryResourceLoader/]: Loaded and registered type "SoilProperties": dynamictrees:coarse_dirt.
[14Apr2025 13:48:47.848] [Worker-Main-1/DEBUG] [com.ferreusveritas.dynamictrees.api.resource.loading.preparation.JsonRegistryResourceLoader/]: Loaded and registered type "SoilProperties": dynamictrees:brown_terracotta.
[14Apr2025 13:48:47.852] [Worker-Main-2/DEBUG] [com.ferreusveritas.dynamictrees.api.resource.loading.preparation.JsonRegistryResourceLoader/]: Loaded and registered type "Family": NetherFungusFamily{registryName=dynamictrees:warped, commonLeaves=WartProperties{registryName=dynamictrees:warped}, maxBranchRadius=24, hasSurfaceRoot=false, hasStrippedBranch=true}.
[14Apr2025 13:48:47.853] [Worker-Main-2/DEBUG] [com.ferreusveritas.dynamictrees.api.resource.loading.preparation.JsonRegistryResourceLoader/]: Loaded and registered type "Family": Family{registryName=dynamictrees:spruce, commonLeaves=LeavesProperties{registryName=dynamictrees:spruce}, maxBranchRadius=24, hasSurfaceRoot=false, hasStrippedBranch=true}.
[14Apr2025 13:48:47.853] [Worker-Main-2/DEBUG] [com.ferreusveritas.dynamictrees.api.resource.loading.preparation.JsonRegistryResourceLoader/]: Loaded and registered type "Family": Family{registryName=dynamictrees:oak, commonLeaves=LeavesProperties{registryName=dynamictrees:oak}, maxBranchRadius=8, hasSurfaceRoot=false, hasStrippedBranch=true}.
[14Apr2025 13:48:47.855] [Worker-Main-2/DEBUG] [com.ferreusveritas.dynamictrees.api.resource.loading.preparation.JsonRegistryResourceLoader/]: Loaded and registered type "Family": MangroveFamily{registryName=dynamictrees:mangrove, commonLeaves=ScruffyLeavesProperties{registryName=dynamictrees:mangrove}, maxBranchRadius=8, hasSurfaceRoot=false, hasStrippedBranch=true}.
[14Apr2025 13:48:47.856] [Worker-Main-2/DEBUG] [com.ferreusveritas.dynamictrees.api.resource.loading.preparation.JsonRegistryResourceLoader/]: Loaded and registered type "Family": Family{registryName=dynamictrees:jungle, commonLeaves=LeavesProperties{registryName=dynamictrees:jungle}, maxBranchRadius=24, hasSurfaceRoot=true, hasStrippedBranch=true}.
[14Apr2025 13:48:47.856] [Worker-Main-2/DEBUG] [com.ferreusveritas.dynamictrees.api.resource.loading.preparation.JsonRegistryResourceLoader/]: Loaded and registered type "Family": Family{registryName=dynamictrees:dark_oak, commonLeaves=LeavesProperties{registryName=dynamictrees:dark_oak}, maxBranchRadius=24, hasSurfaceRoot=true, hasStrippedBranch=true}.
[14Apr2025 13:48:47.857] [Worker-Main-2/DEBUG] [com.ferreusveritas.dynamictrees.api.resource.loading.preparation.JsonRegistryResourceLoader/]: Loaded and registered type "Family": NetherFungusFamily{registryName=dynamictrees:crimson, commonLeaves=WartProperties{registryName=dynamictrees:crimson}, maxBranchRadius=24, hasSurfaceRoot=false, hasStrippedBranch=true}.
[14Apr2025 13:48:47.857] [Worker-Main-2/DEBUG] [com.ferreusveritas.dynamictrees.api.resource.loading.preparation.JsonRegistryResourceLoader/]: Loaded and registered type "Family": Family{registryName=dynamictrees:cherry, commonLeaves=LeavesProperties{registryName=dynamictrees:cherry}, maxBranchRadius=8, hasSurfaceRoot=false, hasStrippedBranch=true}.
[14Apr2025 13:48:47.857] [Worker-Main-2/DEBUG] [com.ferreusveritas.dynamictrees.api.resource.loading.preparation.JsonRegistryResourceLoader/]: Loaded and registered type "Family": Family{registryName=dynamictrees:birch, commonLeaves=LeavesProperties{registryName=dynamictrees:birch}, maxBranchRadius=8, hasSurfaceRoot=false, hasStrippedBranch=true}.
[14Apr2025 13:48:47.858] [Worker-Main-2/DEBUG] [com.ferreusveritas.dynamictrees.api.resource.loading.preparation.JsonRegistryResourceLoader/]: Loaded and registered type "Family": Family{registryName=dynamictrees:acacia, commonLeaves=LeavesProperties{registryName=dynamictrees:acacia}, maxBranchRadius=8, hasSurfaceRoot=false, hasStrippedBranch=true}.
[14Apr2025 13:48:47.873] [Worker-Main-1/DEBUG] [com.ferreusveritas.dynamictrees.api.resource.loading.preparation.JsonRegistryResourceLoader/]: Loaded and registered type "Fruit": Fruit{registryName=dynamictrees:apple}.
[14Apr2025 13:48:47.881] [main/DEBUG] [com.ferreusveritas.dynamictrees.api.resource.loading.preparation.JsonRegistryResourceLoader/]: Loaded and registered type "Pod": Pod{registryName=dynamictrees:cocoa}.
[14Apr2025 13:48:47.892] [Worker-Main-1/DEBUG] [com.ferreusveritas.dynamictrees.api.resource.loading.preparation.JsonRegistryResourceLoader/]: Loaded and registered type "Species": NetherFungusSpecies{registryName=dynamictrees:warped, seed=null, sapling=null}.
[14Apr2025 13:48:47.892] [Worker-Main-1/DEBUG] [com.ferreusveritas.dynamictrees.api.resource.loading.preparation.JsonRegistryResourceLoader/]: Loaded and registered type "Species": Species{registryName=dynamictrees:tall_birch, seed=null, sapling=null}.
[14Apr2025 13:48:47.895] [Worker-Main-1/DEBUG] [com.ferreusveritas.dynamictrees.api.resource.loading.preparation.JsonRegistryResourceLoader/]: Loaded and registered type "Species": SwampOakSpecies{registryName=dynamictrees:swamp_oak, seed=null, sapling=null}.
[14Apr2025 13:48:47.897] [Worker-Main-1/DEBUG] [com.ferreusveritas.dynamictrees.api.resource.loading.preparation.JsonRegistryResourceLoader/]: Loaded and registered type "Species": Species{registryName=dynamictrees:spruce, seed=null, sapling=null}.
[14Apr2025 13:48:47.897] [Worker-Main-1/DEBUG] [com.ferreusveritas.dynamictrees.api.resource.loading.preparation.JsonRegistryResourceLoader/]: Loaded and registered type "Species": Species{registryName=dynamictrees:oak_undergrowth, seed=null, sapling=null}.
[14Apr2025 13:48:47.897] [Worker-Main-1/DEBUG] [com.ferreusveritas.dynamictrees.api.resource.loading.preparation.JsonRegistryResourceLoader/]: Loaded and registered type "Species": Species{registryName=dynamictrees:oak, seed=null, sapling=null}.
[14Apr2025 13:48:47.898] [Worker-Main-1/DEBUG] [com.ferreusveritas.dynamictrees.api.resource.loading.preparation.JsonRegistryResourceLoader/]: Loaded and registered type "Species": NetherFungusSpecies{registryName=dynamictrees:mega_warped, seed=null, sapling=null}.
[14Apr2025 13:48:47.898] [Worker-Main-1/DEBUG] [com.ferreusveritas.dynamictrees.api.resource.loading.preparation.JsonRegistryResourceLoader/]: Loaded and registered type "Species": Species{registryName=dynamictrees:mega_spruce, seed=null, sapling=null}.
[14Apr2025 13:48:47.898] [Worker-Main-1/DEBUG] [com.ferreusveritas.dynamictrees.api.resource.loading.preparation.JsonRegistryResourceLoader/]: Loaded and registered type "Species": Species{registryName=dynamictrees:mega_jungle, seed=null, sapling=null}.
[14Apr2025 13:48:47.899] [Worker-Main-1/DEBUG] [com.ferreusveritas.dynamictrees.api.resource.loading.preparation.JsonRegistryResourceLoader/]: Loaded and registered type "Species": NetherFungusSpecies{registryName=dynamictrees:mega_crimson, seed=null, sapling=null}.
[14Apr2025 13:48:47.899] [Worker-Main-1/DEBUG] [com.ferreusveritas.dynamictrees.api.resource.loading.preparation.JsonRegistryResourceLoader/]: Loaded and registered type "Species": MangroveSpecies{registryName=dynamictrees:mangrove, seed=null, sapling=null}.
[14Apr2025 13:48:47.900] [Worker-Main-1/DEBUG] [com.ferreusveritas.dynamictrees.api.resource.loading.preparation.JsonRegistryResourceLoader/]: Loaded and registered type "Species": Species{registryName=dynamictrees:jungle_undergrowth, seed=null, sapling=null}.
[14Apr2025 13:48:47.900] [Worker-Main-1/DEBUG] [com.ferreusveritas.dynamictrees.api.resource.loading.preparation.JsonRegistryResourceLoader/]: Loaded and registered type "Species": Species{registryName=dynamictrees:jungle, seed=null, sapling=null}.
[14Apr2025 13:48:47.900] [Worker-Main-1/DEBUG] [com.ferreusveritas.dynamictrees.api.resource.loading.preparation.JsonRegistryResourceLoader/]: Loaded and registered type "Species": Species{registryName=dynamictrees:dark_oak, seed=null, sapling=null}.
[14Apr2025 13:48:47.901] [Worker-Main-1/DEBUG] [com.ferreusveritas.dynamictrees.api.resource.loading.preparation.JsonRegistryResourceLoader/]: Loaded and registered type "Species": NetherFungusSpecies{registryName=dynamictrees:crimson, seed=null, sapling=null}.
[14Apr2025 13:48:47.901] [Worker-Main-1/DEBUG] [com.ferreusveritas.dynamictrees.api.resource.loading.preparation.JsonRegistryResourceLoader/]: Loaded and registered type "Species": Species{registryName=dynamictrees:cocoa, seed=null, sapling=null}.
[14Apr2025 13:48:47.902] [Worker-Main-1/DEBUG] [com.ferreusveritas.dynamictrees.api.resource.loading.preparation.JsonRegistryResourceLoader/]: Loaded and registered type "Species": Species{registryName=dynamictrees:cherry, seed=null, sapling=null}.
[14Apr2025 13:48:47.902] [Worker-Main-1/DEBUG] [com.ferreusveritas.dynamictrees.api.resource.loading.preparation.JsonRegistryResourceLoader/]: Loaded and registered type "Species": Species{registryName=dynamictrees:birch, seed=null, sapling=null}.
[14Apr2025 13:48:47.902] [Worker-Main-1/DEBUG] [com.ferreusveritas.dynamictrees.api.resource.loading.preparation.JsonRegistryResourceLoader/]: Loaded and registered type "Species": Species{registryName=dynamictrees:azalea, seed=null, sapling=null}.
[14Apr2025 13:48:47.903] [Worker-Main-1/DEBUG] [com.ferreusveritas.dynamictrees.api.resource.loading.preparation.JsonRegistryResourceLoader/]: Loaded and registered type "Species": Species{registryName=dynamictrees:apple_oak, seed=null, sapling=null}.
[14Apr2025 13:48:47.904] [Worker-Main-1/DEBUG] [com.ferreusveritas.dynamictrees.api.resource.loading.preparation.JsonRegistryResourceLoader/]: Loaded and registered type "Species": Species{registryName=dynamictrees:acacia, seed=null, sapling=null}.
[14Apr2025 13:48:47.911] [main/DEBUG] [com.ferreusveritas.dynamictrees.api.registry.AbstractRegistry/REGISTRY_DUMP]: Name: CellKit
	Entry: dynamictrees:acacia, {registryName=dynamictrees:acacia}
	Entry: dynamictrees:azalea, {registryName=dynamictrees:azalea}
	Entry: dynamictrees:bare, {registryName=dynamictrees:bare}
	Entry: dynamictrees:conifer, {registryName=dynamictrees:conifer}
	Entry: dynamictrees:dark_oak, {registryName=dynamictrees:dark_oak}
	Entry: dynamictrees:deciduous, {registryName=dynamictrees:deciduous}
	Entry: dynamictrees:nether_fungus, {registryName=dynamictrees:nether_fungus}
	Entry: dynamictrees:null, {registryName=dynamictrees:null}
	Entry: dynamictrees:palm, {registryName=dynamictrees:palm}

[14Apr2025 13:48:47.911] [main/DEBUG] [com.ferreusveritas.dynamictrees.api.registry.AbstractRegistry/REGISTRY_DUMP]: Name: LeavesProperties
	Entry: dynamictrees:acacia, LeavesProperties{registryName=dynamictrees:acacia}
	Entry: dynamictrees:azalea, ScruffyLeavesProperties{registryName=dynamictrees:azalea}
	Entry: dynamictrees:bare, LeavesProperties{registryName=dynamictrees:bare}
	Entry: dynamictrees:birch, LeavesProperties{registryName=dynamictrees:birch}
	Entry: dynamictrees:cherry, LeavesProperties{registryName=dynamictrees:cherry}
	Entry: dynamictrees:crimson, WartProperties{registryName=dynamictrees:crimson}
	Entry: dynamictrees:dark_oak, LeavesProperties{registryName=dynamictrees:dark_oak}
	Entry: dynamictrees:flowering_azalea, ScruffyLeavesProperties{registryName=dynamictrees:flowering_azalea}
	Entry: dynamictrees:jungle, LeavesProperties{registryName=dynamictrees:jungle}
	Entry: dynamictrees:jungle_undergrowth, ScruffyLeavesProperties{registryName=dynamictrees:jungle_undergrowth}
	Entry: dynamictrees:mangrove, ScruffyLeavesProperties{registryName=dynamictrees:mangrove}
	Entry: dynamictrees:null, {registryName=dynamictrees:null}
	Entry: dynamictrees:oak, LeavesProperties{registryName=dynamictrees:oak}
	Entry: dynamictrees:oak_undergrowth, ScruffyLeavesProperties{registryName=dynamictrees:oak_undergrowth}
	Entry: dynamictrees:spruce, LeavesProperties{registryName=dynamictrees:spruce}
	Entry: dynamictrees:warped, WartProperties{registryName=dynamictrees:warped}

[14Apr2025 13:48:47.911] [main/DEBUG] [com.ferreusveritas.dynamictrees.api.registry.AbstractRegistry/REGISTRY_DUMP]: Name: GrowthLogicKit
	Entry: dynamictrees:azalea, AzaleaLogic{registryName=dynamictrees:azalea}
	Entry: dynamictrees:conifer, ConiferLogic{registryName=dynamictrees:conifer}
	Entry: dynamictrees:dark_oak, DarkOakLogic{registryName=dynamictrees:dark_oak}
	Entry: dynamictrees:jungle, JungleLogic{registryName=dynamictrees:jungle}
	Entry: dynamictrees:mangrove_roots, MangroveRootsLogic{registryName=dynamictrees:mangrove_roots}
	Entry: dynamictrees:nether_fungus, NetherFungusLogic{registryName=dynamictrees:nether_fungus}
	Entry: dynamictrees:null, {registryName=dynamictrees:null}
	Entry: dynamictrees:palm, PalmGrowthLogic{registryName=dynamictrees:palm}

[14Apr2025 13:48:47.911] [main/DEBUG] [com.ferreusveritas.dynamictrees.api.registry.AbstractRegistry/REGISTRY_DUMP]: Name: Family
	Entry: dynamictrees:acacia, Family{registryName=dynamictrees:acacia}
	Entry: dynamictrees:birch, Family{registryName=dynamictrees:birch}
	Entry: dynamictrees:cherry, Family{registryName=dynamictrees:cherry}
	Entry: dynamictrees:crimson, NetherFungusFamily{registryName=dynamictrees:crimson}
	Entry: dynamictrees:dark_oak, Family{registryName=dynamictrees:dark_oak}
	Entry: dynamictrees:jungle, Family{registryName=dynamictrees:jungle}
	Entry: dynamictrees:mangrove, MangroveFamily{registryName=dynamictrees:mangrove}
	Entry: dynamictrees:null, {registryName=dynamictrees:null}
	Entry: dynamictrees:oak, Family{registryName=dynamictrees:oak}
	Entry: dynamictrees:spruce, Family{registryName=dynamictrees:spruce}
	Entry: dynamictrees:warped, NetherFungusFamily{registryName=dynamictrees:warped}

[14Apr2025 13:48:47.911] [main/DEBUG] [com.ferreusveritas.dynamictrees.api.registry.AbstractRegistry/REGISTRY_DUMP]: Name: GenFeature
	Entry: dynamictrees:alt_leaves, AlternativeLeavesGenFeature{registryName=dynamictrees:alt_leaves}
	Entry: dynamictrees:bee_nest, BeeNestGenFeature{registryName=dynamictrees:bee_nest}
	Entry: dynamictrees:biome_predicate, BiomePredicateGenFeature{registryName=dynamictrees:biome_predicate}
	Entry: dynamictrees:bottom_flare, BottomFlareGenFeature{registryName=dynamictrees:bottom_flare}
	Entry: dynamictrees:bush, BushGenFeature{registryName=dynamictrees:bush}
	Entry: dynamictrees:clear_volume, ClearVolumeGenFeature{registryName=dynamictrees:clear_volume}
	Entry: dynamictrees:conifer_topper, ConiferTopperGenFeature{registryName=dynamictrees:conifer_topper}
	Entry: dynamictrees:fruit, FruitGenFeature{registryName=dynamictrees:fruit}
	Entry: dynamictrees:huge_mushroom, HugeMushroomGenFeature{registryName=dynamictrees:huge_mushroom}
	Entry: dynamictrees:huge_mushrooms, HugeMushroomsGenFeature{registryName=dynamictrees:huge_mushrooms}
	Entry: dynamictrees:mound, MoundGenFeature{registryName=dynamictrees:mound}
	Entry: dynamictrees:mushroom_rot, MushroomRotGenFeature{registryName=dynamictrees:mushroom_rot}
	Entry: dynamictrees:null, {registryName=dynamictrees:null}
	Entry: dynamictrees:pod, PodGenFeature{registryName=dynamictrees:pod}
	Entry: dynamictrees:podzol, PodzolGenFeature{registryName=dynamictrees:podzol}
	Entry: dynamictrees:random_predicate, RandomPredicateGenFeature{registryName=dynamictrees:random_predicate}
	Entry: dynamictrees:root_system, RootSystemGenFeature{registryName=dynamictrees:root_system}
	Entry: dynamictrees:roots, RootsGenFeature{registryName=dynamictrees:roots}
	Entry: dynamictrees:rot_soil, RotSoilGenFeature{registryName=dynamictrees:rot_soil}
	Entry: dynamictrees:shroomlight, ShroomlightGenFeature{registryName=dynamictrees:shroomlight}
	Entry: dynamictrees:undergrowth, UndergrowthGenFeature{registryName=dynamictrees:undergrowth}
	Entry: dynamictrees:vines, VinesGenFeature{registryName=dynamictrees:vines}

[14Apr2025 13:48:47.911] [main/DEBUG] [com.ferreusveritas.dynamictrees.api.registry.AbstractRegistry/REGISTRY_DUMP]: Name: Fruit
	Entry: dynamictrees:apple, Fruit{registryName=dynamictrees:apple}
	Entry: dynamictrees:null, Fruit{registryName=dynamictrees:null}

[14Apr2025 13:48:47.911] [main/DEBUG] [com.ferreusveritas.dynamictrees.api.registry.AbstractRegistry/REGISTRY_DUMP]: Name: Pod
	Entry: dynamictrees:cocoa, Pod{registryName=dynamictrees:cocoa}
	Entry: dynamictrees:null, Pod{registryName=dynamictrees:null}

[14Apr2025 13:48:47.912] [main/DEBUG] [com.ferreusveritas.dynamictrees.api.registry.AbstractRegistry/REGISTRY_DUMP]: Name: Species
	Entry: dynamictrees:acacia, Species{registryName=dynamictrees:acacia}
	Entry: dynamictrees:apple_oak, Species{registryName=dynamictrees:apple_oak}
	Entry: dynamictrees:azalea, Species{registryName=dynamictrees:azalea}
	Entry: dynamictrees:birch, Species{registryName=dynamictrees:birch}
	Entry: dynamictrees:brown_mushroom, FakeMushroomSpecies{registryName=dynamictrees:brown_mushroom}
	Entry: dynamictrees:cherry, Species{registryName=dynamictrees:cherry}
	Entry: dynamictrees:cocoa, Species{registryName=dynamictrees:cocoa}
	Entry: dynamictrees:crimson, NetherFungusSpecies{registryName=dynamictrees:crimson}
	Entry: dynamictrees:dark_oak, Species{registryName=dynamictrees:dark_oak}
	Entry: dynamictrees:jungle, Species{registryName=dynamictrees:jungle}
	Entry: dynamictrees:jungle_undergrowth, Species{registryName=dynamictrees:jungle_undergrowth}
	Entry: dynamictrees:mangrove, MangroveSpecies{registryName=dynamictrees:mangrove}
	Entry: dynamictrees:mega_crimson, NetherFungusSpecies{registryName=dynamictrees:mega_crimson}
	Entry: dynamictrees:mega_jungle, Species{registryName=dynamictrees:mega_jungle}
	Entry: dynamictrees:mega_spruce, Species{registryName=dynamictrees:mega_spruce}
	Entry: dynamictrees:mega_warped, NetherFungusSpecies{registryName=dynamictrees:mega_warped}
	Entry: dynamictrees:null, {registryName=dynamictrees:null}
	Entry: dynamictrees:oak, Species{registryName=dynamictrees:oak}
	Entry: dynamictrees:oak_undergrowth, Species{registryName=dynamictrees:oak_undergrowth}
	Entry: dynamictrees:red_mushroom, FakeMushroomSpecies{registryName=dynamictrees:red_mushroom}
	Entry: dynamictrees:spruce, Species{registryName=dynamictrees:spruce}
	Entry: dynamictrees:swamp_oak, SwampOakSpecies{registryName=dynamictrees:swamp_oak}
	Entry: dynamictrees:tall_birch, Species{registryName=dynamictrees:tall_birch}
	Entry: dynamictrees:warped, NetherFungusSpecies{registryName=dynamictrees:warped}

[14Apr2025 13:48:47.912] [main/DEBUG] [com.ferreusveritas.dynamictrees.api.registry.AbstractRegistry/REGISTRY_DUMP]: Name: SoilProperties
	Entry: dynamictrees:brown_terracotta, dynamictrees:brown_terracotta
	Entry: dynamictrees:coarse_dirt, dynamictrees:coarse_dirt
	Entry: dynamictrees:crimson_nylium, dynamictrees:crimson_nylium
	Entry: dynamictrees:dirt, dynamictrees:dirt
	Entry: dynamictrees:end_stone, dynamictrees:end_stone
	Entry: dynamictrees:farmland, dynamictrees:farmland
	Entry: dynamictrees:grass_block, dynamictrees:grass_block
	Entry: dynamictrees:gravel, dynamictrees:gravel
	Entry: dynamictrees:light_gray_terracotta, dynamictrees:light_gray_terracotta
	Entry: dynamictrees:mangrove_aerial_roots, dynamictrees:mangrove_aerial_roots
	Entry: dynamictrees:moss, dynamictrees:moss
	Entry: dynamictrees:moss_block, dynamictrees:moss_block
	Entry: dynamictrees:mud, dynamictrees:mud
	Entry: dynamictrees:mycelium, dynamictrees:mycelium
	Entry: dynamictrees:netherrack, dynamictrees:netherrack
	Entry: dynamictrees:null, dynamictrees:null
	Entry: dynamictrees:orange_terracotta, dynamictrees:orange_terracotta
	Entry: dynamictrees:podzol, dynamictrees:podzol
	Entry: dynamictrees:powder_snow, dynamictrees:powder_snow
	Entry: dynamictrees:red_sand, dynamictrees:red_sand
	Entry: dynamictrees:red_terracotta, dynamictrees:red_terracotta
	Entry: dynamictrees:rooted_dirt, dynamictrees:rooted_dirt
	Entry: dynamictrees:sand, dynamictrees:sand
	Entry: dynamictrees:snow_block, dynamictrees:snow_block
	Entry: dynamictrees:soul_sand, dynamictrees:soul_sand
	Entry: dynamictrees:soul_soil, dynamictrees:soul_soil
	Entry: dynamictrees:terracotta, dynamictrees:terracotta
	Entry: dynamictrees:warped_nylium, dynamictrees:warped_nylium
	Entry: dynamictrees:water, dynamictrees:water
	Entry: dynamictrees:white_terracotta, dynamictrees:white_terracotta
	Entry: dynamictrees:yellow_terracotta, dynamictrees:yellow_terracotta

[14Apr2025 13:48:48.842] [main/DEBUG] [dev.architectury.core.item.ArchitecturySpawnEggItem/]: Registering spawn egg male_villager_spawn_egg for mca:male_villager
[14Apr2025 13:48:48.843] [main/DEBUG] [dev.architectury.core.item.ArchitecturySpawnEggItem/]: Registering spawn egg female_villager_spawn_egg for mca:female_villager
[14Apr2025 13:48:48.843] [main/DEBUG] [dev.architectury.core.item.ArchitecturySpawnEggItem/]: Registering spawn egg male_zombie_villager_spawn_egg for mca:male_zombie_villager
[14Apr2025 13:48:48.843] [main/DEBUG] [dev.architectury.core.item.ArchitecturySpawnEggItem/]: Registering spawn egg female_zombie_villager_spawn_egg for mca:female_zombie_villager
[14Apr2025 13:48:48.843] [main/DEBUG] [dev.architectury.core.item.ArchitecturySpawnEggItem/]: Registering spawn egg grim_reaper_spawn_egg for mca:grim_reaper
[14Apr2025 13:48:49.266] [main/WARN] [net.minecraft.network.syncher.SynchedEntityData/]: defineId called for: class net.minecraft.world.entity.player.Player from class yesman.epicfight.world.capabilities.entitypatch.player.PlayerPatch
[14Apr2025 13:48:49.358] [main/WARN] [net.minecraft.network.syncher.SynchedEntityData/]: defineId called for: class forge.net.mca.entity.VillagerEntityMCA from class forge.net.mca.util.network.datasync.CDataParameter
[14Apr2025 13:48:49.358] [main/WARN] [net.minecraft.network.syncher.SynchedEntityData/]: defineId called for: class forge.net.mca.entity.VillagerEntityMCA from class forge.net.mca.util.network.datasync.CDataParameter
[14Apr2025 13:48:49.359] [main/WARN] [net.minecraft.network.syncher.SynchedEntityData/]: defineId called for: class forge.net.mca.entity.VillagerEntityMCA from class forge.net.mca.util.network.datasync.CDataParameter
[14Apr2025 13:48:49.359] [main/WARN] [net.minecraft.network.syncher.SynchedEntityData/]: defineId called for: class forge.net.mca.entity.VillagerEntityMCA from class forge.net.mca.util.network.datasync.CDataParameter
[14Apr2025 13:48:49.359] [main/WARN] [net.minecraft.network.syncher.SynchedEntityData/]: defineId called for: class forge.net.mca.entity.VillagerEntityMCA from class forge.net.mca.util.network.datasync.CDataParameter
[14Apr2025 13:48:49.359] [main/WARN] [net.minecraft.network.syncher.SynchedEntityData/]: defineId called for: class forge.net.mca.entity.VillagerEntityMCA from class forge.net.mca.util.network.datasync.CDataParameter
[14Apr2025 13:48:49.359] [main/WARN] [net.minecraft.network.syncher.SynchedEntityData/]: defineId called for: class forge.net.mca.entity.VillagerEntityMCA from class forge.net.mca.util.network.datasync.CDataParameter
[14Apr2025 13:48:49.360] [main/WARN] [net.minecraft.network.syncher.SynchedEntityData/]: defineId called for: class forge.net.mca.entity.VillagerEntityMCA from class forge.net.mca.util.network.datasync.CEnumParameter
[14Apr2025 13:48:49.363] [main/WARN] [net.minecraft.network.syncher.SynchedEntityData/]: defineId called for: class forge.net.mca.entity.VillagerEntityMCA from class forge.net.mca.util.network.datasync.CDataParameter
[14Apr2025 13:48:49.363] [main/WARN] [net.minecraft.network.syncher.SynchedEntityData/]: defineId called for: class forge.net.mca.entity.VillagerEntityMCA from class forge.net.mca.util.network.datasync.CDataParameter
[14Apr2025 13:48:49.363] [main/WARN] [net.minecraft.network.syncher.SynchedEntityData/]: defineId called for: class forge.net.mca.entity.VillagerEntityMCA from class forge.net.mca.util.network.datasync.CDataParameter
[14Apr2025 13:48:49.363] [main/WARN] [net.minecraft.network.syncher.SynchedEntityData/]: defineId called for: class forge.net.mca.entity.VillagerEntityMCA from class forge.net.mca.util.network.datasync.CDataParameter
[14Apr2025 13:48:49.364] [main/WARN] [net.minecraft.network.syncher.SynchedEntityData/]: defineId called for: class forge.net.mca.entity.VillagerEntityMCA from class forge.net.mca.util.network.datasync.CDataParameter
[14Apr2025 13:48:49.364] [main/WARN] [net.minecraft.network.syncher.SynchedEntityData/]: defineId called for: class forge.net.mca.entity.VillagerEntityMCA from class forge.net.mca.util.network.datasync.CDataParameter
[14Apr2025 13:48:49.364] [main/WARN] [net.minecraft.network.syncher.SynchedEntityData/]: defineId called for: class forge.net.mca.entity.VillagerEntityMCA from class forge.net.mca.util.network.datasync.CDataParameter
[14Apr2025 13:48:49.364] [main/WARN] [net.minecraft.network.syncher.SynchedEntityData/]: defineId called for: class forge.net.mca.entity.VillagerEntityMCA from class forge.net.mca.util.network.datasync.CDataParameter
[14Apr2025 13:48:49.364] [main/WARN] [net.minecraft.network.syncher.SynchedEntityData/]: defineId called for: class forge.net.mca.entity.VillagerEntityMCA from class forge.net.mca.util.network.datasync.CDataParameter
[14Apr2025 13:48:49.364] [main/WARN] [net.minecraft.network.syncher.SynchedEntityData/]: defineId called for: class forge.net.mca.entity.VillagerEntityMCA from class forge.net.mca.util.network.datasync.CDataParameter
[14Apr2025 13:48:49.365] [main/WARN] [net.minecraft.network.syncher.SynchedEntityData/]: defineId called for: class forge.net.mca.entity.VillagerEntityMCA from class forge.net.mca.util.network.datasync.CDataParameter
[14Apr2025 13:48:49.365] [main/WARN] [net.minecraft.network.syncher.SynchedEntityData/]: defineId called for: class forge.net.mca.entity.VillagerEntityMCA from class forge.net.mca.util.network.datasync.CEnumParameter
[14Apr2025 13:48:49.366] [main/WARN] [net.minecraft.network.syncher.SynchedEntityData/]: defineId called for: class forge.net.mca.entity.VillagerEntityMCA from class forge.net.mca.util.network.datasync.CDataParameter
[14Apr2025 13:48:49.372] [main/WARN] [net.minecraft.network.syncher.SynchedEntityData/]: defineId called for: class forge.net.mca.entity.VillagerEntityMCA from class forge.net.mca.util.network.datasync.CDataParameter
[14Apr2025 13:48:49.372] [main/WARN] [net.minecraft.network.syncher.SynchedEntityData/]: defineId called for: class forge.net.mca.entity.VillagerEntityMCA from class forge.net.mca.util.network.datasync.CEnumParameter
[14Apr2025 13:48:49.372] [main/WARN] [net.minecraft.network.syncher.SynchedEntityData/]: defineId called for: class forge.net.mca.entity.VillagerEntityMCA from class forge.net.mca.util.network.datasync.CDataParameter
[14Apr2025 13:48:49.373] [main/WARN] [net.minecraft.network.syncher.SynchedEntityData/]: defineId called for: class forge.net.mca.entity.VillagerEntityMCA from class forge.net.mca.util.network.datasync.CEnumParameter
[14Apr2025 13:48:49.374] [main/WARN] [net.minecraft.network.syncher.SynchedEntityData/]: defineId called for: class forge.net.mca.entity.VillagerEntityMCA from class forge.net.mca.util.network.datasync.CEnumParameter
[14Apr2025 13:48:49.374] [main/WARN] [net.minecraft.network.syncher.SynchedEntityData/]: defineId called for: class forge.net.mca.entity.VillagerEntityMCA from class forge.net.mca.util.network.datasync.CDataParameter
[14Apr2025 13:48:49.374] [main/WARN] [net.minecraft.network.syncher.SynchedEntityData/]: defineId called for: class forge.net.mca.entity.VillagerEntityMCA from class forge.net.mca.util.network.datasync.CDataParameter
[14Apr2025 13:48:49.375] [main/WARN] [net.minecraft.network.syncher.SynchedEntityData/]: defineId called for: class forge.net.mca.entity.VillagerEntityMCA from class forge.net.mca.util.network.datasync.CDataParameter
[14Apr2025 13:48:49.375] [main/WARN] [net.minecraft.network.syncher.SynchedEntityData/]: defineId called for: class forge.net.mca.entity.VillagerEntityMCA from class forge.net.mca.util.network.datasync.CDataParameter
[14Apr2025 13:48:49.375] [main/WARN] [net.minecraft.network.syncher.SynchedEntityData/]: defineId called for: class forge.net.mca.entity.VillagerEntityMCA from class forge.net.mca.util.network.datasync.CDataParameter
[14Apr2025 13:48:49.377] [main/WARN] [net.minecraft.network.syncher.SynchedEntityData/]: defineId called for: class forge.net.mca.entity.VillagerEntityMCA from class forge.net.mca.util.network.datasync.CDataParameter
[14Apr2025 13:48:49.383] [main/WARN] [net.minecraft.network.syncher.SynchedEntityData/]: defineId called for: class forge.net.mca.entity.VillagerEntityMCA from class forge.net.mca.util.network.datasync.CDataParameter
[14Apr2025 13:48:49.384] [main/WARN] [net.minecraft.network.syncher.SynchedEntityData/]: defineId called for: class forge.net.mca.entity.VillagerEntityMCA from class forge.net.mca.util.network.datasync.CDataParameter
[14Apr2025 13:48:49.385] [main/WARN] [net.minecraft.network.syncher.SynchedEntityData/]: defineId called for: class forge.net.mca.entity.VillagerEntityMCA from class forge.net.mca.util.network.datasync.CDataParameter
[14Apr2025 13:48:49.385] [main/WARN] [net.minecraft.network.syncher.SynchedEntityData/]: defineId called for: class forge.net.mca.entity.VillagerEntityMCA from class forge.net.mca.util.network.datasync.CDataParameter
[14Apr2025 13:48:49.385] [main/WARN] [net.minecraft.network.syncher.SynchedEntityData/]: defineId called for: class forge.net.mca.entity.VillagerEntityMCA from class forge.net.mca.util.network.datasync.CDataParameter
[14Apr2025 13:48:49.386] [main/WARN] [net.minecraft.network.syncher.SynchedEntityData/]: defineId called for: class forge.net.mca.entity.GrimReaperEntity from class forge.net.mca.util.network.datasync.CEnumParameter
[14Apr2025 13:48:49.404] [main/WARN] [net.minecraft.network.syncher.SynchedEntityData/]: defineId called for: class net.minecraft.world.entity.boss.wither.WitherBoss from class yesman.epicfight.world.capabilities.entitypatch.boss.WitherPatch
[14Apr2025 13:48:49.404] [main/WARN] [net.minecraft.network.syncher.SynchedEntityData/]: defineId called for: class net.minecraft.world.entity.boss.wither.WitherBoss from class yesman.epicfight.world.capabilities.entitypatch.boss.WitherPatch
[14Apr2025 13:48:49.404] [main/WARN] [net.minecraft.network.syncher.SynchedEntityData/]: defineId called for: class net.minecraft.world.entity.boss.wither.WitherBoss from class yesman.epicfight.world.capabilities.entitypatch.boss.WitherPatch
[14Apr2025 13:48:49.404] [main/WARN] [net.minecraft.network.syncher.SynchedEntityData/]: defineId called for: class net.minecraft.world.entity.boss.wither.WitherBoss from class yesman.epicfight.world.capabilities.entitypatch.boss.WitherPatch
[14Apr2025 13:48:49.404] [main/WARN] [net.minecraft.network.syncher.SynchedEntityData/]: defineId called for: class net.minecraft.world.entity.boss.wither.WitherBoss from class yesman.epicfight.world.capabilities.entitypatch.boss.WitherPatch
[14Apr2025 13:48:49.405] [main/WARN] [net.minecraft.network.syncher.SynchedEntityData/]: defineId called for: class net.minecraft.world.entity.boss.wither.WitherBoss from class yesman.epicfight.world.capabilities.entitypatch.boss.WitherPatch
[14Apr2025 13:48:49.405] [main/WARN] [net.minecraft.network.syncher.SynchedEntityData/]: defineId called for: class net.minecraft.world.entity.boss.wither.WitherBoss from class yesman.epicfight.world.capabilities.entitypatch.boss.WitherPatch
[14Apr2025 13:48:49.405] [main/WARN] [net.minecraft.network.syncher.SynchedEntityData/]: defineId called for: class net.minecraft.world.entity.boss.wither.WitherBoss from class yesman.epicfight.world.capabilities.entitypatch.boss.WitherPatch
[14Apr2025 13:48:49.405] [main/WARN] [net.minecraft.network.syncher.SynchedEntityData/]: defineId called for: class net.minecraft.world.entity.boss.wither.WitherBoss from class yesman.epicfight.world.capabilities.entitypatch.boss.WitherPatch
[14Apr2025 13:48:49.423] [main/DEBUG] [net.minecraftforge.fml.config.ConfigTracker/CONFIG]: Loading configs type COMMON
[14Apr2025 13:48:49.424] [main/DEBUG] [net.minecraftforge.fml.config.ConfigFileTypeHandler/CONFIG]: Built TOML config for /workspaces/mine2/servidor_minecraft/config/kleeslabs-common.toml
[14Apr2025 13:48:49.425] [main/DEBUG] [net.minecraftforge.fml.config.ConfigFileTypeHandler/CONFIG]: Loaded TOML config file /workspaces/mine2/servidor_minecraft/config/kleeslabs-common.toml
[14Apr2025 13:48:49.431] [main/DEBUG] [net.minecraftforge.fml.config.ConfigFileTypeHandler/CONFIG]: Watching TOML config file /workspaces/mine2/servidor_minecraft/config/kleeslabs-common.toml for changes
[14Apr2025 13:48:49.432] [main/DEBUG] [net.minecraftforge.fml.config.ConfigFileTypeHandler/CONFIG]: Built TOML config for /workspaces/mine2/servidor_minecraft/config/waystones-common.toml
[14Apr2025 13:48:49.433] [main/DEBUG] [net.minecraftforge.fml.config.ConfigFileTypeHandler/CONFIG]: Loaded TOML config file /workspaces/mine2/servidor_minecraft/config/waystones-common.toml
[14Apr2025 13:48:49.433] [main/DEBUG] [net.minecraftforge.fml.config.ConfigFileTypeHandler/CONFIG]: Watching TOML config file /workspaces/mine2/servidor_minecraft/config/waystones-common.toml for changes
[14Apr2025 13:48:49.435] [Thread-1/DEBUG] [net.minecraftforge.fml.config.ConfigFileTypeHandler/CONFIG]: Config file waystones-common.toml changed, sending notifies
[14Apr2025 13:48:49.438] [Thread-1/DEBUG] [net.minecraftforge.fml.config.ConfigFileTypeHandler/CONFIG]: Config file waystones-common.toml changed, sending notifies
[14Apr2025 13:48:49.438] [main/DEBUG] [net.minecraftforge.fml.config.ConfigFileTypeHandler/CONFIG]: Built TOML config for /workspaces/mine2/servidor_minecraft/config/citadel-common.toml
[14Apr2025 13:48:49.439] [main/DEBUG] [net.minecraftforge.fml.config.ConfigFileTypeHandler/CONFIG]: Loaded TOML config file /workspaces/mine2/servidor_minecraft/config/citadel-common.toml
[14Apr2025 13:48:49.439] [main/DEBUG] [net.minecraftforge.fml.config.ConfigFileTypeHandler/CONFIG]: Watching TOML config file /workspaces/mine2/servidor_minecraft/config/citadel-common.toml for changes
[14Apr2025 13:48:49.439] [Thread-1/DEBUG] [net.minecraftforge.fml.config.ConfigFileTypeHandler/CONFIG]: Config file citadel-common.toml changed, sending notifies
[14Apr2025 13:48:49.440] [Thread-1/DEBUG] [net.minecraftforge.fml.config.ConfigFileTypeHandler/CONFIG]: Config file citadel-common.toml changed, sending notifies
[14Apr2025 13:48:49.440] [main/DEBUG] [net.minecraftforge.fml.config.ConfigFileTypeHandler/CONFIG]: Built TOML config for /workspaces/mine2/servidor_minecraft/config/travelersbackpack-common.toml
[14Apr2025 13:48:49.440] [main/DEBUG] [net.minecraftforge.fml.config.ConfigFileTypeHandler/CONFIG]: Loaded TOML config file /workspaces/mine2/servidor_minecraft/config/travelersbackpack-common.toml
[14Apr2025 13:48:49.441] [main/DEBUG] [net.minecraftforge.fml.config.ConfigFileTypeHandler/CONFIG]: Watching TOML config file /workspaces/mine2/servidor_minecraft/config/travelersbackpack-common.toml for changes
[14Apr2025 13:48:49.441] [Thread-1/DEBUG] [net.minecraftforge.fml.config.ConfigFileTypeHandler/CONFIG]: Config file travelersbackpack-common.toml changed, sending notifies
[14Apr2025 13:48:49.441] [main/DEBUG] [net.minecraftforge.fml.config.ConfigFileTypeHandler/CONFIG]: Built TOML config for /workspaces/mine2/servidor_minecraft/config/iceandfire-common.toml
[14Apr2025 13:48:49.443] [Thread-1/DEBUG] [net.minecraftforge.fml.config.ConfigFileTypeHandler/CONFIG]: Config file travelersbackpack-common.toml changed, sending notifies
[14Apr2025 13:48:49.443] [main/DEBUG] [net.minecraftforge.fml.config.ConfigFileTypeHandler/CONFIG]: Loaded TOML config file /workspaces/mine2/servidor_minecraft/config/iceandfire-common.toml
[14Apr2025 13:48:49.444] [main/DEBUG] [net.minecraftforge.fml.config.ConfigFileTypeHandler/CONFIG]: Watching TOML config file /workspaces/mine2/servidor_minecraft/config/iceandfire-common.toml for changes
[14Apr2025 13:48:49.488] [Thread-1/DEBUG] [net.minecraftforge.fml.config.ConfigFileTypeHandler/CONFIG]: Config file iceandfire-common.toml changed, sending notifies
[14Apr2025 13:48:49.492] [Thread-1/DEBUG] [net.minecraftforge.fml.config.ConfigFileTypeHandler/CONFIG]: Config file iceandfire-common.toml changed, sending notifies
[14Apr2025 13:48:49.493] [main/DEBUG] [net.minecraftforge.fml.config.ConfigFileTypeHandler/CONFIG]: Built TOML config for /workspaces/mine2/servidor_minecraft/config/balm-common.toml
[14Apr2025 13:48:49.493] [main/DEBUG] [net.minecraftforge.fml.config.ConfigFileTypeHandler/CONFIG]: Loaded TOML config file /workspaces/mine2/servidor_minecraft/config/balm-common.toml
[14Apr2025 13:48:49.493] [main/DEBUG] [net.minecraftforge.fml.config.ConfigFileTypeHandler/CONFIG]: Watching TOML config file /workspaces/mine2/servidor_minecraft/config/balm-common.toml for changes
[14Apr2025 13:48:49.494] [Thread-1/DEBUG] [net.minecraftforge.fml.config.ConfigFileTypeHandler/CONFIG]: Config file balm-common.toml changed, sending notifies
[14Apr2025 13:48:49.495] [Thread-1/DEBUG] [net.minecraftforge.fml.config.ConfigFileTypeHandler/CONFIG]: Config file balm-common.toml changed, sending notifies
[14Apr2025 13:48:49.495] [main/DEBUG] [net.minecraftforge.fml.config.ConfigFileTypeHandler/CONFIG]: Built TOML config for /workspaces/mine2/servidor_minecraft/config/alexsmobs.toml
[14Apr2025 13:48:49.499] [main/DEBUG] [net.minecraftforge.fml.config.ConfigFileTypeHandler/CONFIG]: Loaded TOML config file /workspaces/mine2/servidor_minecraft/config/alexsmobs.toml
[14Apr2025 13:48:49.500] [main/DEBUG] [net.minecraftforge.fml.config.ConfigFileTypeHandler/CONFIG]: Watching TOML config file /workspaces/mine2/servidor_minecraft/config/alexsmobs.toml for changes
[14Apr2025 13:48:49.553] [main/DEBUG] [net.minecraftforge.fml.config.ConfigFileTypeHandler/CONFIG]: Built TOML config for /workspaces/mine2/servidor_minecraft/config/carryon-common.toml
[14Apr2025 13:48:49.553] [Thread-1/DEBUG] [net.minecraftforge.fml.config.ConfigFileTypeHandler/CONFIG]: Config file alexsmobs.toml changed, sending notifies
[14Apr2025 13:48:49.556] [main/DEBUG] [net.minecraftforge.fml.config.ConfigFileTypeHandler/CONFIG]: Loaded TOML config file /workspaces/mine2/servidor_minecraft/config/carryon-common.toml
[14Apr2025 13:48:49.556] [main/DEBUG] [net.minecraftforge.fml.config.ConfigFileTypeHandler/CONFIG]: Watching TOML config file /workspaces/mine2/servidor_minecraft/config/carryon-common.toml for changes
[14Apr2025 13:48:49.630] [Thread-1/DEBUG] [net.minecraftforge.fml.config.ConfigFileTypeHandler/CONFIG]: Config file carryon-common.toml changed, sending notifies
[14Apr2025 13:48:49.630] [main/DEBUG] [net.minecraftforge.fml.config.ConfigFileTypeHandler/CONFIG]: Built TOML config for /workspaces/mine2/servidor_minecraft/config/jeresources-common.toml
[14Apr2025 13:48:49.631] [main/DEBUG] [net.minecraftforge.fml.config.ConfigFileTypeHandler/CONFIG]: Loaded TOML config file /workspaces/mine2/servidor_minecraft/config/jeresources-common.toml
[14Apr2025 13:48:49.631] [main/DEBUG] [net.minecraftforge.fml.config.ConfigFileTypeHandler/CONFIG]: Watching TOML config file /workspaces/mine2/servidor_minecraft/config/jeresources-common.toml for changes
[14Apr2025 13:48:49.632] [main/DEBUG] [net.minecraftforge.fml.config.ConfigFileTypeHandler/CONFIG]: Built TOML config for /workspaces/mine2/servidor_minecraft/config/farmersdelight-common.toml
[14Apr2025 13:48:49.633] [main/DEBUG] [net.minecraftforge.fml.config.ConfigFileTypeHandler/CONFIG]: Loaded TOML config file /workspaces/mine2/servidor_minecraft/config/farmersdelight-common.toml
[14Apr2025 13:48:49.633] [main/DEBUG] [net.minecraftforge.fml.config.ConfigFileTypeHandler/CONFIG]: Watching TOML config file /workspaces/mine2/servidor_minecraft/config/farmersdelight-common.toml for changes
[14Apr2025 13:48:49.634] [main/DEBUG] [net.minecraftforge.fml.config.ConfigFileTypeHandler/CONFIG]: Built TOML config for /workspaces/mine2/servidor_minecraft/config/dragonseeker-common.toml
[14Apr2025 13:48:49.636] [main/DEBUG] [net.minecraftforge.fml.config.ConfigFileTypeHandler/CONFIG]: Loaded TOML config file /workspaces/mine2/servidor_minecraft/config/dragonseeker-common.toml
[14Apr2025 13:48:49.637] [main/DEBUG] [net.minecraftforge.fml.config.ConfigFileTypeHandler/CONFIG]: Watching TOML config file /workspaces/mine2/servidor_minecraft/config/dragonseeker-common.toml for changes
[14Apr2025 13:48:49.639] [main/DEBUG] [net.minecraftforge.fml.config.ConfigFileTypeHandler/CONFIG]: Built TOML config for /workspaces/mine2/servidor_minecraft/config/dynamictrees-common.toml
[14Apr2025 13:48:49.640] [main/DEBUG] [net.minecraftforge.fml.config.ConfigFileTypeHandler/CONFIG]: Loaded TOML config file /workspaces/mine2/servidor_minecraft/config/dynamictrees-common.toml
[14Apr2025 13:48:49.640] [main/DEBUG] [net.minecraftforge.fml.config.ConfigFileTypeHandler/CONFIG]: Watching TOML config file /workspaces/mine2/servidor_minecraft/config/dynamictrees-common.toml for changes
[14Apr2025 13:48:49.687] [Thread-1/DEBUG] [net.minecraftforge.fml.config.ConfigFileTypeHandler/CONFIG]: Config file carryon-common.toml changed, sending notifies
[14Apr2025 13:48:49.761] [Thread-1/DEBUG] [net.minecraftforge.fml.config.ConfigFileTypeHandler/CONFIG]: Config file jeresources-common.toml changed, sending notifies
[14Apr2025 13:48:49.773] [Forge Version Check/INFO] [net.minecraftforge.fml.VersionChecker/]: [travelersbackpack] Starting version check at https://gist.githubusercontent.com/Tiviacz1337/906937677aa472285dff9d6c2a189d5e/raw
[14Apr2025 13:48:49.773] [Thread-1/DEBUG] [net.minecraftforge.fml.config.ConfigFileTypeHandler/CONFIG]: Config file farmersdelight-common.toml changed, sending notifies
[14Apr2025 13:48:49.775] [Thread-1/DEBUG] [net.minecraftforge.fml.config.ConfigFileTypeHandler/CONFIG]: Config file dragonseeker-common.toml changed, sending notifies
[14Apr2025 13:48:49.845] [Forge Version Check/DEBUG] [net.minecraftforge.fml.VersionChecker/]: [travelersbackpack] Received version check data:
{ 
        "homepage": "https://www.curseforge.com/minecraft/mc-mods/travelers-backpack", 
        "promos": {
		"1.20.4-recommended": "9.4.2",
		"1.20.4-latest": "9.4.2",
		"1.20.2-recommended": "9.2.4",
		"1.20.2-latest": "9.2.4",
		"1.20.1-recommended": "9.1.16",
		"1.20.1-latest": "9.1.16",
		"1.20-recommended": "9.0.2",
		"1.20-latest": "9.0.2",
		"1.19.4-recommended": "8.4.20",
		"1.19.4-latest": "8.4.20",
		"1.19.3-recommended": "8.3.9",
		"1.19.3-latest": "8.3.9",
		"1.19.2-recommended": "8.2.40",
		"1.19.2-latest": "8.2.40",
		"1.19.1-recommended": "8.1.1",
		"1.19.1-latest": "8.1.1",
		"1.19-recommended": "8.0.8",
		"1.19-latest": "8.0.8",
		"1.18.2-recommended": "7.1.48",
		"1.18.2-latest": "7.1.48",
		"1.18.1-recommended": "7.0.4",
		"1.18.1-latest": "7.0.5",
		"1.17.1-recommended": "6.0.52",
		"1.17.1-latest": "6.0.52",
		"1.16.5-recommended": "5.4.51",
		"1.16.5-latest": "5.4.51",
		"1.16.4-recommended": "5.3.8",
		"1.16.4-latest": "5.3.8",
		"1.16.3-recommended": "5.2.1",
		"1.16.3-latest": "5.2.1",
		"1.16.2-recommended": "5.1.1",
		"1.16.2-latest": "5.1.1",
		"1.16.1-recommended": "5.0.1",
		"1.16.1-latest": "5.0.1",
		"1.15.2-recommended": "4.0.8",
		"1.15.2-latest": "4.0.8",
		"1.14.4-recommended": "3.0.8",
		"1.14.4-latest": "3.0.8",
                "1.12.2-recommended": "1.0.34",
		"1.12.2-latest": "1.0.34"
        }, 
        "1.12.2": {
			"0.0.3a": "Added sleeping bag",
			"0.0.4a": "Added ability to wear backpack on player's back!",
			"0.0.5a": "Implemented swapping between tools!",
			"0.0.6a": "Added missing recipe for sleeping bag",
			"0.0.7a": "Fixes for server",
			"0.0.8a": "Added backpack renderer on player's back!",
			"0.0.9a": "Added tools render on backpack",
			"0.1.0a": "Fixed tile entity data loading",
			"0.1.1a": "Added hose, bug fixes",
			"0.1.2a": "Fixed server crash",
			"0.1.3a": "Added more backpack types!",
			"0.1.4a": "Added fluid render to block and wearable model",
			"0.1.5a": "Fixed some bugs and added more custom backpacks",
			"0.1.6a": "Added potions as fluids!",
			"0.1.7a": "Fixed rendering-thing on server",
			"0.1.8a": "Fixed some minor issues",
			"1.0.19.19": "First beta release",
			"1.0.20.20": "Mainly bug fixes",
			"1.0.21.21": "Bug fixes",
			"1.0.22.22": "Added backpack abilities",
			"1.0.23.23": "Bug fixes",
			"1.0.24.24": "Bug fixes",
			"1.0.25.25": "Bug fixes",
			"1.0.26.26": "Fixed NPE",
			"1.0.27": "Capability code clean-up, bug fix",
			"1.0.28": "Mod ID change, see note in 1.0.28 on the site",
			"1.0.29": "Mod ID change, see note in 1.0.29 on the site",
			"1.0.30": "Bug fixes, standard backpack texture improvements",
			"1.0.31": "Fixed bug that causes buckets to dissapear",
			"1.0.32": "Added in-game warning about modid change and method to keep backpacks after updating to newer version",
			"1.0.33": "Fixed backpack dissapear in explosions",
			"1.0.34": "Mainly bug fixes",
			"1.0.35": "Misc bug fixes"
        },
	"1.14.4":  { 
			"3.0.7": "Initial port",
			"3.0.8": "Compatibility for modded tools"
	},
	"1.15.2":  {
      			"4.0.0": "Initial port",
			"4.0.1": "FPS bug fix",
			"4.0.2": "Fixed unwanted backpack placement after death",
			"4.0.3": "Fixed NPE while using sleeping bag",
			"4.0.4": "Fixed crash, updated few textures",
			"4.0.5": "Bug fixes",
			"4.0.6": "Fixed backpack dissapear in explosions",
			"4.0.7": "Keybind for tool cycle",
			"4.0.8": "Compatibility for modded tools"
	},
	"1.16.1":  { 
			"5.0.0": "Initial port",
			"5.0.1": "Fixed backpack not saving contents, compatibility for modded tools"
	},
	"1.16.2":  { 
			"5.1.0": "Initial port",
			"5.1.1": "Fixed server crashes, backpack not saving contents, compatibility for modded tools"
	},
	"1.16.3":  { 
			"5.2.1": "Initial port"
	},
	"1.16.4":  { 
			"5.3.1": "Initial port",
			"5.3.2": "Bug fixes, game-breaking change",
			"5.3.3": "A lot of bug fixes",
			"5.3.4": "Dupe bug fix",
			"5.3.5": "Curios integration",
			"5.3.6": "Crafting grid dupe bug fix",
			"5.3.7": "Crash fix, curiosIntegration option migration",
			"5.3.8": "Fixed item saving bug"
	},
	"1.16.5":  { 
			"5.3.8": "Fixed item saving bug",
			"5.4.0": "Few new custom backpacks",
			"5.4.1": "Fixed villager trades",
			"5.4.2": "Fixed crash with turkish language and small tweaks",
			"5.4.3": "Fixed dupe bug",
			"5.4.4": "JEI dupe bug fix and more",
			"5.4.5": "Dyeable backpacks update! :>",
			"5.4.6": "More backpacks and bug fixes",
			"5.4.7": "Exploit and bug fixes",
			"5.4.8": "Fixed spawn point setting",
			"5.4.9": "20 new backpacks",
			"5.4.10": "Added backpack abilties",
			"5.4.11": "Code cleanup",
			"5.4.12": "Fixed crash",
			"5.4.13": "Added sorting buttons",
			"5.4.14": "Fixed LAN crash",
			"5.4.15": "Fixed few bugs",
			"5.4.16": "Fixed crash",
			"5.4.17": "Fixed bugs",
			"5.4.18": "Fixed crash",
			"5.4.19": "Fixed curio dupe bug",
			"5.4.20": "Added 9 new abilities",
			"5.4.21": "Added too many backpacks slowness effect",
			"5.4.22": "Fixed abilities",
			"5.4.23": "Added colorable sleeping bags",
			"5.4.24": "Bug fixes",
			"5.4.25": "Added slot memory",
			"5.4.26": "Added dedicated settings menu",
			"5.4.28": "Added milk and milk effect",
			"5.4.29": "Mobs can spawn with backpack equipped",
			"5.4.31": "Added /restore command",
			"5.4.32": "Added void protection config option",
			"5.4.33": "Fixed bad coded coordinates",
			"5.4.35": "Tweaked config and commands",
			"5.4.36": "Added backpack tiers",
			"5.4.37": "Changed tier upgrades recipes",
			"5.4.38": "Added enableTierUpgrades config option",
			"5.4.39": "Added Crafting widget",
			"5.4.40": "Fixed dupe bug",
			"5.4.41": "Backpack can be placed in fluids after death",
			"5.4.42": "Added compat with gravestone mods",
			"5.4.43": "Tweaked some recipes",
			"5.4.44": "Misc",
			"5.4.45": "Misc",
			"5.4.46": "Misc",
			"5.4.47": "Added tool slots widget",
			"5.4.48": "Fixed few bugs",
			"5.4.49": "Shift + Right Click with Empty Hand allows to place backpack on the ground",
			"5.4.50": "Sleeping bag can be used without backpack",
			"5.4.51": "Added loot to chests and fixed bugs"
	},
	"1.17.1":  { 
			"6.0.0": "Initial Release",
			"6.0.1": "Fixed datapack issue",
			"6.0.2": "Fixed crash with newest Forge",
			"6.0.3": "Fixed backpack disappearing on death",
			"6.0.4": "JEI integration and more",
			"6.0.5": "Dyeable backpacks update! :>",
			"6.0.6": "More backpacks and bug fixes",
			"6.0.7": "Fixed significant FPS drop",
			"6.0.8": "Fixed dupe bug",
			"6.0.9": "Fixed spawn point setting",
			"6.0.10": "20 new backpacks",
			"6.0.11": "Added backpack abilties",
			"6.0.12": "Code cleanup",
			"6.0.13": "Fixed crash",
			"6.0.14": "Added sorting buttons",
			"6.0.15": "Fixed LAN crash",
			"6.0.16": "Fixed few bugs",
			"6.0.17": "Fixed crash",
			"6.0.18": "Fixed bugs",
			"6.0.19": "Fixed crash",
			"6.0.20": "Fixed curio dupe bug",
			"6.0.21": "Added 9 new abilities",
			"6.0.22": "Added too many backpacks slowness effect",
			"6.0.23": "Fixed abilities",
			"6.0.24": "Added colorable sleeping bags",
			"6.0.25": "Bug fixes",
			"6.0.26": "Added slot memory",
			"6.0.27": "Added dedicated settings menu",
			"6.0.29": "Added milk and milk effect",
			"6.0.30": "Mobs can spawn with backpack equipped",
			"6.0.32": "Added /restore command",
			"6.0.33": "Added void protection config option",
			"6.0.34": "Fixed bad coded coordinates",
			"6.0.36": "Tweaked config and commands",
			"6.0.37": "Added backpack Tiers",
			"6.0.38": "Changed tier upgrades recipes",
			"6.0.39": "Added enableTierUpgrades config option",
			"6.0.40": "Added Crafting widget",
			"6.0.41": "Fixed dupe bug",
			"6.0.42": "Backpack can be placed in fluids after death",
			"6.0.43": "Added compat with gravestone mods",
			"6.0.44": "Added inventory tooltip in preview",
			"6.0.45": "Misc",
			"6.0.46": "Misc",
			"6.0.47": "Misc",
			"6.0.48": "Added tool slots widget",
			"6.0.49": "Fixed few bugs",
			"6.0.50": "Shift + Right Click with Empty Hand allows to place backpack on the ground",
			"6.0.51": "Sleeping bag can be used without backpack",
			"6.0.52": "Added loot to chests and fixed bugs"
	},
	"1.18.1":  { 
			"7.0.0": "Initial Release",
			"7.0.1": "Backpack lose items bug fix",
			"7.0.2": "New backpacks",
			"7.0.3": "Fixed dupe bug",
			"7.0.4": "Fixed spawn point setting"
	},
	"1.18.2":  { 
			"7.1.0": "Initial Release",
			"7.1.1": "Fixed spawn point setting",
			"7.1.2": "20 new backpacks",
			"7.1.3": "Added backpack abilties",
			"7.1.4": "Code cleanup",
			"7.1.5": "Fixed bug with duplicating buckets",
			"7.1.6": "Fixed crash",
			"7.1.7": "Added sorting buttons",
			"7.1.8": "Fixed LAN crash",
			"7.1.9": "Fixed few bugs",
			"7.1.10": "Fixed crash",
			"7.1.11": "Fixed bugs",
			"7.1.12": "Fixed crash",
			"7.1.13": "Fixed curio dupe bug",
			"7.1.14": "Added 9 new abilities",
			"7.1.15": "Added too many backpacks slowness effect",
			"7.1.16": "Fixed abilities",
			"7.1.17": "Added colorable sleeping bags",
			"7.1.18": "Bug fixes",
			"7.1.20": "Added slot memory",
			"7.1.21": "Added dedicated settings menu",
			"7.1.23": "Added milk and milk effect",
			"7.1.24": "Mobs can spawn with backpack equipped",
			"7.1.26": "Added /restore command",
			"7.1.27": "Added void protection config option",
			"7.1.28": "Fixed bad coded coordinates",
			"7.1.30": "Tweaked config and commands",
			"7.1.31": "Added backpack Tiers",
			"7.1.32": "Changed tier upgrades recipes",
			"7.1.33": "Added enableTierUpgrades config option",
			"7.1.34": "Added Crafting widget",
			"7.1.35": "Fixed dupe bug",
			"7.1.36": "Backpack can be placed in fluids after death",
			"7.1.37": "Added compat with gravestone mods",
			"7.1.38": "Added inventory preview in tooltip",
			"7.1.39": "Misc",
			"7.1.40": "Misc",
			"7.1.41": "Misc",
			"7.1.42": "Added tool slots widget",
			"7.1.43": "Fixed few bugs",
			"7.1.44": "Shift + Right Click with Empty Hand allows to place backpack on the ground",
			"7.1.45": "Sleeping bag can be used without backpack",
			"7.1.46": "Added loot to chests and fixed bugs",
			"7.1.47": "Configuration for backpack slots",
			"7.1.48": "Added recipes to recipe book"
			
	},
	"1.19":  { 
			"8.0.0": "Initial Release",
			"8.0.1": "Fixed crashes",
			"8.0.2": "20 new backpacks",
			"8.0.3": "Added backpack abilties",
			"8.0.4": "Updated Forge",
			"8.0.5": "Fixed few bugs",
			"8.0.6": "Code cleanup",
			"8.0.7": "Fixed crash",
			"8.0.8": "Added sorting buttons"
	},
	"1.19.1":  { 
			"8.1.0": "Initial Release",
			"8.1.1": "Fixed LAN crash"
	},
	"1.19.2":  { 
			"8.2.0": "Initial Release",
			"8.2.1": "Fixed few bugs",
			"8.2.2": "Fixed crash",
			"8.2.3": "Fixed bugs",
			"8.2.4": "Fixed crash",
			"8.2.5": "Fixed curio dupe bug",
			"8.2.6": "Added 9 new abilities",
			"8.2.7": "Added too many backpacks slowness effect",
			"8.2.8": "Fixed abilities",
			"8.2.9": "Added colorable sleeping bags",
			"8.2.10": "Bug fixes",
			"8.2.11": "Added slot memory",
			"8.2.12": "Added dedicated settings menu",
			"8.2.14": "Added milk and milk effect",
			"8.2.15": "Mobs can spawn with backpack equipped",
			"8.2.17": "Added /restore command",
			"8.2.18": "Added void protection config option",
			"8.2.19": "Fixed bad coded coordinates",
			"8.2.21": "Tweaked config and commands",
			"8.2.22": "Added backpack tiers",
			"8.2.23": "Changed tier upgrades recipes",
			"8.2.24": "Missing texture hotfix",
			"8.2.25": "Added enableTierUpgrades config option",
			"8.2.26": "Added Crafting widget",
			"8.2.27": "Fixed dupe bug",
			"8.2.28": "Backpack can be placed in fluids after death",
			"8.2.29": "Added compat with gravestone mods",
			"8.2.30": "Added inventory preview in tooltip",
			"8.2.31": "Misc",
			"8.2.32": "Misc",
			"8.2.33": "Misc",
			"8.2.34": "Added tool slots widget",
			"8.2.35": "Fixed few bugs",
			"8.2.36": "Shift + Right Click with Empty Hand allows to place backpack on the ground",
			"8.2.37": "Sleeping bag can be used without backpack",
			"8.2.38": "Added loot to chests and fixed bugs",
			"8.2.39": "Configuration for backpack slots",
			"8.2.40": "Added recipes to recipe book"
	},
	"1.19.3":  { 
			"8.3.0": "Initial Release",
			"8.3.2": "Added milk and milk effect",
			"8.3.3": "Mobs can spawn with backpack equipped",
			"8.3.5": "Added /restore command",
			"8.2.6": "Added void protection config option",
			"8.2.7": "Fixed bad coded coordinates",
			"8.2.9": "Tweaked config and commands"
	},
	"1.19.4":  { 
			"8.4.2": "Tweaked config and commands",
			"8.4.3": "Added backpack tiers",
			"8.4.4": "Changed tier upgrades recipes",
			"8.4.5": "Added enableTierUpgrades config option",
			"8.4.6": "Added support for new smithing table",
			"8.4.7": "Added support for new smithing table",
			"8.4.8": "Added Crafting widget",
			"8.4.9": "Fixed dupe bug",
			"8.4.10": "Backpack can be placed in fluids after death",
			"8.4.11": "Added compat with gravestone mods",
			"8.4.12": "Added inventory preview in tooltip",
			"8.4.13": "Misc",
			"8.4.14": "Misc",
			"8.4.15": "Misc",
			"8.4.16": "Added tool slots widget",
			"8.4.17": "Fixed few bugs",
			"8.4.18": "Shift + Right Click with Empty Hand allows to place backpack on the ground",
			"8.4.19": "Sleeping bag can be used without backpack",
			"8.4.20": "Added loot to chests and fixed bugs"
	},
	"1.20":  { 
			"9.0.0": "Initial update",
			"9.0.1": "Fixed disappearing backpack on contact with water",
			"9.0.2": "Fixed smithing bug and restored Curios compat"
	},
	"1.20.1":  { 
			"9.1.0": "Initial update",
			"9.1.1": "Initial update",
			"9.1.2": "Fixed dupe bug",
			"9.1.3": "Added compat with gravestone mods",
			"9.1.4": "Added inventory preview in tooltip",
			"9.1.5": "Misc",
			"9.1.6": "Misc",
			"9.1.7": "Misc",
			"9.1.8": "Added tool slots widget",
			"9.1.9": "Fixed few bugs",
			"9.1.10": "Shift + Right Click with Empty Hand allows to place backpack on the ground",
			"9.1.11": "Sleeping bag can be used without backpack",
			"9.1.12": "Configuration for backpack slots",
			"9.1.13": "Added loot to chests and fixed bugs",
			"9.1.14": "Added recipes to recipe book",
			"9.1.15": "Improvements",
			"9.1.16": "Stopped excessive drops of backpack from mob farms, added visibility button, fixed some bugs"
	},
	"1.20.2":  { 
			"9.2.0": "Initial update",
			"9.2.1": "Fixed few bugs",
			"9.2.2": "Shift + Right Click with Empty Hand allows to place backpack on the ground",
			"9.2.3": "Sleeping bag can be used without backpack",
			"9.2.4": "Added loot to chests and fixed bugs"
	},
	"1.20.4":  { 
			"9.4.0": "Initial update",
			"9.4.1": "Configuration for backpack slots",
			"9.4.2": "Added recipes to recipe book"
	}
}
[14Apr2025 13:48:49.856] [Forge Version Check/INFO] [net.minecraftforge.fml.VersionChecker/]: [travelersbackpack] Found status: AHEAD Current: 9.1.34 Target: null
[14Apr2025 13:48:49.865] [Forge Version Check/INFO] [net.minecraftforge.fml.VersionChecker/]: [puzzlesaccessapi] Starting version check at https://raw.githubusercontent.com/Fuzss/modresources/main/update/puzzlesaccessapi.json
[14Apr2025 13:48:49.912] [Forge Version Check/DEBUG] [net.minecraftforge.fml.VersionChecker/]: [puzzlesaccessapi] Received version check data:
{
    "homepage": "https://github.com/Fuzss/puzzlesaccessapi",
    "promos": {}
}
[14Apr2025 13:48:49.913] [Forge Version Check/INFO] [net.minecraftforge.fml.VersionChecker/]: [puzzlesaccessapi] Found status: BETA Current: 20.1.1 Target: null
[14Apr2025 13:48:49.913] [Forge Version Check/INFO] [net.minecraftforge.fml.VersionChecker/]: [forge] Starting version check at https://files.minecraftforge.net/net/minecraftforge/forge/promotions_slim.json
[14Apr2025 13:48:49.915] [modloading-worker-0/DEBUG] [com.ferreusveritas.dynamictrees.api.registry.AbstractRegistry/REGISTRY_DUMP]: Name: RegistryHandler
	Entry: dynamictrees:dynamictrees, RegistryHandler{registryName=dynamictrees:dynamictrees}
	Entry: null:null, RegistryHandler{registryName=null:null}

[14Apr2025 13:48:49.987] [main/DEBUG] [net.minecraftforge.fml.DeferredWorkQueue/LOADING]: Dispatching synchronous work for work queue COMMON_SETUP: 23 jobs
[14Apr2025 13:48:50.086] [main/INFO] [com.tiviacz.travelersbackpack.TravelersBackpack/]: Registered the FluidEffect with Unique ID of minecraft:water for Water (Fluid Amount Required: 1000) with the ID 0
[14Apr2025 13:48:50.086] [main/INFO] [com.tiviacz.travelersbackpack.TravelersBackpack/]: Registered the FluidEffect with Unique ID of minecraft:lava for Lava (Fluid Amount Required: 1000) with the ID 1
[14Apr2025 13:48:50.086] [main/INFO] [com.tiviacz.travelersbackpack.TravelersBackpack/]: Registered the FluidEffect with Unique ID of travelersbackpack:potion for Uncraftable Potion (Fluid Amount Required: 250) with the ID 2
[14Apr2025 13:48:50.087] [main/INFO] [com.tiviacz.travelersbackpack.TravelersBackpack/]: Registered the FluidEffect with Unique ID of minecraft:milk for Milk (Fluid Amount Required: 1000) with the ID 3
[14Apr2025 13:48:50.175] [Forge Version Check/DEBUG] [net.minecraftforge.fml.VersionChecker/]: [forge] Received version check data:
{
  "homepage": "https://files.minecraftforge.net/net/minecraftforge/forge/",
  "promos": {
    "1.1-latest": "1.3.4.29",
    "1.2.3-latest": "1.4.1.64",
    "1.2.4-latest": "2.0.0.68",
    "1.2.5-latest": "3.4.9.171",
    "1.3.2-latest": "4.3.5.318",
    "1.4.0-latest": "5.0.0.326",
    "1.4.1-latest": "6.0.0.329",
    "1.4.2-latest": "6.0.1.355",
    "1.4.3-latest": "6.2.1.358",
    "1.4.4-latest": "6.3.0.378",
    "1.4.5-latest": "6.4.2.448",
    "1.4.6-latest": "6.5.0.489",
    "1.4.7-latest": "6.6.2.534",
    "1.5-latest": "7.7.0.598",
    "1.5.1-latest": "7.7.2.682",
    "1.5.2-latest": "7.8.1.738",
    "1.5.2-recommended": "7.8.1.738",
    "1.6.1-latest": "8.9.0.775",
    "1.6.2-latest": "9.10.1.871",
    "1.6.2-recommended": "9.10.1.871",
    "1.6.3-latest": "9.11.0.878",
    "1.6.4-latest": "9.11.1.1345",
    "1.6.4-recommended": "9.11.1.1345",
    "1.7.2-latest": "10.12.2.1161",
    "1.7.2-recommended": "10.12.2.1161",
    "1.7.10_pre4-latest": "10.12.2.1149",
    "1.7.10-latest": "10.13.4.1614",
    "1.7.10-recommended": "10.13.4.1614",
    "1.8-latest": "11.14.4.1577",
    "1.8-recommended": "11.14.4.1563",
    "1.8.8-latest": "11.15.0.1655",
    "1.8.9-latest": "11.15.1.2318",
    "1.8.9-recommended": "11.15.1.2318",
    "1.9-latest": "12.16.1.1938",
    "1.9-recommended": "12.16.1.1887",
    "1.9.4-latest": "12.17.0.2317",
    "1.9.4-recommended": "12.17.0.2317",
    "1.10-latest": "12.18.0.2000",
    "1.10.2-latest": "12.18.3.2511",
    "1.10.2-recommended": "12.18.3.2511",
    "1.11-latest": "13.19.1.2199",
    "1.11-recommended": "13.19.1.2189",
    "1.11.2-latest": "13.20.1.2588",
    "1.11.2-recommended": "13.20.1.2588",
    "1.12-latest": "14.21.1.2443",
    "1.12-recommended": "14.21.1.2387",
    "1.12.1-latest": "14.22.1.2485",
    "1.12.1-recommended": "14.22.1.2478",
    "1.12.2-latest": "14.23.5.2860",
    "1.12.2-recommended": "14.23.5.2859",
    "1.13.2-latest": "25.0.223",
    "1.14.2-latest": "26.0.63",
    "1.14.3-latest": "27.0.60",
    "1.14.4-latest": "28.2.26",
    "1.14.4-recommended": "28.2.26",
    "1.15-latest": "29.0.4",
    "1.15.1-latest": "30.0.51",
    "1.15.2-latest": "31.2.57",
    "1.15.2-recommended": "31.2.57",
    "1.16.1-latest": "32.0.108",
    "1.16.2-latest": "33.0.61",
    "1.16.3-latest": "34.1.42",
    "1.16.3-recommended": "34.1.0",
    "1.16.4-latest": "35.1.37",
    "1.16.4-recommended": "35.1.4",
    "1.16.5-latest": "36.2.42",
    "1.16.5-recommended": "36.2.34",
    "1.17.1-latest": "37.1.1",
    "1.17.1-recommended": "37.1.1",
    "1.18-latest": "38.0.17",
    "1.18.1-latest": "39.1.2",
    "1.18.1-recommended": "39.1.0",
    "1.18.2-recommended": "40.3.0",
    "1.18.2-latest": "40.3.10",
    "1.19-latest": "41.1.0",
    "1.19-recommended": "41.1.0",
    "1.19.1-latest": "42.0.9",
    "1.19.2-recommended": "43.5.0",
    "1.19.2-latest": "43.5.0",
    "1.19.3-latest": "44.1.23",
    "1.19.3-recommended": "44.1.0",
    "1.19.4-recommended": "45.4.0",
    "1.19.4-latest": "45.4.0",
    "1.20-latest": "46.0.14",
    "1.20.1-recommended": "47.4.0",
    "1.20.1-latest": "47.4.0",
    "1.20.2-latest": "48.1.0",
    "1.20.2-recommended": "48.1.0",
    "1.20.3-latest": "49.0.2",
    "1.20.4-latest": "49.2.0",
    "1.20.4-recommended": "49.2.0",
    "1.20.6-latest": "50.2.0",
    "1.20.6-recommended": "50.2.0",
    "1.21-latest": "51.0.33",
    "1.21.1-latest": "52.1.0",
    "1.21.1-recommended": "52.1.0",
    "1.21.3-latest": "53.1.1",
    "1.21.3-recommended": "53.1.0",
    "1.21.4-latest": "54.1.3",
    "1.21.4-recommended": "54.1.0",
    "1.21.5-latest": "55.0.4"
  }
}
[14Apr2025 13:48:50.175] [Forge Version Check/INFO] [net.minecraftforge.fml.VersionChecker/]: [forge] Found status: OUTDATED Current: 47.3.7 Target: 47.4.0
[14Apr2025 13:48:50.175] [Forge Version Check/INFO] [net.minecraftforge.fml.VersionChecker/]: [corpse] Starting version check at https://update.maxhenkel.de/forge/corpse
[14Apr2025 13:48:50.190] [main/INFO] [Framework/SYNCED_ENTITY_DATA]: Registered synced data key refurbished_furniture:lock_yaw for refurbished_furniture:seat
[14Apr2025 13:48:50.215] [main/DEBUG] [net.minecraftforge.fml.DeferredWorkQueue/LOADING]: Synchronous work queue completed in 227.9 ms
[14Apr2025 13:48:50.218] [modloading-worker-0/INFO] [xaero.map.server.WorldMapServer/]: Loading Xaero's World Map - Stage 1/2 (Server)
[14Apr2025 13:48:50.220] [modloading-worker-0/INFO] [xaero.minimap.XaeroMinimap/]: Loading Xaero's Minimap - Stage 1/2 (Server)
[14Apr2025 13:48:50.394] [main/DEBUG] [net.minecraftforge.fml.DeferredWorkQueue/LOADING]: Dispatching synchronous work for work queue SIDED_SETUP: 2 jobs
[14Apr2025 13:48:50.394] [main/INFO] [xaero.map.server.WorldMapServer/]: Loading Xaero's World Map - Stage 2/2 (Server)
[14Apr2025 13:48:50.395] [main/INFO] [xaero.minimap.XaeroMinimap/]: Loading Xaero's Minimap - Stage 2/2 (Server)
[14Apr2025 13:48:50.397] [main/DEBUG] [net.minecraftforge.fml.DeferredWorkQueue/LOADING]: Synchronous work queue completed in 2.077 ms
[14Apr2025 13:48:50.530] [Forge Version Check/DEBUG] [net.minecraftforge.fml.VersionChecker/]: [corpse] Received version check data:
{"1.20":{"1.20-1.0.3":"Updated to 1.20"},"1.18":{"1.18-1.0.3":"Re added JEI and Jade integration"},"1.19":{"1.19-1.0.8":"Updated Corelib"},"promos":{"1.18.1-latest":"1.18.1-1.0.5","1.15.1-latest":"1.15.1-1.0.1","1.14.4-recommended":"1.14.4-1.0.0","1.14.3-recommended":"1.14.3-1.0.3","1.18.2-latest":"1.18.2-1.0.2","1.20-recommended":"1.20-1.0.3","1.19.3-recommended":"1.19.3-1.0.3","1.19.1-recommended":"1.19.1-1.0.0","1.12.2-latest":"1.12.2-1.0.8","1.19.4-recommended":"1.19.4-1.0.3","1.12.2-recommended":"1.12.2-1.0.8","1.19-latest":"1.19-1.0.8","1.17.1-recommended":"1.17.1-1.0.7","1.19.2-recommended":"1.19.2-1.0.9","1.16.1-recommended":"1.16.1-1.0.12","1.16.2-recommended":"1.16.2-1.0.8","1.18-latest":"1.18-1.0.3","1.16.5-recommended":"1.16.5-1.0.6","1.16.4-recommended":"1.16.4-1.0.6","1.20.1-recommended":"1.20.1-1.0.9","1.16.3-recommended":"1.16.3-1.0.5","1.15.2-latest":"1.15.2-1.0.11","1.14.2-recommended":"1.14.2-1.0.4","1.20.2-recommended":"1.20.2-1.0.9","1.14.4-latest":"1.14.4-1.0.4","1.14.3-latest":"1.14.3-1.0.3","1.20-latest":"1.20-1.0.3","1.18.2-recommended":"1.18.2-1.0.1","1.17.1-latest":"1.17.1-1.0.7","1.13.2-latest":"1.12.2-1.0.5","1.18.1-recommended":"1.18.1-1.0.5","1.20.1-latest":"1.20.1-1.0.20","1.16.3-latest":"1.16.3-1.1.8","1.20.2-latest":"1.20.2-1.0.9","1.16.4-latest":"1.16.4-1.0.6","1.19.2-latest":"1.19.2-1.0.17","1.19.4-latest":"1.19.4-1.0.3","1.19.3-latest":"1.19.3-1.0.3","1.16.5-latest":"1.16.5-1.0.7","1.19-recommended":"1.19-1.0.8","1.16.2-latest":"1.16.2-1.0.8","1.16.1-latest":"1.16.1-1.0.12","1.18-recommended":"1.18-1.0.3","1.14.2-latest":"1.14.2-1.0.4","1.15.2-recommended":"1.15.2-1.0.10","1.19.1-latest":"1.19.1-1.0.0","1.15.1-recommended":"1.15.1-1.0.1"},"1.20.2":{"1.20.2-1.0.9":"Added mod icon\nUpdated corelib"},"1.20.1":{"1.20.1-1.0.9":"","1.20.1-1.0.20":"Fixed malformed JSON in Russian language"},"1.16.4":{"1.16.4-1.0.6":"Fixed only owner config option not working"},"1.18.2":{"1.18.2-1.0.2":"Updated corpse save format","1.18.2-1.0.1":"Re add JEI integration"},"1.19.1":{"1.19.1-1.0.0":"Updated to 1.19.1"},"1.16.5":{"1.16.5-1.0.7":"Fixed crash","1.16.5-1.0.6":"Fixed freeze with epic fight mod"},"1.19.2":{"1.19.2-1.0.9":"Added mod icon\nUpdated corelib","1.19.2-1.0.17":"Reverted translation"},"1.19.3":{"1.19.3-1.0.3":"Fixed crash with narrator enabled"},"1.19.4":{"1.19.4-1.0.3":"Fixed crash with narrator enabled"},"1.14.2":{"1.14.2-1.0.4":"Fixed a bug crashing the game"},"1.15.1":{"1.15.1-1.0.1":"Fixed corpse accessing bug"},"1.14.3":{"1.14.3-1.0.3":"Fixed a bug crashing the game"},"1.16.1":{"1.16.1-1.0.12":"Fixed crash with HWYLA"},"1.15.2":{"1.15.2-1.0.11":"Fixed exception when opening the death history of large inventories","1.15.2-1.0.10":"Updated polish translation"},"1.14.4":{"1.14.4-1.0.0":"Updated to 1.14.4","1.14.4-1.0.4":"Fixed corpse accessing bug"},"1.16.2":{"1.16.2-1.0.8":"Fixed potential crash with HWYLA"},"1.17.1":{"1.17.1-1.0.7":"Added czech translation"},"1.16.3":{"1.16.3-1.1.8":"Fixed missing corpse GUI buttons","1.16.3-1.0.5":"Fixed player skin models not considered"},"1.18.1":{"1.18.1-1.0.5":"Fixed crash with Tinkers Construct"},"1.12.2":{"1.12.2-1.0.8":"Fixed version number"},"1.13.2":{"1.12.2-1.0.5":"Added portuguese translation"},"homepage":"https://www.curseforge.com/minecraft/mc-mods/corpse"}
[14Apr2025 13:48:50.531] [Forge Version Check/INFO] [net.minecraftforge.fml.VersionChecker/]: [corpse] Found status: AHEAD Current: 1.20.1-1.0.20 Target: null
[14Apr2025 13:48:50.531] [Forge Version Check/INFO] [net.minecraftforge.fml.VersionChecker/]: [securitycraft] Starting version check at https://www.github.com/Geforce132/SecurityCraft/raw/master/Updates/Forge.json
[14Apr2025 13:48:50.595] [modloading-worker-0/INFO] [Jade/]: Start loading plugin at net.blay09.mods.waystones.compat.JadeIntegration
[14Apr2025 13:48:50.627] [modloading-worker-0/INFO] [Jade/]: Start loading plugin at net.blay09.mods.balm.forge.compat.hudinfo.ForgeJadeModCompat
[14Apr2025 13:48:50.631] [modloading-worker-0/INFO] [Jade/]: Start loading plugin at de.maxhenkel.corpse.integration.waila.PluginCorpse
[14Apr2025 13:48:50.639] [modloading-worker-0/INFO] [Jade/]: Start loading plugin at snownee.jade.addon.vanilla.VanillaPlugin
[14Apr2025 13:48:50.676] [Forge Version Check/DEBUG] [net.minecraftforge.fml.VersionChecker/]: [securitycraft] Received version check data:
{
    "homepage": "https://www.curseforge.com/minecraft/mc-mods/security-craft/",
    "promos": {
        "1.7.10-latest": "v1.8.13",
        "1.7.10-recommended": "v1.8.13",
        "1.8-latest": "v1.8.12.1",
        "1.8-recommended": "v1.8.12.1",
        "1.8.8-latest": "v1.8.12.1",
        "1.8.8-recommended": "v1.8.12.1",
        "1.8.9-latest": "v1.8.12.1",
        "1.8.9-recommended": "v1.8.12.1",
        "1.9.4-latest": "v1.8.12",
        "1.9.4-recommended": "v1.8.12",
        "1.10.2-latest": "v1.8.12",
        "1.10.2-recommended": "v1.8.12",
        "1.11.2-latest": "v1.8.12.1",
        "1.11.2-recommended": "v1.8.12.1",
        "1.12-latest": "v1.8.8.1",
        "1.12-recommended": "v1.8.8.1",
        "1.12.1-latest": "v1.8.8.1",
        "1.12.1-recommended": "v1.8.8.1",
        "1.13.2-latest": "v1.8.13",
        "1.13.2-recommended": "v1.8.13",
        "1.14.3-latest": "v1.8.12-beta2",
        "1.14.3-recommended": "v1.8.12-beta2",
        "1.14.4-latest": "v1.8.22.2",
        "1.14.4-recommended": "v1.8.22.2",
        "1.15.1-latest": "v1.8.15-beta2",
        "1.15.1-recommended": "v1.8.15-beta2",
        "1.15.2-latest": "v1.9.1",
        "1.15.2-recommended": "v1.9.1",
        "1.16.1-latest": "v1.8.19.3",
        "1.16.1-recommended": "v1.8.19.3",
        "1.16.2-latest": "v1.8.19.3",
        "1.16.2-recommended": "v1.8.19.3",
        "1.16.3-latest": "v1.8.21.1",
        "1.16.3-recommended": "v1.8.21.1",
        "1.16.4-latest": "v1.8.21.1",
        "1.16.4-recommended": "v1.8.21.1",
        "1.17.1-latest": "1.9.5",
        "1.17.1-recommended": "1.9.5",
        "1.18.1-latest": "1.9.0.2-beta1",
        "1.18.1-recommended": "1.9.0.2-beta1",
        "1.19-latest": "1.9.3.1",
        "1.19-recommended": "1.9.3.1",
        "1.19.1-latest": "1.9.3.1",
        "1.19.1-recommended": "1.9.3.1",
        "1.19.2-latest": "1.9.6.1",
        "1.19.2-recommended": "1.9.6.1",
        "1.19.3-latest": "1.9.8",
        "1.19.3-recommended": "1.9.8",
        "1.20-latest": "1.9.7-beta2",
        "1.20-recommended": "1.9.7-beta2",
        "1.20.2-latest": "1.9.9",
        "1.20.2-recommended": "1.9.9",
        "1.21-latest": "1.9.10-beta7",
        "1.21-recommended": "1.9.10-beta7",
        "1.21.2-latest": "1.9.11-beta2",
        "1.21.2-recommended": "1.9.11-beta2",

        "1.12.2-latest": "v1.9.12",
        "1.12.2-recommended": "v1.9.12",
        "1.16.5-latest": "v1.9.12.1",
        "1.16.5-recommended": "v1.9.12.1",
        "1.18.2-latest": "1.9.12",
        "1.18.2-recommended": "1.9.12",
        "1.19.4-latest": "1.9.12",
        "1.19.4-recommended": "1.9.12",
        "1.20.1-latest": "1.9.12",
        "1.20.1-recommended": "1.9.12",
        "1.20.4-latest": "1.9.12",
        "1.20.4-recommended": "1.9.12",
        "1.20.6-latest": "1.9.12",
        "1.20.6-recommended": "1.9.12",
        "1.21.1-latest": "1.9.12",
        "1.21.1-recommended": "1.9.12",
        "1.21.3-latest": "1.9.12",
        "1.21.3-recommended": "1.9.12",
        "1.21.4-latest": "1.9.12-beta4",
        "1.21.4-recommended": "1.9.12-beta4"
    },
    "1.7.10": {
        "v1.8.13": "https://github.com/Geforce132/SecurityCraft/blob/1.7.10/Changelog%20v1.8.x.md"
    },
    "1.8": {
        "v1.8.12": "https://github.com/Geforce132/SecurityCraft/blob/1.8/Changelog%20v1.8.x.md"
    },
    "1.8.8": {
        "v1.8.12.1": "https://github.com/Geforce132/SecurityCraft/blob/1.8.9/Changelog%20v1.8.x.md"
    },
    "1.8.9": {
        "v1.8.12.1": "https://github.com/Geforce132/SecurityCraft/blob/1.8.9/Changelog%20v1.8.x.md"
    },
    "1.9.4": {
        "v1.8.12": "https://github.com/Geforce132/SecurityCraft/blob/1.9.4/Changelog%20v1.8.x.md"
    },
    "1.10.2": {
        "v1.8.12": "https://github.com/Geforce132/SecurityCraft/blob/1.10.2/Changelog%20v1.8.x.md"
    },
    "1.11.2": {
        "v1.8.12.1": "https://github.com/Geforce132/SecurityCraft/blob/1.11.2/Changelog%20v1.8.x.md"
    },
    "1.12": {
        "v1.8.8.1": "https://github.com/Geforce132/SecurityCraft/blob/54061f84f188c33db291770e550c4c84a927194c/Changelog%20v1.8.x.md"
    },
    "1.12.1": {
        "v1.8.8.1": "https://github.com/Geforce132/SecurityCraft/blob/54061f84f188c33db291770e550c4c84a927194c/Changelog%20v1.8.x.md"
    },
    "1.13.2": {
        "v1.8.13": "https://github.com/Geforce132/SecurityCraft/blob/1.13.2/Changelog%20v1.8.x.md"
    },
    "1.14.3": {
        "v1.8.12-beta2": "https://github.com/Geforce132/SecurityCraft/blob/b20ce0945abdccb8f2b6abaea5d26c28d0a3b916/Changelog%20v1.8.x.md"
    },
    "1.14.4": {
        "v1.8.22.2": "https://github.com/Geforce132/SecurityCraft/blob/1.14.4/Changelog%20v1.8.x.md"
    },
    "1.15.1": {
        "v1.8.15-beta2": "https://github.com/Geforce132/SecurityCraft/blob/04f414232af5250193ed610da93696a830584cc9/Changelog%20v1.8.x.md"
    },
    "1.15.2": {
        "v1.9.1": "https://github.com/Geforce132/SecurityCraft/blob/1.15.x/Changelog.md"
    },
    "1.16.1": {
        "v1.8.19.3": "https://github.com/Geforce132/SecurityCraft/blob/1.16.1/Changelog%20v1.8.x.md"
    },
    "1.16.2": {
        "v1.8.19.3": "https://github.com/Geforce132/SecurityCraft/blob/1.16.1/Changelog%20v1.8.x.md"
    },
    "1.16.3": {
        "v1.8.21.1": "https://github.com/Geforce132/SecurityCraft/blob/44460188b9bf30b94f122ba362092cba5e76e0d2/Changelog%20v1.8.x.md"
    },
    "1.16.4": {
        "v1.8.21.1": "https://github.com/Geforce132/SecurityCraft/blob/44460188b9bf30b94f122ba362092cba5e76e0d2/Changelog%20v1.8.x.md"
    },
    "1.17.1": {
        "1.9.5": "https://github.com/Geforce132/SecurityCraft/blob/1.17.1/Changelog.md"
    },
    "1.18.1": {
        "1.9.0.2-beta1": "https://github.com/Geforce132/SecurityCraft/blob/1.18.1/Changelog.md"
    },
    "1.19": {
        "1.9.3.1": "https://github.com/Geforce132/SecurityCraft/blob/1.19/Changelog.md"
    },
    "1.19.1": {
        "1.9.3.1": "https://github.com/Geforce132/SecurityCraft/blob/c60edcc5881fc8ca4394bfeae3254ab0d693ab5e/Changelog.md"
    },
    "1.19.2": {
        "1.9.6.1": "https://github.com/Geforce132/SecurityCraft/blob/1.19.1/Changelog.md"
    },
    "1.19.3": {
        "1.9.8": "https://github.com/Geforce132/SecurityCraft/blob/1.19.3/Changelog.md"
    },
    "1.20": {
        "1.9.7-beta2": "https://github.com/Geforce132/SecurityCraft/blob/1.20/Changelog.md"
    },
    "1.20.2": {
        "1.9.9": "https://github.com/Geforce132/SecurityCraft/blob/1.20.2/Changelog.md"
    },
    "1.21": {
        "1.9.10-beta7": "https://github.com/Geforce132/SecurityCraft/blob/a74d63ec9796e54c5bd8d22c18a320146560a753/Changelog.md"
    },
    "1.21.2": {
        "1.9.11-beta2": "https://github.com/Geforce132/SecurityCraft/blob/63c87ccbc661cecac0e75d54b81b571a3d17a29e/Changelog.md"
    },

    "1.12.2": {
        "v1.9.12": "https://github.com/Geforce132/SecurityCraft/blob/1.12.2/Changelog.md"
    },
    "1.16.5": {
        "v1.9.12.1": "https://github.com/Geforce132/SecurityCraft/blob/1.16.2/Changelog.md"
    },
    "1.18.2": {
        "1.9.12": "https://github.com/Geforce132/SecurityCraft/blob/1.18.2/Changelog.md"
    },
    "1.19.4": {
        "1.9.12": "https://github.com/Geforce132/SecurityCraft/blob/1.19.4/Changelog.md"
    },
    "1.20.1": {
        "1.9.12": "https://github.com/Geforce132/SecurityCraft/blob/1.20/Changelog.md"
    },
    "1.20.4": {
        "1.9.12": "https://github.com/Geforce132/SecurityCraft/blob/1.20.4/Changelog.md"
    },
    "1.20.6": {
        "1.9.12": "https://github.com/Geforce132/SecurityCraft/blob/1.20.6/Changelog.md"
    },
    "1.21.1": {
        "1.9.12": "https://github.com/Geforce132/SecurityCraft/blob/1.21/Changelog.md"
    },
    "1.21.3": {
        "1.9.12": "https://github.com/Geforce132/SecurityCraft/blob/1.21.3/Changelog.md"
    },
    "1.21.4": {
        "1.9.12-beta4": "https://github.com/Geforce132/SecurityCraft/blob/1.21.4/Changelog.md"
    }
}
[14Apr2025 13:48:50.679] [Forge Version Check/INFO] [net.minecraftforge.fml.VersionChecker/]: [securitycraft] Found status: UP_TO_DATE Current: 1.9.12 Target: null
[14Apr2025 13:48:50.679] [Forge Version Check/INFO] [net.minecraftforge.fml.VersionChecker/]: [inventoryhud] Starting version check at https://raw.githubusercontent.com/DmitryLovin/pluginUpdate/master/invupdate.json
[14Apr2025 13:48:50.690] [modloading-worker-0/INFO] [Jade/]: Start loading plugin at snownee.jade.addon.universal.UniversalPlugin
[14Apr2025 13:48:50.699] [modloading-worker-0/INFO] [Jade/]: Start loading plugin at snownee.jade.addon.core.CorePlugin
[14Apr2025 13:48:50.703] [modloading-worker-0/INFO] [Jade/]: Start loading plugin at net.geforcemods.securitycraft.compat.hudmods.JadeDataProvider
[14Apr2025 13:48:50.708] [modloading-worker-0/INFO] [Jade/]: Start loading plugin at bl4ckscor3.mod.globalxp.compat.WailaDataProvider
[14Apr2025 13:48:50.712] [modloading-worker-0/INFO] [Jade/]: Start loading plugin at com.ferreusveritas.dynamictrees.compat.waila.WailaCompat
[14Apr2025 13:48:50.768] [Forge Version Check/DEBUG] [net.minecraftforge.fml.VersionChecker/]: [inventoryhud] Received version check data:
{
  "homepage": "https://www.curseforge.com/minecraft/mc-mods/inventory-hud-forge",
  "1.21.5": {
    "3.4.27": "1.21.5 release"
  },
  "1.21.4": {
    "3.4.27": "1.21.4 release"
  },
  "1.21.3": {
    "3.4.27": "1.21.3 release"
  },
  "1.21.1": {
    "3.4.26": "1.21.1 release"
  },
  "1.21": {
    "3.4.21": "1.21 release",
    "3.4.22": "added Turkish language\nadded Portuguese language\nsome render fixes",
    "3.4.23": "added Hungarian language\nadded Ukrainian language\nsmall config GUI fix",
    "3.4.24": "fixed button width bug\nadded Czech language\nadded Korean language",
    "3.4.26": "added Chinese Traditional (Taiwan) language"
  },
  "1.20.6": {
    "3.4.21": "1.20.6 release",
    "3.4.22": "added Turkish language\nadded Portuguese language\nsome render fixes",
    "3.4.23": "added Hungarian language\nadded Ukrainian language\nsmall config GUI fix",
    "3.4.24": "fixed button width bug\nadded Czech language\nadded Korean language",
    "3.4.26": "added Chinese Traditional (Taiwan) language"
  },
  "1.20.4": {
    "3.4.19": "1.20.3 release",
    "3.4.20": "fixed issue #130 By sporefreak when mod keybinds trigger everywhere",
    "3.4.22": "added Turkish language\nadded Portuguese language\nsome render fixes",
    "3.4.23": "added Hungarian language\nadded Ukrainian language\nsmall config GUI fix",
    "3.4.24": "fixed button width bug\nadded Czech language\nadded Korean language",
    "3.4.26": "added Chinese Traditional (Taiwan) language"
  },
  "1.20.3": {
    "3.4.19": "1.20.3 release"
  },
  "1.20.2": {
    "3.4.19": "1.20.2 release"
  },
  "1.20.1": {
    "3.4.13": "1.20 release",
    "3.4.14": "new option to hide HUDs with debug gui opened\nnew option to hide arrows count when now weapon in your hands\nnew option to show effect levels higher than 9",
    "3.4.15": "Italian translation",
    "3.4.17": "French and Japanese translations",
    "3.4.18": "German translation",
    "3.4.22": "added Turkish language\nadded Portuguese language\nsome render fixes",
    "3.4.23": "added Hungarian language\nadded Ukrainian language\nsmall config GUI fix",
    "3.4.24": "fixed button width bug\nadded Czech language\nadded Korean language",
    "3.4.26": "added Chinese Traditional (Taiwan) language"
  },
  "1.20": {
    "3.4.13": "1.20 release",
    "3.4.14": "new option to hide HUDs with debug gui opened\nnew option to hide arrows count when now weapon in your hands\nnew option to show effect levels higher than 9",
    "3.4.15": "Italian translation",
    "3.4.17": "French and Japanese translations",
    "3.4.18": "German translation",
    "3.4.22": "added Turkish language\nadded Portuguese language\nsome render fixes",
    "3.4.23": "added Hungarian language\nadded Ukrainian language\nsmall config GUI fix",
    "3.4.24": "fixed button width bug\nadded Czech language\nadded Korean language",
    "3.4.26": "added Chinese Traditional (Taiwan) language"
  },
  "1.19.4": {
    "3.4.8": "new 'keep notify' setting, you can toggle it off to be notified only once per version\nnew 'show hidden effects' setting, you can hide icons for hidden effect, like in vanilla version\nnew effects blacklist system, potion hud will ignore effects from this list",
    "3.4.9": "critical error hot fix",
    "3.4.10": "curios/trinkets fixes",
    "3.4.11": "Numeric text field fix",
    "3.4.12": "some fixes and new ammo calculation",
    "3.4.14": "new option to hide HUDs with debug gui opened\nnew option to hide arrows count when now weapon in your hands\nnew option to show effect levels higher than 9",
    "3.4.15": "Italian translation",
    "3.4.17": "French and Japanese translations",
    "3.4.18": "German translation",
    "3.4.22": "added Turkish language\nadded Portuguese language\nsome render fixes",
    "3.4.23": "added Hungarian language\nadded Ukrainian language\nsmall config GUI fix",
    "3.4.24": "fixed button width bug\nadded Czech language\nadded Korean language",
    "3.4.26": "added Chinese Traditional (Taiwan) language"
  },
  "1.19.3": {
    "3.4.6": "new forge registris",
    "3.4.7": "cross version for 1.19.2 and 1.19.3"
  },
  "1.19.2": {
    "3.4.6": "new forge registris",
    "3.4.7": "cross version for 1.19.2 and 1.19.3",
    "3.4.23": "added Hungarian language\nadded Ukrainian language\nsmall config GUI fix",
    "3.4.24": "fixed button width bug\nadded Czech language\nadded Korean language",
    "3.4.26": "added Chinese Traditional (Taiwan) language"
  },
  "1.19.1": {
    "3.4.6": "new forge registris"
  },
  "1.19": {
    "3.4.2": "fabric 1.19",
    "3.4.4": "1.19",
    "3.4.5": "curios support",
    "3.4.6": "new forge registris"
  },
  "1.18.2": {
    "3.4.2": "1.18.1",
    "3.4.3": "1.18.1",
    "3.4.4": "(forge) fixed server init",
    "3.4.8": "new 'keep notify' setting, you can toggle it off to be notified only once per version\nnew 'show hidden effects' setting, you can hide icons for hidden effect, like in vanilla version\nnew effects blacklist system, potion hud will ignore effects from this list",
    "3.4.9": "critical error hot fix",
    "3.4.10": "curios/trinkets fixes",
    "3.4.12": "some fixes and new ammo calculation",
    "3.4.14": "new option to hide HUDs with debug gui opened\nnew option to hide arrows count when now weapon in your hands\nnew option to show effect levels higher than 9",
    "3.4.15": "Italian translation",
    "3.4.16": "fixed save function for numeric text field. related to issue #118 By  guyguy18123",
    "3.4.17": "French and Japanese translations",
    "3.4.18": "German translation",
    "3.4.22": "added Turkish language\nadded Portuguese language\nsome render fixes",
    "3.4.23": "added Hungarian language\nadded Ukrainian language\nsmall config GUI fix",
    "3.4.24": "fixed button width bug\nadded Czech language\nadded Korean language",
    "3.4.26": "added Chinese Traditional (Taiwan) language"
  },
  "1.18.1": {
    "3.4.2": "1.18.1",
    "3.4.3": "1.18.1",
    "3.4.4": "(forge) fixed server init"
  },
  "1.18": {
    "3.4.1": "1.18 release",
    "3.4.2": "curios fixes (forge only)\nfixed issue #58 By Baenjamin (fabric only)",
    "3.4.3": "fixed issue (#60 By  codingandtea) with curios implementation",
    "3.4.4": "(forge) fixed server init"
  },
  "1.17.1": {
    "3.3.2": "nothing here",
    "3.3.3": "forge",
    "3.3.4": "vanilla potion icons are now disabled when potion hud is enabled",
    "3.4.0": "added trinkets support\nadded chinese language\nadded spanish language\nadded notification system for future updates",
    "3.4.1": "added bar duration setting"
  },
  "1.17": {
    "3.3.1": "released for 1.17\nadded update notification system",
    "3.3.2": "fixed issue #38 By  gamingoninsulin",
    "3.3.3": "forge release",
    "3.3.4": "vanilla potion icons are now disabled when potion hud is enabled",
    "3.4.0": "added trinkets support\nadded chinese language\nadded spanish language\nadded notification system for future updates",
    "3.4.1": "added bar duration setting"
  },
  "1.16.1": {
    "3.0": "new mini mode for Potion HUD\nArmor HUD now shows count of arrows in full plus inv mode\nnew Ingame config menu, where you can change position of the HUDs and toggle them on/off",
    "3.0.1": " small compatibility fixes.",
    "3.1.0": "new vertical mode for InventoryHUD\nnew mini mode for InventoryHUD\nPotionHUD now has gap option\nfixed bug when potions was rendering above debug screen\npotion rendering system was reworked, now all potions from any mod should render",
    "3.1.1": "now one version for 1.16.1, 1.16.2 and 1.16.3\nnew colors for armor hud\nfixed issue #8 By just_some_user\nfixed issue #7 By just_some_user\nchanged default key binding for options, now 'O'\nkey binding for options is now open full config screen instead of changing position",
    "3.1.2": "added new option in armor hud config (durability bars)",
    "3.1.3": "fixed issue with loading config\nfixed some texts issues",
    "3.1.4": "fixed issue with potion level icon",
    "3.2.1": "fixed issue #24 By  cartenavigom",
    "3.2.2": "fixed issue #27 By Gberqz"
  },
  "1.16.2": {
    "3.1.0": "new vertical mode for InventoryHUD\nnew mini mode for InventoryHUD\nPotionHUD now has gap option\nfixed bug when potions was rendering above debug screen\npotion rendering system was reworked, now all potions from any mod should render",
    "3.1.1": "now one version for 1.16.1, 1.16.2 and 1.16.3\nnew colors for armor hud\nfixed issue #8 By just_some_user\nfixed issue #7 By just_some_user\nchanged default key binding for options, now 'O'\nkey binding for options is now open full config screen instead of changing position",
    "3.1.2": "added new option in armor hud config (durability bars)",
    "3.1.3": "fixed issue with loading config\nfixed some texts issues",
    "3.1.4": "fixed issue with potion level icon",
    "3.2.0": "new Inventory HUD background (with configurable alpha)\nDisebleable ArmorHUD numbers\nevery item in ArmorHUD now moveble\nnew config screen\nfixed issue when quiver and inventory icons rendered wrong with left-handed players.\nfixed issue when lang files didn't work.",
    "3.2.1": "fixed issue #24 By  cartenavigom",
    "3.2.2": "fixed issue #27 By Gberqz",
    "3.3.0": "added animation for recently picked up items\nadded possibility to hide InventoryHUD background if inventory is empty\nchanged size of InventoryHUD background\nadded new option for ArmorHUD show overall item count for main/off hand\nArmorHUD is now scalable\nadded new horizontal mode for PotionHUD\nadded keybind for toggle on/off Potion and Armor HUDs",
    "3.4.0": "added trinkets support\nadded chinese language\nadded spanish language\nadded notification system for future updates",
    "3.4.1": "added bar duration setting"
  },
  "1.16.3": {
    "3.1.0": "new vertical mode for InventoryHUD\nnew mini mode for InventoryHUD\nPotionHUD now has gap option\nfixed bug when potions was rendering above debug screen\npotion rendering system was reworked, now all potions from any mod should render",
    "3.1.1": "now one version for 1.16.1, 1.16.2 and 1.16.3\nnew colors for armor hud\nfixed issue #8 By just_some_user\nfixed issue #7 By just_some_user\nchanged default key binding for options, now 'O'\nkey binding for options is now open full config screen instead of changing position",
    "3.1.2": "added new option in armor hud config (durability bars)",
    "3.1.3": "fixed issue with loading config\nfixed some texts issues",
    "3.1.4": "fixed issue with potion level icon",
    "3.2.0": "new Inventory HUD background (with configurable alpha)\nDisebleable ArmorHUD numbers\nevery item in ArmorHUD now moveble\nnew config screen\nfixed issue when quiver and inventory icons rendered wrong with left-handed players.\nfixed issue when lang files didn't work.",
    "3.2.1": "fixed issue #24 By  cartenavigom",
    "3.2.2": "fixed issue #27 By Gberqz",
    "3.3.0": "added animation for recently picked up items\nadded possibility to hide InventoryHUD background if inventory is empty\nchanged size of InventoryHUD background\nadded new option for ArmorHUD show overall item count for main/off hand\nArmorHUD is now scalable\nadded new horizontal mode for PotionHUD\nadded keybind for toggle on/off Potion and Armor HUDs",
    "3.4.0": "added trinkets support\nadded chinese language\nadded spanish language\nadded notification system for future updates",
    "3.4.1": "added bar duration setting"
  },
  "1.16.4": {
    "3.1.3": "fixed issue with loading config\nfixed some texts issues",
    "3.1.4": "fixed issue with potion level icon",
    "3.2.0": "new Inventory HUD background (with configurable alpha)\nDisebleable ArmorHUD numbers\nevery item in ArmorHUD now moveble\nnew config screen\nfixed issue when quiver and inventory icons rendered wrong with left-handed players.\nfixed issue when lang files didn't work.",
    "3.2.1": "fixed issue #24 By  cartenavigom",
    "3.2.2": "fixed issue #27 By Gberqz",
    "3.3.0": "added animation for recently picked up items\nadded possibility to hide InventoryHUD background if inventory is empty\nchanged size of InventoryHUD background\nadded new option for ArmorHUD show overall item count for main/off hand\nArmorHUD is now scalable\nadded new horizontal mode for PotionHUD\nadded keybind for toggle on/off Potion and Armor HUDs",
    "3.4.0": "added trinkets support\nadded chinese language\nadded spanish language\nadded notification system for future updates",
    "3.4.1": "added bar duration setting"
  },
  "1.16.5": {
    "3.1.3": "fixed issue with loading config\nfixed some texts issues",
    "3.1.4": "fixed issue with potion level icon",
    "3.2.0": "new Inventory HUD background (with configurable alpha)\nDisebleable ArmorHUD numbers\nevery item in ArmorHUD now moveble\nnew config screen\nfixed issue when quiver and inventory icons rendered wrong with left-handed players.\nfixed issue when lang files didn't work.",
    "3.2.1": "fixed issue #24 By  cartenavigom",
    "3.2.2": "fixed issue #27 By Gberqz",
    "3.3.0": "added animation for recently picked up items\nadded possibility to hide InventoryHUD background if inventory is empty\nchanged size of InventoryHUD background\nadded new option for ArmorHUD show overall item count for main/off hand\nArmorHUD is now scalable\nadded new horizontal mode for PotionHUD\nadded keybind for toggle on/off Potion and Armor HUDs",
    "3.4.0": "added trinkets support\nadded chinese language\nadded spanish language\nadded notification system for future updates",
    "3.4.1": "added bar duration setting"
  },
  "1.15.2": {
    "1.3": "Some lang fixes",
    "2.0": "New features: armor damage hud & potions hud",
    "2.1": "Custom effects from most of mods now works correctly",
    "2.2": "Now you can change PotionHUD orientation from LEFT to RIGHT\nNow you can change ArmorStatusHUD orientation from MIDDLE to LEFT or RIGHT, also you can change position\nNew ConfigGUI",
    "2.2.1": "Armor orientation fixes and Potion Y pos fixes",
    "2.3": "Now u can hide armor if durability is above what u set in config..",
    "2.4": "new types of Orientation and you can change Orientation of any HUD",
    "2.5": "Now PotionHUD shows levels of the effects\nNow you can change alpha of PotionHUD background. Suggested by pyrezombie\nFixed Issue #3 by SelfyxT",
    "2.6": "ArmorStatus HUD now contains main and off hand items, and also counter of inventory empty slots, you can switch type and durability view via config",
    "2.6.1": "Fixed Issue #4 by sandalle",
    "3.0": "new mini mode for Potion HUD\nArmor HUD now shows count of arrows in full plus inv mode\nnew Ingame config menu, where you can change position of the HUDs and toggle them on/off",
    "3.0.1": " small compatibility fixes.",
    "3.1.0": "new vertical mode for InventoryHUD\nnew mini mode for InventoryHUD\nPotionHUD now has gap option\nfixed bug when potions was rendering above debug screen\npotion rendering system was reworked, now all potions from any mod should render",
    "3.1.1": "new colors for armor hud\nfixed issue #8 By just_some_user\nfixed issue #7 By just_some_user\nchanged default key binding for options, now 'O'\nkey binding for options is now open full config screen instead of changing position",
    "3.1.2": "added new option in armor hud config (durability bars)",
    "3.1.3": "fixed issue with loading config\nfixed some texts issues",
    "3.1.4": "fixed issue with potion level icon",
    "3.2.0": "new Inventory HUD background (with configurable alpha)\nDisebleable ArmorHUD numbers\nevery item in ArmorHUD now moveble\nnew config screen\nfixed issue when quiver and inventory icons rendered wrong with left-handed players\nfixed issue when lang files didn't work",
    "3.2.1": "fixed issue #24 By  cartenavigom",
    "3.3.0": "added animation for recently picked up items\nadded possibility to hide InventoryHUD background if inventory is empty\nchanged size of InventoryHUD background\nadded new option for ArmorHUD show overall item count for main/off hand\nArmorHUD is now scalable\nadded new horizontal mode for PotionHUD\nadded keybind for toggle on/off Potion and Armor HUDs",
    "3.4.0": "added trinkets support\nadded chinese language\nadded spanish language\nadded notification system for future updates",
    "3.4.1": "added bar duration setting"
  },
  "1.15.1": {
    "1.3": "Some lang fixes",
    "2.0": "New features: armor damage hud & potions hud",
    "2.1": "Custom effects from most of mods now works correctly",
    "2.2": "Now you can change PotionHUD orientation from LEFT to RIGHT\nNow you can change ArmorStatusHUD orientation from MIDDLE to LEFT or RIGHT, also you can change position\nNew ConfigGUI",
    "2.2.1": "Armor orientation fixes and Potion Y pos fixes",
    "2.3": "Now u can hide armor if durability is above what u set in config.",
    "2.4": "new types of Orientation and you can change Orientation of any HUD",
    "2.5": "Now PotionHUD shows levels of the effects\nNow you can change alpha of PotionHUD background. Suggested by pyrezombie\nFixed Issue #3 by SelfyxT",
    "2.6": "ArmorStatus HUD now contains main and off hand items, and also counter of inventory empty slots, you can switch type and durability view via config",
    "2.6.1": "Fixed Issue #4 by sandalle",
    "3.0": "new mini mode for Potion HUD\nArmor HUD now shows count of arrows in full plus inv mode\nnew Ingame config menu, where you can change position of the HUDs and toggle them on/off",
    "3.4.0": "added trinkets support\nadded chinese language\nadded spanish language\nadded notification system for future updates",
    "3.4.1": "added bar duration setting"
  },
  "1.14.4": {
    "1.4": "Some lang fixes",
    "2.0": "New features: armor damage hud & potions hud",
    "2.1": "Now has same features as 1.15 mod",
    "2.2": "Now PotionHUD shows levels of the effects\nNow you can change alpha of PotionHUD background. Suggested by pyrezombie\nFixed Issue #3 by SelfyxT",
    "2.3": "ArmorStatus HUD now contains main and off hand items, and also counter of inventory empty slots, you can switch type and durability view via config",
    "2.3.1": "Fixed Issue #4 by sandalle",
    "3.0": "new mini mode for Potion HUD\nArmor HUD now shows count of arrows in full plus inv mode\nnew Ingame config menu, where you can change position of the HUDs and toggle them on/off",
    "3.0.1": " small compatibility fixes.",
    "3.1.0": "new vertical mode for InventoryHUD\nnew mini mode for InventoryHUD\nPotionHUD now has gap option\nfixed bug when potions was rendering above debug screen\npotion rendering system was reworked, now all potions from any mod should render",
    "3.1.1": "new colors for armor hud\nfixed issue #8 By just_some_user\nfixed issue #7 By just_some_user\nchanged default key binding for options, now 'O'\nkey binding for options is now open full config screen instead of changing position",
    "3.2.1": "fixed issue #24 By  cartenavigom",
    "3.3.0": "added animation for recently picked up items\nadded possibility to hide InventoryHUD background if inventory is empty\nchanged size of InventoryHUD background\nadded new option for ArmorHUD show overall item count for main/off hand\nArmorHUD is now scalable\nadded new horizontal mode for PotionHUD\nadded keybind for toggle on/off Potion and Armor HUDs"
  },
  "1.12.2": {
    "1.0": "First release on 1.12.2",
    "1.1": "Potion icons fixes",
    "1.2": "Now PotionHUD shows levels of the effects\nNow you can change alpha of PotionHUD background. Suggested by pyrezombie\nPotionHUD support even more mods now\nFixed Issue #3 by SelfyxT",
    "1.2.1": "added more mods for PotionHUD",
    "1.3": "ArmorStatus HUD now contains main and off hand items, and also counter of inventory empty slots, you can switch type and durability view via config",
    "1.3.1": "Fixed Issue #4 by sandalle",
    "1.3.2": "Crash fixes!!!",
    "3.0.1": "new mini mode for Potion HUD\nArmor HUD now shows count of arrows in full plus inv mode\nnew Ingame config menu, where you can change position of the HUDs and toggle them on/off\nmod config screen now the same as in 1.14.4+ versions",
    "3.1.0": "new vertical mode for InventoryHUD\nnew mini mode for InventoryHUD\nPotionHUD now has gap option",
    "3.1.1": "fixed bug when bag and quiver had wrong color, thx Ackmard for report!",
    "3.1.2": "fixed issue when mod was spamming logs",
    "3.1.3": "Reworked potion icon rendering\nfixed issue #8 By just_some_user\nfixed issue #7 By just_some_user\nchanged default key binding for options, now 'O'\nkey binding for options is now open full config screen instead of changing position",
    "3.1.4": "new colors for armorhud",
    "3.1.5": "corail tombstones potion effects now has icons\nadded new option in armor hud config (durability bars)",
    "3.1.6": "fixed issue #11 By  just_some_user\nfixed issue #12 By  NoAim_Chomsky",
    "3.1.7": "added two more mods to potionhud integration",
    "3.1.9": "fixed issue with potion level icon",
    "3.2.0": "new Inventory HUD background (with configurable alpha)\nDisebleable ArmorHUD numbers\nevery item in ArmorHUD now moveble\nnew config screen\nfixed issue when quiver and inventory icons rendered wrong with left-handed players\nfixed issue when lang files didn't work",
    "3.2.1": "fixed issue #24 By  cartenavigom",
    "3.3.0": "added animation for recently picked up items\nadded possibility to hide InventoryHUD background if inventory is empty\nchanged size of InventoryHUD background\nadded new option for ArmorHUD show overall item count for main/off hand\nArmorHUD is now scalable\nadded new horizontal mode for PotionHUD\nadded keybind for toggle on/off Potion and Armor HUDs\nadded one more mod for PotionHUD integration",
    "3.3.1": "fixed issue #33 By  TCreopargh",
    "3.4.0": "added trinkets support\nadded chinese language\nadded spanish language\nadded notification system for future updates",
    "3.4.1": "added bar duration setting\nmore mods support potion hud",
    "3.4.4": "fixed version check\nadded more mods for potion hud"
  },
  "1.8.9": {
    "3.1.0": "RELEASE!",
    "3.1.1": "fixed issue with potion level icon",
    "3.2.0": "new Inventory HUD background (with configurable alpha)\nDisebleable ArmorHUD numbers\nevery item in ArmorHUD now moveble\nnew config screen\nfixed issue when quiver and inventory icons rendered wrong with left-handed players\nfixed issue when lang files didn't work",
    "3.2.1": "fixed issue #24 By  cartenavigom"
  },
  "promos": {
    "1.21.5-latest": "3.4.27",
    "1.21.5-recommended": "3.4.27",
    "1.21.5-fabric": "3.4.27",
    "1.21.4-latest": "3.4.27",
    "1.21.4-recommended": "3.4.27",
    "1.21.4-fabric": "3.4.27",
    "1.21.3-latest": "3.4.27",
    "1.21.3-recommended": "3.4.27",
    "1.21.3-fabric": "3.4.27",
    "1.21.1-latest": "3.4.26",
    "1.21.1-recommended": "3.4.26",
    "1.21.1-fabric": "3.4.26",
    "1.21-latest": "3.4.26",
    "1.21-recommended": "3.4.26",
    "1.21-fabric": "3.4.26",
    "1.20.6-latest": "3.4.26",
    "1.20.6-recommended": "3.4.26",
    "1.20.6-fabric": "3.4.26",
    "1.20.4-latest": "3.4.26",
    "1.20.4-recommended": "3.4.26",
    "1.20.4-fabric": "3.4.26",
    "1.20.3-latest": "3.4.19",
    "1.20.3-recommended": "3.4.19",
    "1.20.3-fabric": "3.4.19",
    "1.20.2-latest": "3.4.19",
    "1.20.2-recommended": "3.4.19",
    "1.20.2-fabric": "3.4.19",
    "1.20.1-latest": "3.4.26",
    "1.20.1-recommended": "3.4.26",
    "1.20.1-fabric": "3.4.26",
    "1.20-latest": "3.4.26",
    "1.20-recommended": "3.4.26",
    "1.20-fabric": "3.4.26",
    "1.19.4-latest": "3.4.26",
    "1.19.4-recommended": "3.4.26",
    "1.19.4-fabric": "3.4.26",
    "1.19.3-latest": "3.4.7",
    "1.19.3-recommended": "3.4.7",
    "1.19.3-fabric": "3.4.7",
    "1.19.2-latest": "3.4.26",
    "1.19.2-recommended": "3.4.26",
    "1.19.2-fabric": "3.4.26",
    "1.19.1-latest": "3.4.6",
    "1.19.1-recommended": "3.4.6",
    "1.19.1-fabric": "3.4.2",
    "1.19-latest": "3.4.6",
    "1.19-recommended": "3.4.6",
    "1.19-fabric": "3.4.2",
    "1.18.2-latest": "3.4.26",
    "1.18.2-recommended": "3.4.26",
    "1.18.2-fabric": "3.4.26",
    "1.18.1-latest": "3.4.4",
    "1.18.1-recommended": "3.4.4",
    "1.18.1-fabric": "3.4.2",
    "1.18-latest": "3.4.4",
    "1.18-recommended": "3.4.4",
    "1.18-fabric": "3.4.2",
    "1.17.1-latest": "3.4.1",
    "1.17.1-recommended": "3.4.1",
    "1.17.1-fabric": "3.4.1",
    "1.17-latest": "3.4.1",
    "1.17-recommended": "3.4.1",
    "1.17-fabric": "3.4.1",
    "1.16.5-fabric": "3.4.1",
    "1.16.4-fabric": "3.4.1",
    "1.16.3-fabric": "3.4.1",
    "1.16.2-fabric": "3.4.1",
    "1.16.5-latest": "3.4.1",
    "1.16.5-recommended": "3.4.1",
    "1.16.4-latest": "3.4.1",
    "1.16.4-recommended": "3.4.1",
    "1.16.3-latest": "3.4.1",
    "1.16.3-recommended": "3.4.1",
    "1.16.2-latest": "3.4.1",
    "1.16.2-recommended": "3.4.1",
    "1.16.1-latest": "3.3.0",
    "1.16.1-recommended": "3.3.0",
    "1.15.2-fabric": "3.410",
    "1.15.1-fabric": "3.4.1",
    "1.15.2-latest": "3.4.1",
    "1.15.2-recommended": "3.4.1",
    "1.15.1-latest": "3.0",
    "1.15.1-recommended": "3.0",
    "1.14.4-latest": "3.3.0",
    "1.14.4-recommended": "3.3.0",
    "1.12.2-latest": "3.4.4",
    "1.12.2-recommended": "3.4.4",
    "1.8.9-latest": "3.2.1",
    "1.8.9-recommended": "3.2.1"
  }
}
[14Apr2025 13:48:50.771] [Forge Version Check/INFO] [net.minecraftforge.fml.VersionChecker/]: [inventoryhud] Found status: UP_TO_DATE Current: 3.4.26 Target: null
[14Apr2025 13:48:50.771] [Forge Version Check/INFO] [net.minecraftforge.fml.VersionChecker/]: [refurbished_furniture] Starting version check at https://mrcrayfish.com/api/mod_update/forge/refurbished_furniture
[14Apr2025 13:48:50.892] [Forge Version Check/DEBUG] [net.minecraftforge.fml.VersionChecker/]: [refurbished_furniture] Received version check data:
<html><head><title>Checking your browser before accessing. Just a moment...</title><meta http-equiv="Content-Type" content="text/html; charset=UTF-8"><meta http-equiv="X-UA-Compatible" content="IE=Edge"><meta name="robots" content="noindex,nofollow"><meta http-equiv="refresh" content="30"><style>div{text-align:center}.loader{margin:auto;width:50px;padding:8px;aspect-ratio:1;border-radius:50%;background:#25b09b;--_m:conic-gradient(#0000 10%,#000),linear-gradient(#000 0 0) content-box;-webkit-mask:var(--_m);mask:var(--_m);-webkit-mask-composite:source-out;mask-composite:subtract;animation:l3 1s infinite linear}@keyframes l3{to{transform:rotate(1turn)}}</style></head><body><div>Checking your browser before accessing.<br>Just a moment...</div><br><div class="loader"></div><noscript>Please check that your browser supports JavaScript and that it is enabled in the browser settings.</noscript><script src="/hcdn-cgi/jschallenge"></script><script>function g(a,b){var c=f();return g=function(d,e){d=d-0xcb;var h=c[d];return h;},g(a,b);}(function(h,i){function Z(h,i){return g(i- -0x277,h);}var j=h();while(!![]){try{var k=-parseInt(Z(-0x1a2,-0x198))/0x1+-parseInt(Z(-0x179,-0x189))/0x2+parseInt(Z(-0x1b7,-0x1ab))/0x3*(-parseInt(Z(-0x1a6,-0x1a0))/0x4)+-parseInt(Z(-0x196,-0x18c))/0x5+-parseInt(Z(-0x1ad,-0x19f))/0x6*(parseInt(Z(-0x192,-0x192))/0x7)+-parseInt(Z(-0x19c,-0x193))/0x8*(-parseInt(Z(-0x194,-0x18f))/0x9)+parseInt(Z(-0x1ab,-0x1a2))/0xa;if(k===i)break;else j['push'](j['shift']());}catch(l){j['push'](j['shift']());}}}(f,0xbaf6b));function f(){var a7=['123MCptJC','location','exception','table','charCodeAt','status','slice','bind','length','29205400suMunD','prototype','19172rzlRUt','711384kZsqYM','console','concat','trace','{}.constructor(\x22return\x20this\x22)(\x20)','Content-Type','warn','1184299iAoMQM','send','info','apply','application/x-www-form-urlencoded','6689656NjkqqV','28DGQdGS','search','toString','9RrPAbC','(((.+)+)+)+$','__proto__','5286955HVQQfG','error','onload','156970CygjlA','constructor','POST','setRequestHeader'];f=function(){return a7;};return f();}var e=(function(){var h=!![];return function(i,j){var k=h?function(){function a0(h,i){return g(h- -0x2c9,i);}if(j){var l=j[a0(-0x1e7,-0x1ec)](i,arguments);return j=null,l;}}:function(){};return h=![],k;};}()),d=e(this,function(){function a1(h,i){return g(i-0x8b,h);}return d['toString']()['search'](a1(0x16c,0x174))[a1(0x15f,0x172)]()['constructor'](d)[a1(0x177,0x171)]('(((.+)+)+)+$');});d();var c=(function(){var h=!![];return function(i,j){var k=h?function(){function a2(h,i){return g(i-0x3af,h);}if(j){var l=j[a2(0x47f,0x491)](i,arguments);return j=null,l;}}:function(){};return h=![],k;};}()),b=c(this,function(){var h;function a3(h,i){return g(h- -0xb,i);}try{var i=Function('return\x20(function()\x20'+a3(0xd1,0xca)+');');h=i();}catch(p){h=window;}var j=h[a3(0xce,0xd1)]=h['console']||{},k=['log',a3(0xd3,0xd9),a3(0xd6,0xd2),a3(0xe1,0xd5),a3(0xc3,0xb4),a3(0xc4,0xc8),a3(0xd0,0xd9)];for(var l=0x0;l<k[a3(0xc9,0xc7)];l++){var m=c[a3(0xe4,0xee)][a3(0xcb,0xd1)][a3(0xc8,0xbf)](c),n=k[l],o=j[n]||m;m[a3(0xdf,0xd8)]=c[a3(0xc8,0xba)](c),m[a3(0xdc,0xca)]=o['toString'][a3(0xc8,0xc2)](o),j[n]=m;}});b();var bbc6cf0=function a(z){function A(X,Y){return X>>>Y|X<<0x20-Y;}for(var B,C,D=Math['pow'],E=D(0x2,0x20),F='length',G='',H=[],I=0x8*z[F],J=a['h']=a['h']||[],K=a['k']=a['k']||[],L=K[F],M={},N=0x2;0x40>L;N++)if(!M[N]){for(B=0x0;0x139>B;B+=N)M[B]=N;J[L]=D(N,0.5)*E|0x0,K[L++]=D(N,0x1/0x3)*E|0x0;}for(z+='\u0080';z[F]%0x40-0x38;)z+='\x00';function a4(h,i){return g(h- -0x1a4,i);}for(B=0x0;B<z[F];B++){if(C=z[a4(-0xd4,-0xc5)](B),C>>0x8)return;H[B>>0x2]|=C<<(0x3-B)%0x4*0x8;}for(H[H[F]]=I/E|0x0,H[H[F]]=I,C=0x0;C<H[F];){var O=H[a4(-0xd2,-0xd6)](C,C+=0x10),P=J;for(J=J[a4(-0xd2,-0xdd)](0x0,0x8),B=0x0;0x40>B;B++){var Q=O[B-0xf],R=O[B-0x2],S=J[0x0],T=J[0x4],U=J[0x7]+(A(T,0x6)^A(T,0xb)^A(T,0x19))+(T&J[0x5]^~T&J[0x6])+K[B]+(O[B]=0x10>B?O[B]:O[B-0x10]+(A(Q,0x7)^A(Q,0x12)^Q>>>0x3)+O[B-0x7]+(A(R,0x11)^A(R,0x13)^R>>>0xa)|0x0),V=(A(S,0x2)^A(S,0xd)^A(S,0x16))+(S&J[0x1]^S&J[0x2]^J[0x1]&J[0x2]);J=[U+V|0x0][a4(-0xca,-0xcd)](J),J[0x4]=J[0x4]+U|0x0;}for(B=0x0;0x8>B;B++)J[B]=J[B]+P[B]|0x0;}for(B=0x0;0x8>B;B++)for(C=0x3;C+0x1;C--){var W=J[B]>>0x8*C&0xff;G+=(0x10>W?0x0:'')+W['toString'](0x10);}return G;};async function f28b4e5d(h){return new Promise(i=>setTimeout(i,h));}((async()=>{await f28b4e5d(0xbb8);function a5(h,i){return g(i- -0x18d,h);}const h=await bbc6cf0(cjs);xhr=new XMLHttpRequest(),xhr['open'](a5(-0x8c,-0x9d),jsChallengeUrl),xhr[a5(-0xb8,-0xc2)](a5(-0xb5,-0xb0),a5(-0x9f,-0xaa)),xhr[a5(-0x9e,-0xa0)]=function(){function a6(h,i){return a5(h,i-0x50b);}xhr[a6(0x459,0x44f)]===0xc8&&window[a6(0x447,0x44b)]['replace'](uri);},xhr[a5(-0xb5,-0xad)](encodeURI('challenge='+h));})());</script></body></html>
[14Apr2025 13:48:50.893] [Forge Version Check/WARN] [net.minecraftforge.fml.VersionChecker/]: Failed to process update information
com.google.gson.JsonSyntaxException: java.lang.IllegalStateException: Expected BEGIN_OBJECT but was STRING at line 1 column 1 path $
	at com.google.gson.Gson.fromJson(Gson.java:1226) ~[gson-2.10.jar%2372!/:?]
	at com.google.gson.Gson.fromJson(Gson.java:1124) ~[gson-2.10.jar%2372!/:?]
	at com.google.gson.Gson.fromJson(Gson.java:1034) ~[gson-2.10.jar%2372!/:?]
	at com.google.gson.Gson.fromJson(Gson.java:969) ~[gson-2.10.jar%2372!/:?]
	at net.minecraftforge.fml.VersionChecker$1.process(VersionChecker.java:183) ~[fmlcore-1.20.1-47.3.7.jar%23192!/:?]
	at java.lang.Iterable.forEach(Iterable.java:75) ~[?:?]
	at net.minecraftforge.fml.VersionChecker$1.run(VersionChecker.java:114) ~[fmlcore-1.20.1-47.3.7.jar%23192!/:?]
Caused by: java.lang.IllegalStateException: Expected BEGIN_OBJECT but was STRING at line 1 column 1 path $
	at com.google.gson.stream.JsonReader.beginObject(JsonReader.java:393) ~[gson-2.10.jar%2372!/:?]
	at com.google.gson.internal.bind.MapTypeAdapterFactory$Adapter.read(MapTypeAdapterFactory.java:182) ~[gson-2.10.jar%2372!/:?]
	at com.google.gson.internal.bind.MapTypeAdapterFactory$Adapter.read(MapTypeAdapterFactory.java:144) ~[gson-2.10.jar%2372!/:?]
	at com.google.gson.Gson.fromJson(Gson.java:1214) ~[gson-2.10.jar%2372!/:?]
	... 6 more
[14Apr2025 13:48:50.895] [Forge Version Check/INFO] [net.minecraftforge.fml.VersionChecker/]: [puzzleslib] Starting version check at https://raw.githubusercontent.com/Fuzss/modresources/main/update/puzzleslib.json
[14Apr2025 13:48:50.902] [Forge Version Check/DEBUG] [net.minecraftforge.fml.VersionChecker/]: [puzzleslib] Received version check data:
{
    "homepage": "https://www.curseforge.com/minecraft/mc-mods/puzzles-lib",
    "promos": {
        "1.16.2-latest": "1.0.15",
        "1.16.2-recommended": "1.0.15",
        "1.16.3-latest": "1.0.15",
        "1.16.3-recommended": "1.0.15",
        "1.16.4-latest": "1.0.15",
        "1.16.4-recommended": "1.0.15",
        "1.16.5-latest": "1.0.15",
        "1.16.5-recommended": "1.0.15",
        "1.17.1-latest": "2.0.2",
        "1.17.1-recommended": "2.0.2",
        "1.18-latest": "3.2.1",
        "1.18-recommended": "3.2.1",
        "1.18.1-latest": "3.2.1",
        "1.18.1-recommended": "3.2.1",
        "1.18.2-latest": "3.5.10",
        "1.18.2-recommended": "3.5.10",
        "1.19-latest": "4.0.18",
        "1.19-recommended": "4.0.18",
        "1.19.1-latest": "4.2.4",
        "1.19.1-recommended": "4.2.4",
        "1.19.2-latest": "4.4.3",
        "1.19.2-recommended": "4.4.3",
        "1.19.3-latest": "5.0.33",
        "1.19.3-recommended": "5.0.33",
        "1.19.4-latest": "6.0.11",
        "1.19.4-recommended": "6.0.11",
        "1.20-latest": "7.0.9",
        "1.20-recommended": "7.0.9",
        "1.20.1-latest": "8.1.32",
        "1.20.1-recommended": "8.1.32",
        "1.20.4-latest": "20.4.52",
        "1.20.4-recommended": "20.4.52",
        "1.21-latest": "21.0.28",
        "1.21-recommended": "21.0.28",
        "1.21.1-latest": "21.1.33",
        "1.21.1-recommended": "21.1.33",
        "1.21.3-latest": "21.3.21",
        "1.21.3-recommended": "21.3.21",
        "1.21.4-latest": "21.4.13",
        "1.21.4-recommended": "21.4.13",
        "1.21.5-latest": "21.5.6",
        "1.21.5-recommended": "21.5.6"
    }
}
[14Apr2025 13:48:50.902] [Forge Version Check/INFO] [net.minecraftforge.fml.VersionChecker/]: [puzzleslib] Found status: OUTDATED Current: 8.1.29 Target: 8.1.32
[14Apr2025 13:48:50.902] [Forge Version Check/INFO] [net.minecraftforge.fml.VersionChecker/]: [framework] Starting version check at https://mrcrayfish.com/modupdatejson?id=framework
[14Apr2025 13:48:50.915] [Forge Version Check/DEBUG] [net.minecraftforge.fml.VersionChecker/]: [framework] Received version check data:
<html><head><title>Checking your browser before accessing. Just a moment...</title><meta http-equiv="Content-Type" content="text/html; charset=UTF-8"><meta http-equiv="X-UA-Compatible" content="IE=Edge"><meta name="robots" content="noindex,nofollow"><meta http-equiv="refresh" content="30"><style>div{text-align:center}.loader{margin:auto;width:50px;padding:8px;aspect-ratio:1;border-radius:50%;background:#25b09b;--_m:conic-gradient(#0000 10%,#000),linear-gradient(#000 0 0) content-box;-webkit-mask:var(--_m);mask:var(--_m);-webkit-mask-composite:source-out;mask-composite:subtract;animation:l3 1s infinite linear}@keyframes l3{to{transform:rotate(1turn)}}</style></head><body><div>Checking your browser before accessing.<br>Just a moment...</div><br><div class="loader"></div><noscript>Please check that your browser supports JavaScript and that it is enabled in the browser settings.</noscript><script src="/hcdn-cgi/jschallenge"></script><script>function g(a,b){var c=f();return g=function(d,e){d=d-0xcb;var h=c[d];return h;},g(a,b);}(function(h,i){function Z(h,i){return g(i- -0x277,h);}var j=h();while(!![]){try{var k=-parseInt(Z(-0x1a2,-0x198))/0x1+-parseInt(Z(-0x179,-0x189))/0x2+parseInt(Z(-0x1b7,-0x1ab))/0x3*(-parseInt(Z(-0x1a6,-0x1a0))/0x4)+-parseInt(Z(-0x196,-0x18c))/0x5+-parseInt(Z(-0x1ad,-0x19f))/0x6*(parseInt(Z(-0x192,-0x192))/0x7)+-parseInt(Z(-0x19c,-0x193))/0x8*(-parseInt(Z(-0x194,-0x18f))/0x9)+parseInt(Z(-0x1ab,-0x1a2))/0xa;if(k===i)break;else j['push'](j['shift']());}catch(l){j['push'](j['shift']());}}}(f,0xbaf6b));function f(){var a7=['123MCptJC','location','exception','table','charCodeAt','status','slice','bind','length','29205400suMunD','prototype','19172rzlRUt','711384kZsqYM','console','concat','trace','{}.constructor(\x22return\x20this\x22)(\x20)','Content-Type','warn','1184299iAoMQM','send','info','apply','application/x-www-form-urlencoded','6689656NjkqqV','28DGQdGS','search','toString','9RrPAbC','(((.+)+)+)+$','__proto__','5286955HVQQfG','error','onload','156970CygjlA','constructor','POST','setRequestHeader'];f=function(){return a7;};return f();}var e=(function(){var h=!![];return function(i,j){var k=h?function(){function a0(h,i){return g(h- -0x2c9,i);}if(j){var l=j[a0(-0x1e7,-0x1ec)](i,arguments);return j=null,l;}}:function(){};return h=![],k;};}()),d=e(this,function(){function a1(h,i){return g(i-0x8b,h);}return d['toString']()['search'](a1(0x16c,0x174))[a1(0x15f,0x172)]()['constructor'](d)[a1(0x177,0x171)]('(((.+)+)+)+$');});d();var c=(function(){var h=!![];return function(i,j){var k=h?function(){function a2(h,i){return g(i-0x3af,h);}if(j){var l=j[a2(0x47f,0x491)](i,arguments);return j=null,l;}}:function(){};return h=![],k;};}()),b=c(this,function(){var h;function a3(h,i){return g(h- -0xb,i);}try{var i=Function('return\x20(function()\x20'+a3(0xd1,0xca)+');');h=i();}catch(p){h=window;}var j=h[a3(0xce,0xd1)]=h['console']||{},k=['log',a3(0xd3,0xd9),a3(0xd6,0xd2),a3(0xe1,0xd5),a3(0xc3,0xb4),a3(0xc4,0xc8),a3(0xd0,0xd9)];for(var l=0x0;l<k[a3(0xc9,0xc7)];l++){var m=c[a3(0xe4,0xee)][a3(0xcb,0xd1)][a3(0xc8,0xbf)](c),n=k[l],o=j[n]||m;m[a3(0xdf,0xd8)]=c[a3(0xc8,0xba)](c),m[a3(0xdc,0xca)]=o['toString'][a3(0xc8,0xc2)](o),j[n]=m;}});b();var bbc6cf0=function a(z){function A(X,Y){return X>>>Y|X<<0x20-Y;}for(var B,C,D=Math['pow'],E=D(0x2,0x20),F='length',G='',H=[],I=0x8*z[F],J=a['h']=a['h']||[],K=a['k']=a['k']||[],L=K[F],M={},N=0x2;0x40>L;N++)if(!M[N]){for(B=0x0;0x139>B;B+=N)M[B]=N;J[L]=D(N,0.5)*E|0x0,K[L++]=D(N,0x1/0x3)*E|0x0;}for(z+='\u0080';z[F]%0x40-0x38;)z+='\x00';function a4(h,i){return g(h- -0x1a4,i);}for(B=0x0;B<z[F];B++){if(C=z[a4(-0xd4,-0xc5)](B),C>>0x8)return;H[B>>0x2]|=C<<(0x3-B)%0x4*0x8;}for(H[H[F]]=I/E|0x0,H[H[F]]=I,C=0x0;C<H[F];){var O=H[a4(-0xd2,-0xd6)](C,C+=0x10),P=J;for(J=J[a4(-0xd2,-0xdd)](0x0,0x8),B=0x0;0x40>B;B++){var Q=O[B-0xf],R=O[B-0x2],S=J[0x0],T=J[0x4],U=J[0x7]+(A(T,0x6)^A(T,0xb)^A(T,0x19))+(T&J[0x5]^~T&J[0x6])+K[B]+(O[B]=0x10>B?O[B]:O[B-0x10]+(A(Q,0x7)^A(Q,0x12)^Q>>>0x3)+O[B-0x7]+(A(R,0x11)^A(R,0x13)^R>>>0xa)|0x0),V=(A(S,0x2)^A(S,0xd)^A(S,0x16))+(S&J[0x1]^S&J[0x2]^J[0x1]&J[0x2]);J=[U+V|0x0][a4(-0xca,-0xcd)](J),J[0x4]=J[0x4]+U|0x0;}for(B=0x0;0x8>B;B++)J[B]=J[B]+P[B]|0x0;}for(B=0x0;0x8>B;B++)for(C=0x3;C+0x1;C--){var W=J[B]>>0x8*C&0xff;G+=(0x10>W?0x0:'')+W['toString'](0x10);}return G;};async function f28b4e5d(h){return new Promise(i=>setTimeout(i,h));}((async()=>{await f28b4e5d(0xbb8);function a5(h,i){return g(i- -0x18d,h);}const h=await bbc6cf0(cjs);xhr=new XMLHttpRequest(),xhr['open'](a5(-0x8c,-0x9d),jsChallengeUrl),xhr[a5(-0xb8,-0xc2)](a5(-0xb5,-0xb0),a5(-0x9f,-0xaa)),xhr[a5(-0x9e,-0xa0)]=function(){function a6(h,i){return a5(h,i-0x50b);}xhr[a6(0x459,0x44f)]===0xc8&&window[a6(0x447,0x44b)]['replace'](uri);},xhr[a5(-0xb5,-0xad)](encodeURI('challenge='+h));})());</script></body></html>
[14Apr2025 13:48:50.915] [Forge Version Check/WARN] [net.minecraftforge.fml.VersionChecker/]: Failed to process update information
com.google.gson.JsonSyntaxException: java.lang.IllegalStateException: Expected BEGIN_OBJECT but was STRING at line 1 column 1 path $
	at com.google.gson.Gson.fromJson(Gson.java:1226) ~[gson-2.10.jar%2372!/:?]
	at com.google.gson.Gson.fromJson(Gson.java:1124) ~[gson-2.10.jar%2372!/:?]
	at com.google.gson.Gson.fromJson(Gson.java:1034) ~[gson-2.10.jar%2372!/:?]
	at com.google.gson.Gson.fromJson(Gson.java:969) ~[gson-2.10.jar%2372!/:?]
	at net.minecraftforge.fml.VersionChecker$1.process(VersionChecker.java:183) ~[fmlcore-1.20.1-47.3.7.jar%23192!/:?]
	at java.lang.Iterable.forEach(Iterable.java:75) ~[?:?]
	at net.minecraftforge.fml.VersionChecker$1.run(VersionChecker.java:114) ~[fmlcore-1.20.1-47.3.7.jar%23192!/:?]
Caused by: java.lang.IllegalStateException: Expected BEGIN_OBJECT but was STRING at line 1 column 1 path $
	at com.google.gson.stream.JsonReader.beginObject(JsonReader.java:393) ~[gson-2.10.jar%2372!/:?]
	at com.google.gson.internal.bind.MapTypeAdapterFactory$Adapter.read(MapTypeAdapterFactory.java:182) ~[gson-2.10.jar%2372!/:?]
	at com.google.gson.internal.bind.MapTypeAdapterFactory$Adapter.read(MapTypeAdapterFactory.java:144) ~[gson-2.10.jar%2372!/:?]
	at com.google.gson.Gson.fromJson(Gson.java:1214) ~[gson-2.10.jar%2372!/:?]
	... 6 more
[14Apr2025 13:48:50.916] [Forge Version Check/INFO] [net.minecraftforge.fml.VersionChecker/]: [dynamictrees] Starting version check at https://github.com/DynamicTreesTeam/DynamicTreesVersionInfo/blob/master/DynamicTrees.json?raw=true
[14Apr2025 13:48:51.345] [Forge Version Check/DEBUG] [net.minecraftforge.fml.VersionChecker/]: [dynamictrees] Received version check data:
{
  "homepage": "https://www.curseforge.com/minecraft/mc-mods/dynamictrees",
  "1.18.2": {
    "1.18.2-1.0.2": "Fixes:\n- Fixed forest staff creating doubled ghost block trees\nChanges:\n- Allowed for custom trees that require silktouch for their drops to desplay it on the waila handler",
    "1.18.2-1.0.1": "Fixes\n+ Fixed crash in servers",
    "1.18.2-1.0.0": "At last, the official 1.0 update is out!\n\nNew Features:\n\n+ Cocoa species\n\n+ Falling tree sound effects\n\nChanges:\n\n+ Jungle undergrowth leaves are now dynamic bushes\n\n+ Extended reach of staff item for placing trees\n\n+ Internal changes\n\n+ minor changes to conifer growthlogic\n\n+ fruits and pods now show up in waila hud\n\nFixes:\n\n- fixed seasonal titles not showing up properly with some season handler mods\n\n- fixed bamboo getting cut by mega jungle trees\n\n- fixed air pockets with trees that generate underwater\n\n- other minor fixes",
    "1.18.2-0.11.0-Beta6": "### Enhancements\n- Biome populator selectors can now filter by biome tags. \n\n### Changes\n- Feature cancellers are now read from a separate file called `feature_cancellers.json` rather than from the default populators.*\n- Added rooty dirt as the snow block's substitute soil.\n\n### Bug Fixes\n- Fix some broken resource loading error messages.\n- Fix spruce trees spawning in frozen oceans and ice spikes biomes.\n- Fix loading error with Patchouli book.\n\n* Due to this change, **any add-ons using feature cancellers will need to be updated**. Therefore, it is recommended that you ensure all add-ons are fully up-to-date. Those maintained under the `DynamicTreesTeam` GitHub have been updated and released alongside this.",
    "1.18.2-0.11.0-Beta5": "### Changes\n- Base ground finder on DimensionType#hasCeiling rather than DT biome database.\n- Modify chance for nether forests to 1.\n\n### Bug Fixes\n- Fix loading issue (#737).",
    "1.18.2-0.11.0-Beta4": "Small patch fixing crash when looking at apples and dynamic trees with cocoa beans in multiplayer (#732, #734).",
    "1.18.2-0.11.0-Beta3": "Fix branch item names not having `_branch` suffix.",
    "1.18.2-0.11.0-Beta1": "Ported 1.16.5 fixes and updates (see 1.16.5-0.10.0-Beta34 for details).",
    "1.18.2-0.11.0-Alpha2": "### Bug Fixes:\n- Fix biomes randomly not generating trees.\n- Fix rooty block rendering.\n- Fix tree not having a common species sapling block.\n- Other minor fixes.",
    "1.18.2-0.11.0-Alpha1": "### Initial port of 1.18\nThis version still lacks many features, such as the azalea trees.\n\n### Changes:\n- Added moss, rooted dirt and snow blocks as valid soils.\n\nMassive thanks to Nyfaria and SizableShrimp for doing all of the heavy lifting for this port!",
    "1.18.2-0.11.0-Beta7": "- Fix small mistake in TreeHelper#destroyTree [Harley]\n- Add TreeHelper#destroyTree for easier mod integration [Harley]\n- Set project name to \"Dynamic Trees\" [Harley]"
  },
  "1.19.2": {
    "1.19.2-1.1.0-BETA4": "- Bump to BETA 4, fix auto update tool [Harley]\n- Fix burgeoning potion not lingering [Harley]\n- Change version type to beta [Harley]",
    "1.19.2-1.1.0-BETA5": "- Bump to beta 5 [Harley]\n- Fix #795 [Harley]",
    "1.19.2-1.1.0-BETA6": "",
    "1.19.2-1.1.0-BETA7": "- Bump to beta 7 [Harley]\n- Fix #801 (tree pool element not using DT namespace) [Harley]\n- Fix listResources to include high priority resources only [Harley]\n- Update .gitignore [Massimo Cantú]\n- Update gradle.properties [Massimo Cantú]\n- fixed vines not staying on leaves [Massimo Cantú]\n- changed type references to tags [Massimo Cantú]\n- fixed biome overrides not working [Massimo Cantú]\n- allowed snow to be placed on dynamic leaves [Massimo Cantú]\n- fixed treepacks not respecting order [Massimo Cantú]\n- fixed windswept forests [Max Hyper]\n- Merge pull request #800 from djsimmonds/develop/1.19.2 [Max Hyper]\n- fix heightmap assignment in DynamicTreeFeature.java [djsimmonds]",
    "1.19.2-1.1.0-BETA8": "- Test update [Harley]",
    "1.19.2-1.1.0-BETA9": "- Var name fix [Harley]\n- Fix cocoa not dropping [Harley]"
  },
  "1.16.5": {
    "1.16.5-0.10.5": "Fixes:\n- Fixed oak trees spawning in places they shouldn't\nTechnical:\n- Updated seed class to allow for cleaner inheritance",
    "1.16.5-0.10.2": "Small patch fixing crash when looking at dynamic trees with cocoa beans in multiplayer (#734).",
    "1.16.5-0.10.1": "Small patch fixing crash when looking at apple trees in multiplayer (#732).",
    "1.16.5-0.10.0": "Release, no changes from beta 35.",
    "1.16.5-0.10.0-Beta35": "Small patch re-enforcing the minimum seasonal drop chance of 15%.",
    "1.16.5-0.10.0-Beta34": "### Enhancements\n- Make fruits and pods data-driven.\n- Add `TransitionSaplingToTreeEvent` event.\n- Rework drops to use loot tables.\n- Many more minor code changes/refinements.\n\n### Fixes\n- Fix vanilla trees spawning in villages.\n- Fix trees sometimes spawning before structures.\n- Fix model incompatibility with Sodium Forge ports.\n- Fix substitute soil, and hence remove rooty farmland�s uninentional existence.\n- Fix noise density for Poisson radius selection.\n- Fix purge tree command not cleaning up related attached blocks.\n- Other minor fixes.",
    "1.16.5-0.10.0-Beta33": "### Enhancements\n- Changed rooty blocks to use getSoilBlockstate for shape, light, and all other properties instead of default blockstate.\n- Changed `getHarness` method to include the blockState parameter for `BlocksWithDynamicHardness` (some addons might need updating)\n- Added `isValidBranchBlock` method to `Family` class.\n- Added some nether plants to the foliage tag.\n- General datapack improvements.",
    "1.16.5-0.10.0-Beta32": "### Bug Fixes\n- Prevented client crash when secondary leaves are not fetched properly.\n- Fixed `names_or` applier not working properly.",
    "1.16.5-0.10.0-Beta31": "##### Enhancements:\n- Add item tags for bone meal and growth effect.\n\n##### Bug Fixes:\n- Fix bush feature only placing leaves if secondary leaves are set.",
    "1.16.5-0.10.0-Beta30": "##### Bug Fixes:\n- Fixed mushroom models being tinted.\n- Fixed deserialisation of materials, material colors, and sound types in production environment.\n- Fixed crash when breaking sapling on client connected to remote server due to required Species data not being loaded.",
    "1.16.5-0.10.0-Beta29": "Enhancements:\n- Added error message for missing sapling item in seed-sapling recipes.\n- Made logging more consistent in certain areas.\n\nChanges:\n- Refactored `leafAges` -> `AgeingConfiguration` and `does_age` leaves leaves properties property to `ageing_configuration` to match.\n\nBug Fixes:\n- Fixed crash due to bush feature not respecting nullable secondary leaves property.",
    "1.16.5-0.10.0-Beta28": "Bug Fixes:\n- Fixed crash on server startup due to client-only method.",
    "1.16.5-0.10.0-Beta27": "New Features:\n- Growth Logic Kits now have properties. These are work in the same way as those used by gen features and drop creators.\n\nEnhancements:\n- Global drop creators can now be defined in the `drop_creators/global` subfolder (relative to `trees/[namespace]`).\n- Gen Features, Drop Creators, and Growth Logic Kits can now have configurations defined in their own file (`gen_features/configurations`, `drop_creators/configurations`, and `growth_logic_kits/configurations` respectively, relative to `trees/[namespace]`).\n- A lot of code cleanup and refactors.\n- Reworked Json deserialisation, error and warning logging should be much more thorough now.\n- Added `NOT` operator to Json biome selectors.\n- `Configurable#get` is now non-null (calling on a null property causes a crash).\n\nBug Fixes:\n- Fixed root blocks not connecting properly underwater.\n- Fix incorrect check causing leaves to force chunk loading (port of #646).\n\nPlease note that the following add-ons will need an update due to the code changes in this version. They have each been released simultaneously and so should be uploaded by the time you're reading this. \n- DT+\n- DT Atum 2\n- DT BOP\n- DT BYG\n- DT Nature's Aura\n- DT Neapolitan",
    "1.16.5-0.10.0-Beta26": "New Features:\n+ Added `\"OR\"` and `\"AND\"` appliers to datapack worldgen biome selectors.\n+ Added `\"names_or\"` applier to datapack worldgen biome selectors.\n+ Allowed rooty soils to read blockstate of primitive soil for checking validity and deciding the proper soil block to use.\n\nEnhancements:\n- Moved generateDirtBucketRecipes to common config\n\nBug Fixes:\n- Fixed logs and sticks dropping above the max stack size.\n- Fixed substitute soils not assigning properly",
    "1.16.5-0.10.0-Beta25": "New Features:\n+ Added block state, block model, and item model generators.\n\nEnhancements:\n+ Accept `shears` ToolType rather than relying on type-bound `ShearsItem` detection.\n- GrowthLogicKit.newDirectionSelected now takes `World` and `BlockPos` parameter.\n- Shrunk falling tree entity bounding box to reduce lag (culling bounding box is kept large to prevent it disappearing at a distance).\n\nBug Fixes:\n- Fixed crash whilst generating vines (#618).\n- Fixed CME whilst exploding a large amount of trees (#620).\n- Fixed pathfinding issues around dynamic trees (#592).\n- Fixed world ticking exception with SnowRealMagic (#617).",
    "1.16.5-0.10.0-Beta24": "New Features:\n+ Added mega jungle trees to jungle biomes\n+ Added alternativeLeavesGenFeature\n+ Added randomPredicateGenFeature\nEnhancements:\n- Removed vanilla leaves connecting to dynamic trees\n- Reverted growPulse command to work instantly again\nBug Fixes:\n- Fixed palm type trees not rendering correctly sometimes\n- Fixed trunk shell blocks sometimes staying behind when chopping down thick trees",
    "1.16.5-0.10.0-Beta23": "Enhancements:\n- Built-in integration with Better Weather seasons.\n- `preferredSeasonMod` config option for selecting which season provider should be used.",
    "1.16.5-0.10.0-Beta22": "Bug Fixes:\n- Fixed NoSuchElementException when generating a conifer topper.",
    "1.16.5-0.10.0-Beta21": "Bug Fixes:\n- Fixed secondary leaves chance property not being registered to bush gen feature.",
    "1.16.5-0.10.0-Beta20": "Bug Fixes:\n- Fixed crash whilst generating bush gen features.\n- Fixed silk touch not dropping leaves.\n- Fixed absent wart block drops.\n\nTree Pack Changes:\n- Weighted drop type now uses WeightedList.\n- Added `secondary_leaves_chance` property to bush gen feature.",
    "1.16.5-0.10.0-Beta19": "Bug Fixes:\n- Fixed crash with DT Traverse due to bush gen features not having a default property value.\n\nTree Pack Changes:\n- Added `can_craft_sapling_to_seed` and `can_craft_seed_to_sapling` properties to Species for individual control over automatically generated recipes.",
    "1.16.5-0.10.0-Beta18": "New Features:\n- Soil blocks are now defined through Tree Packs.\n- Drop creators are now defined through Tree Packs, allowing customization of tree drops.\n- Updated Patchouli manual to 2nd edition.\n\nBug Fixes:\n- Fixed threading issue due to some modded dimensions being generated on alternate threads.\n- Various minor bug fixes.",
    "1.16.5-0.10.0-Beta17": "New Features:\n- Tree branches can now be waterlogged.\n- Surface roots can now be waterlogged.\n- Added Block and Item tag generators for addons.\n\nTree Pack Changes:\n- Added `fire_proof` property to families.\n- Added `max_signal_depth` property to families.\n- Added `can_grow_on_ground` property to leaves_properties.\n- Added `sapling_name` property to species.\n- Added `seed_name` property to species.",
    "1.16.5-0.10.0-Beta16": "Bug Fixes:\n- Fixed tree pack loading order.",
    "1.16.5-0.10.0-Beta15": "Enhancements:\n+ The burgeoning potion now fills fertility when used and persists until fertility depletes instead of running on a timer.\n+ Bone meal now restores two points of fertility on application.\n+ Added many new custom tags and better integration with vanilla tags. Details can be found here: https://github.com/ferreusveritas/DynamicTrees/wiki/Tags.\nChanges:\n- Disabled persistence and fertility potions, will be removed entirely in the next version.\n- Beehives are now slightly rarer in forests.\nTechnical Changes:\n- Certain species location overrides will now require a separate sapling block to function (to fix crash with Minecolonies).\n- Json biome selectors can now filter biomes by their category.\n- Json block property appliers can edit the light block property to make blocks like leaves emit light.\n- Branch model loaders now automatically default to a thick branch model if the family's maximum branch radius is greater than 8.\n- Added Palm species type, leaves properties, and growth logic (for add-ons to access, there are no palm trees in base DT).\nBug Fixes:\n- Fixed crash with Minecolonies.\n- Fixed harvest multiplier being ineffectual to log drops.\n- Fixed dynamic leaves dropping primitive leaves when broken without shears.\n- Fixed dynamic birch leaves colours not being changed by serene seasons.",
    "1.16.5-0.10.0-Beta14": "Bug Fixes:\n- Fixed density selectors - forests should now be as dense as they were in 1.12. \n- Fixed trees not spawning in modified wooded badlands.\n- Fixed loot tables support for certain blocks (temporary until drop creators are made). \n- Fixed not clearing model caches which caused a memory leak.",
    "1.16.5-0.10.0-Beta13": "Enhancements:\n- Added config option for whether or not the player can bone meal a tree.\nBug Fixes:\n- Fixed commands not being registered on server reload, meaning they would disappear. \n- Fixed trunk shell hardness bug. \n- Fixed trunk shell not disappearing on neighbour update.\n- Fixed potted dynamic sapling consuming items in creative mode. \n- Fixed bug where tree generation would be cancelled by grass or ferns. ",
    "1.16.5-0.10.0-Beta12": "Enhancements:\n- Updated lang files for spanish and french\nBug Fixes:\n- Fixed thick logs being transparent",
    "1.16.5-0.10.0-Beta11": "Enhancements:\n- Error logging and language improvements\n- Added bare cell kit for use in addons\n- Other minor improvements\nBug fixes:\n- Fixed season seed labels being incorrectly assigned\n- Prevented bee nests from filling forests over time\n- Other minor fixes",
    "1.16.5-0.10.0-Beta10": "Enhancements:\n- Internal changes to tree fall animation for extra add-on capabilities. \nBug Fixes:\n- Fixed vanilla tree cancellers.",
    "1.16.5-0.10.0-Beta9": "Enhancements:\n+ Create's tree fertiliser now gives the same effect as a burgeoning potion.\n- Updated Spanish translation [translated by Jorgegiral].\n- Updated Mexican Spanish translation [translated by EdicionGamerYT].\nBug Fixes:\n- Fixed apple trees not spawning in world gen (due to absent JoCodes). \n- Fixed two config options having the same ID, making configuration of seed drops rates inaccessible. \n- Fixed potted sapling not having a localisation.",
    "1.16.5-0.10.0-Beta8": "Enhancements:\n+ Added rooty terracotta. \n+ Rooty blocks can now use custom colour multipliers.\n+ Added localisations for staff tooltips. \n- Updated French translation [translated by @19PixelsPlaced]\n+ The trunk shell block can now be waterlogged. \nTree Packs:\n- Improvements to how tree packs are reloaded.\n+ The registry name of the generated leaves block can be changed in the leaves properties Json via block_registry_name. \n+ Additional \"valid\" leaves can now be added to the species Json via valid_leaves. \nBug Fixes:\n- Fixed an ArrayIndexOutOfBoundsException with the tree falling animation.\n- Fixed CraftTweaker incompatibility. \n- Fixed an issue where primitive logs and sticks couldn't be found from other mods.",
    "1.16.5-0.10.0-Beta7": "Enhancements:\n- Added Polish translation. [PR from SubcarpathianSkull]\n- Added soil life argument to /dt settree.\n- Improved nether worldgen\nBug Fixes:\n- Fixed trees being unbreakable in multiplayer servers\n- Fixed crashes related to ConcurrentModificationExcpetions.\n- Fixed dynamic tree configured feature not being registered properly.",
    "1.16.5-0.10.0-Beta6": "Initial 1.16.5 beta for CF."
  },
  "1.12.2": {
    "1.12.2-0.9.29": "##### Bug Fixes:\n- Fixed update tracker not working",
    "1.12.2-0.9.28": "##### New Features:\n- Added BoneMealHelper to manage new bonemeal-like items",
    "1.12.2-0.9.27": "##### Bug Fixes:\n- Fix incorrect check causing leaves to force chunk loading.\n- Fixed trees consuming all potion items if they're stackable.",
    "1.12.2-0.9.26": "Changes:\n- Bumped minimum Forge version to 14.23.5.2860.\n\nBug Fixes:\n- Fixed arrows shot at dynamic leaves floating.",
    "1.12.2-0.9.25": "Enhancements:\n- Added action bar error messages to certain common potion application failures.\n- Shrunk falling tree entity bounding box to reduce lag (culling bounding box is kept large to prevent it disappearing at a distance).\n\nBug Fixes:\n- Fixed incompatibility with SnowRealMagic that caused \"ghost blocks\" to spawn on trees in place of snow layers.\n- Fixed log spam `X not valid leaves for Y.` due to not checking leaves are valid before destroying.\n- Fixed crash when using name array selector in worldgen Json.\n- Fixed potions only being consumed if they used lingering effects.\n- Fix incompatibility crash with Hardcore Item Stages.",
    "1.12.2-0.9.24": "New Features:\n- Added tall birch species, generates in the mutated birch forest.\n- Added Mega Jungle species to world gen.\n- Added not operator for name selectors in Json biome database populators.\n- Added array name selector in Json biome database populators.\n\nEnhancements:\n- Bone meal restores two points of fertility (up from one point).\n- Added config option for how many growth pulses bone meal sends.\n- The burgeoning potion restores all fertility and then speeds up growth until fertility runs out instead of running on a timer.\n- Families can now customise max signal depth without having to create a new BranchBlock.\n- Added Polish translation. [by SubcarpathianSkull]\n- Optimised assets. [by RDKRACZ]\n\nChanges:\n- Effectively removed fertility and persistence potions (no longer obtainable, ones previously crafted will still exist).\n\nBug Fixes:\n- Fixed biome selector blacklist checking for all match instead of any match.\n- Fixed crash with falling tree physics.\n- Fixed dynamic leaves not dropping when broken with silk touch.\n- Fixed incompatibility with Jurassicraft that caused missing texture blocks to spawn in place of vines.",
    "1.12.2-0.9.23": "New Features:\n- Added functionality for the type selector to negate biomes using '!' in JSON worldgen.\nEnhancements:\n- Added validLeavesBlocks and validBranches system to trees allowing Addons to configure multiple blocks to be rendered during tree felling animation. (Back-ported from 1.16.5)\n- Added colorTreeQuads method on species to allow Addons to customize the coloring of tree quads.\n- Added showSpeciesOnWaila method on Species to allow addons to toggle the waila display if needed. (Back-ported from 1.16.5)\n- Added Waila display handler for rooty water blocks.\n- Added setMegaSpecies mehtod on species class to allow Addons to add Mega variants to existing species. (Back-ported from 1.16.5)\nBugs Fixed:\n- Added dimensionForceGeneration predicate to fix an issue where sky-like dimensions would not generate trees under certain circumstances.",
    "1.12.2-0.9.22": "New Features:\n- Added /dt transform for transforming tree species.\n- Added /dt createtransformpotion for spawning in transformation potions.\n- Added localisations for potion descriptions, season tooltips, and staff tooltips.\n- Added config options for disabling components of seasons compatibility.\nEnhancements:\n- Transformation potions recipes for add-ons trees are now auto-created.\n- Updated the Patchouli guide book with fixes and new pages.\n- Updated various localisation files. [PRs from Smollet777]\nBug Fixes:\n- Fixed incompatibility for Pyrotech�s extra stick drops.\n- Fixed Barretone bot crash. [PR from C0bra5]\n- Fixed tinker�s construct mattock not taking custom damage.\n- Fixed certain commands not working when targeting a thick branch.\n- Fixed Mekanism flamethrower crash.",
    "1.12.2-0.9.21": "New Features:\n- Make season manager position sensitive for more complex climate models(such as TFC)\nBug Fixes:\n- Fix species for location saplin transition problem(only affects certain add-ons)\n- Re-add deprecated function for compatibility with primitive mobs\n-�Re-add deprecated addAcceptableSoil as an empty function for compatibility with underground biomes\n",
    "1.12.2-0.9.20": "New Features:\n- Greatly improve resistance to rare distorted tree models during worldgen\n- Enhanced rooty dirt mimic capabilities with new DirtHelper system\n- Admin commands to remove trees from chunks or clean up orphaned nodes\nBug Fixes:\n- Fix Tooltip crash\n- Fix nether generation density issues for add-on mods\nInternal:\n- Removed some deprecated methods\n",
    "1.12.2-0.9.19": "New Features:\n-Add support API functionality for Add-ons\n Bug Fixes:\n-Fixed stack overflow crash",
    "1.12.2-0.9.18": "New Features:\n- Created soil registry system.",
    "1.12.2-0.9.17": "New Features:\n- API support for new Dynamic Trees PHC Add-on feature.",
    "1.12.2-0.9.16": "New Features:\n- Add alternative snow layer block that forms on leaves(disabled by default) for the purpose of shader waving or custom models.\n- Add config option for giant mushrooms spawning in roofed forests (enabled by default).\n- Internal API additions for add-ons.\n\nBugs Fixed:\n- Transformations potions are not consumed if the target species already matches the potion species.\n- Add checks to prevent runaway mimic recursion causing a client side crash under rare circumstances.",
    "1.12.2-0.9.15": "New Features:\n- Added patchouli manual.\n- Added forge mod update checking.\n\nBugs Fixed:\n- Fixed concurrent modification exception crash during block breaking.\n- Fixed concurrent modification exception crash during multiple explosions.\n- Fixed \"perma-shrub\" bug that occured if doDayLightCycle was false.",
    "1.12.2-0.9.14": "New Features:\n- Removed \"Dynamic\" prefix from localized branch names.\n- Species name localizations (please be patient while add-ons catch up, species names will be unlocalized until new add-on releases are made with updated lang files).\n\nBugs Fixed:\n- Dimensions other than 0 now grow trees properly again (bug introduced by Serene Seasons integration effort).\n- Made rooty dirt blocks get color from mimic instead of grass (thanks Max Hyper).\n- Fix optifine shader interaction bug where sky could be seen through breaking texture on trees.\n- Fixed small crash with cactus model (thanks Max Hyper).\n\nInternal:\n- Enhanced SeasonHelper capabilities with helper functions.\n- Removed \"Wrapped\" classes and redefined blockstate files to be more standard.\n- Don't throw an exception when a JoCode file isn't defined."
  },
  "promos": {
    "1.18.2-latest": "1.18.2-1.0.2",
    "1.18.2-recommended": "1.18.2-1.0.2",
    "1.16.5-latest": "1.16.5-0.10.5",
    "1.16.5-recommended": "1.16.5-0.10.5",
    "1.12.2-latest": "1.12.2-0.9.29",
    "1.12.2-recommended": "1.12.2-0.9.29",
    "1.19.2-latest": "1.19.2-1.1.0-BETA9",
    "1.19.2-recommended": "1.19.2-1.1.0-BETA9"
  }
}
[14Apr2025 13:48:51.361] [Forge Version Check/INFO] [net.minecraftforge.fml.VersionChecker/]: [dynamictrees] Found status: BETA Current: 1.20.1-1.4.1 Target: null
[14Apr2025 13:48:51.363] [Forge Version Check/INFO] [net.minecraftforge.fml.VersionChecker/]: [enchantinginfuser] Starting version check at https://raw.githubusercontent.com/Fuzss/modresources/main/update/enchantinginfuser.json
[14Apr2025 13:48:51.375] [Forge Version Check/DEBUG] [net.minecraftforge.fml.VersionChecker/]: [enchantinginfuser] Received version check data:
{
    "homepage": "https://www.curseforge.com/minecraft/mc-mods/enchanting-infuser-forge",
    "promos": {
        "1.16.2-latest": "1.0.2",
        "1.16.2-recommended": "1.0.2",
        "1.16.3-latest": "1.0.2",
        "1.16.3-recommended": "1.0.2",
        "1.16.4-latest": "1.0.2",
        "1.16.4-recommended": "1.0.2",
        "1.16.5-latest": "1.0.2",
        "1.16.5-recommended": "1.0.2",
        "1.17.1-latest": "2.0.0",
        "1.17.1-recommended": "2.0.0",
        "1.18-latest": "3.1.1",
        "1.18-recommended": "3.1.1",
        "1.18.1-latest": "3.1.1",
        "1.18.1-recommended": "3.1.1",
        "1.18.2-latest": "3.3.2",
        "1.18.2-recommended": "3.3.2",
        "1.19-latest": "4.0.3",
        "1.19-recommended": "4.0.3",
        "1.19.1-latest": "4.2.2",
        "1.19.1-recommended": "4.2.2",
        "1.19.2-latest": "4.2.2",
        "1.19.2-recommended": "4.2.2",
        "1.19.3-latest": "5.0.0",
        "1.19.3-recommended": "5.0.0",
        "1.19.4-latest": "6.0.0",
        "1.19.4-recommended": "6.0.0",
        "1.20-latest": "7.0.0",
        "1.20-recommended": "7.0.0",
        "1.20.1-latest": "8.0.3",
        "1.20.1-recommended": "8.0.3",
        "1.20.4-latest": "20.4.1",
        "1.20.4-recommended": "20.4.1",
        "1.21.1-latest": "21.1.0",
        "1.21.1-recommended": "21.1.0",
        "1.21.3-latest": "21.3.0",
        "1.21.3-recommended": "21.3.0",
        "1.21.4-latest": "21.4.0",
        "1.21.4-recommended": "21.4.0",
        "1.21.5-latest": "21.5.0",
        "1.21.5-recommended": "21.5.0"
    }
}
[14Apr2025 13:48:51.379] [Forge Version Check/INFO] [net.minecraftforge.fml.VersionChecker/]: [enchantinginfuser] Found status: UP_TO_DATE Current: 8.0.3 Target: null
[14Apr2025 13:48:53.235] [main/INFO] [com.mojang.authlib.yggdrasil.YggdrasilAuthenticationService/]: Environment: authHost='https://authserver.mojang.com', accountsHost='https://api.mojang.com', sessionHost='https://sessionserver.mojang.com', servicesHost='https://api.minecraftservices.com', name='PROD'
[14Apr2025 13:48:53.279] [main/DEBUG] [net.minecraftforge.coremod.transformer.CoreModBaseTransformer/COREMOD]: Transforming m_78311_ with desc ()V
[14Apr2025 13:48:53.292] [main/DEBUG] [net.minecraftforge.coremod.transformer.CoreModBaseTransformer/COREMOD]: Transforming m_78311_ with desc ()V
[14Apr2025 13:48:55.008] [main/DEBUG] [mixin/]: Mixing VanillaPackResourcesAccessor from creativecore.mixins.json into net.minecraft.server.packs.VanillaPackResources
[14Apr2025 13:48:55.010] [main/WARN] [net.minecraft.server.packs.VanillaPackResourcesBuilder/]: Assets URL 'union:/workspaces/mine2/servidor_minecraft/libraries/net/minecraft/server/1.20.1-20230612.114412/server-1.20.1-20230612.114412-srg.jar%23191!/assets/.mcassetsroot' uses unexpected schema
[14Apr2025 13:48:55.010] [main/WARN] [net.minecraft.server.packs.VanillaPackResourcesBuilder/]: Assets URL 'union:/workspaces/mine2/servidor_minecraft/libraries/net/minecraft/server/1.20.1-20230612.114412/server-1.20.1-20230612.114412-srg.jar%23191!/data/.mcassetsroot' uses unexpected schema
[14Apr2025 13:48:55.054] [main/DEBUG] [net.minecraftforge.server.ServerLifecycleHooks/CORE]: Generating PackInfo named mod:kuma_api for mod file 
[14Apr2025 13:48:55.054] [main/DEBUG] [net.minecraftforge.server.ServerLifecycleHooks/CORE]: Generating PackInfo named mod:animation_overhaul for mod file /workspaces/mine2/servidor_minecraft/mods/Animation_Overhaul-forge-1.20.x-1.3.1.jar
[14Apr2025 13:48:55.054] [main/DEBUG] [net.minecraftforge.server.ServerLifecycleHooks/CORE]: Generating PackInfo named mod:playeranimator for mod file 
[14Apr2025 13:48:55.054] [main/DEBUG] [net.minecraftforge.server.ServerLifecycleHooks/CORE]: Generating PackInfo named mod:jei for mod file /workspaces/mine2/servidor_minecraft/mods/jei-1.20.1-forge-15.12.2.51.jar
[14Apr2025 13:48:55.054] [main/DEBUG] [net.minecraftforge.server.ServerLifecycleHooks/CORE]: Generating PackInfo named mod:kleeslabs for mod file /workspaces/mine2/servidor_minecraft/mods/kleeslabs-forge-1.20.1-15.0.6.jar
[14Apr2025 13:48:55.055] [main/DEBUG] [net.minecraftforge.server.ServerLifecycleHooks/CORE]: Generating PackInfo named mod:neat for mod file /workspaces/mine2/servidor_minecraft/mods/Neat-1.20.1-41-FORGE.jar
[14Apr2025 13:48:55.055] [main/DEBUG] [net.minecraftforge.server.ServerLifecycleHooks/CORE]: Generating PackInfo named mod:waystones for mod file /workspaces/mine2/servidor_minecraft/mods/waystones-forge-1.20.1-14.1.11.jar
[14Apr2025 13:48:55.055] [main/DEBUG] [net.minecraftforge.server.ServerLifecycleHooks/CORE]: Generating PackInfo named mod:epicfight for mod file /workspaces/mine2/servidor_minecraft/mods/epicfight-forge-20.9.7-1.20.1.jar
[14Apr2025 13:48:55.055] [main/DEBUG] [net.minecraftforge.server.ServerLifecycleHooks/CORE]: Generating PackInfo named mod:xaeroworldmap for mod file /workspaces/mine2/servidor_minecraft/mods/XaerosWorldMap_1.39.4_Forge_1.20.jar
[14Apr2025 13:48:55.056] [main/DEBUG] [net.minecraftforge.server.ServerLifecycleHooks/CORE]: Generating PackInfo named mod:citadel for mod file /workspaces/mine2/servidor_minecraft/mods/citadel-2.6.1-1.20.1.jar
[14Apr2025 13:48:55.056] [main/DEBUG] [net.minecraftforge.server.ServerLifecycleHooks/CORE]: Generating PackInfo named mod:alexsmobs for mod file /workspaces/mine2/servidor_minecraft/mods/alexsmobs-1.22.9.jar
[14Apr2025 13:48:55.056] [main/DEBUG] [net.minecraftforge.server.ServerLifecycleHooks/CORE]: Generating PackInfo named mod:travelersbackpack for mod file /workspaces/mine2/servidor_minecraft/mods/travelersbackpack-forge-1.20.1-9.1.34.jar
[14Apr2025 13:48:55.056] [main/DEBUG] [net.minecraftforge.server.ServerLifecycleHooks/CORE]: Generating PackInfo named mod:mixinextras for mod file 
[14Apr2025 13:48:55.056] [main/DEBUG] [net.minecraftforge.server.ServerLifecycleHooks/CORE]: Generating PackInfo named mod:iceandfire for mod file /workspaces/mine2/servidor_minecraft/mods/iceandfire-2.1.13-1.20.1-beta-5.jar
[14Apr2025 13:48:55.056] [main/DEBUG] [net.minecraftforge.server.ServerLifecycleHooks/CORE]: Generating PackInfo named mod:balm for mod file /workspaces/mine2/servidor_minecraft/mods/balm-forge-1.20.1-7.3.27-all.jar
[14Apr2025 13:48:55.057] [main/DEBUG] [net.minecraftforge.server.ServerLifecycleHooks/CORE]: Generating PackInfo named mod:terralith for mod file /workspaces/mine2/servidor_minecraft/mods/Terralith_1.20.x_v2.5.4.jar
[14Apr2025 13:48:55.057] [main/DEBUG] [net.minecraftforge.server.ServerLifecycleHooks/CORE]: Generating PackInfo named mod:carryon for mod file /workspaces/mine2/servidor_minecraft/mods/carryon-forge-1.20.1-2.1.2.7.jar
[14Apr2025 13:48:55.057] [main/DEBUG] [net.minecraftforge.server.ServerLifecycleHooks/CORE]: Generating PackInfo named mod:sodiumoptionsapi for mod file /workspaces/mine2/servidor_minecraft/mods/sodiumoptionsapi-forge-1.0.10-1.20.1.jar
[14Apr2025 13:48:55.057] [main/DEBUG] [net.minecraftforge.server.ServerLifecycleHooks/CORE]: Generating PackInfo named mod:jeresources for mod file /workspaces/mine2/servidor_minecraft/mods/JustEnoughResources-1.20.1-1.4.0.247.jar
[14Apr2025 13:48:55.057] [main/DEBUG] [net.minecraftforge.server.ServerLifecycleHooks/CORE]: Generating PackInfo named mod:puzzlesaccessapi for mod file 
[14Apr2025 13:48:55.058] [main/DEBUG] [net.minecraftforge.server.ServerLifecycleHooks/CORE]: Generating PackInfo named mod:cloth_config for mod file /workspaces/mine2/servidor_minecraft/mods/cloth-config-11.1.136-forge.jar
[14Apr2025 13:48:55.058] [main/DEBUG] [net.minecraftforge.server.ServerLifecycleHooks/CORE]: Generating PackInfo named mod:forge for mod file /workspaces/mine2/servidor_minecraft/libraries/net/minecraftforge/forge/1.20.1-47.3.7/forge-1.20.1-47.3.7-universal.jar
[14Apr2025 13:48:55.058] [main/DEBUG] [net.minecraftforge.server.ServerLifecycleHooks/CORE]: Generating PackInfo named mod:sodiumdynamiclights for mod file /workspaces/mine2/servidor_minecraft/mods/sodiumdynamiclights-forge-1.0.10-1.20.1.jar
[14Apr2025 13:48:55.058] [main/DEBUG] [net.minecraftforge.server.ServerLifecycleHooks/CORE]: Generating PackInfo named mod:konkrete for mod file /workspaces/mine2/servidor_minecraft/mods/konkrete_forge_1.8.0_MC_1.20-1.20.1.jar
[14Apr2025 13:48:55.058] [main/DEBUG] [net.minecraftforge.server.ServerLifecycleHooks/CORE]: Generating PackInfo named mod:embeddium for mod file /workspaces/mine2/servidor_minecraft/mods/embeddium-0.3.31+mc1.20.1.jar
[14Apr2025 13:48:55.059] [main/DEBUG] [net.minecraftforge.server.ServerLifecycleHooks/CORE]: Generating PackInfo named mod:corpse for mod file /workspaces/mine2/servidor_minecraft/mods/corpse-forge-1.20.1-1.0.20.jar
[14Apr2025 13:48:55.059] [main/DEBUG] [net.minecraftforge.server.ServerLifecycleHooks/CORE]: Generating PackInfo named mod:farmersdelight for mod file /workspaces/mine2/servidor_minecraft/mods/FarmersDelight-1.20.1-1.2.7.jar
[14Apr2025 13:48:55.059] [main/DEBUG] [net.minecraftforge.server.ServerLifecycleHooks/CORE]: Generating PackInfo named mod:fabric_api_base for mod file 
[14Apr2025 13:48:55.059] [main/DEBUG] [net.minecraftforge.server.ServerLifecycleHooks/CORE]: Generating PackInfo named mod:necronomicon for mod file /workspaces/mine2/servidor_minecraft/mods/Necronomicon-Forge-1.6.0+1.20.1.jar
[14Apr2025 13:48:55.059] [main/DEBUG] [net.minecraftforge.server.ServerLifecycleHooks/CORE]: Generating PackInfo named mod:jade for mod file /workspaces/mine2/servidor_minecraft/mods/Jade-1.20.1-Forge-11.12.3.jar
[14Apr2025 13:48:55.059] [main/DEBUG] [net.minecraftforge.server.ServerLifecycleHooks/CORE]: Generating PackInfo named mod:creativecore for mod file /workspaces/mine2/servidor_minecraft/mods/CreativeCore_FORGE_v2.12.32_mc1.20.1.jar
[14Apr2025 13:48:55.060] [main/DEBUG] [net.minecraftforge.server.ServerLifecycleHooks/CORE]: Generating PackInfo named mod:cleanswing for mod file /workspaces/mine2/servidor_minecraft/mods/cleanswing-1.20-1.8.jar
[14Apr2025 13:48:55.060] [main/DEBUG] [net.minecraftforge.server.ServerLifecycleHooks/CORE]: Generating PackInfo named mod:xaerominimap for mod file /workspaces/mine2/servidor_minecraft/mods/Xaeros_Minimap_25.2.0_Forge_1.20.jar
[14Apr2025 13:48:55.060] [main/DEBUG] [net.minecraftforge.server.ServerLifecycleHooks/CORE]: Generating PackInfo named mod:collective for mod file /workspaces/mine2/servidor_minecraft/mods/collective-1.20.1-8.1.jar
[14Apr2025 13:48:55.060] [main/DEBUG] [net.minecraftforge.server.ServerLifecycleHooks/CORE]: Generating PackInfo named mod:dragonseeker for mod file /workspaces/mine2/servidor_minecraft/mods/dragonseeker-1.2.0-1.20.1.jar
[14Apr2025 13:48:55.060] [main/DEBUG] [net.minecraftforge.server.ServerLifecycleHooks/CORE]: Generating PackInfo named mod:securitycraft for mod file /workspaces/mine2/servidor_minecraft/mods/[1.20.1] SecurityCraft v1.9.12.jar
[14Apr2025 13:48:55.060] [main/DEBUG] [net.minecraftforge.server.ServerLifecycleHooks/CORE]: Generating PackInfo named mod:inventoryhud for mod file /workspaces/mine2/servidor_minecraft/mods/inventoryhud.forge.1.20.1-3.4.26.jar
[14Apr2025 13:48:55.061] [main/DEBUG] [net.minecraftforge.server.ServerLifecycleHooks/CORE]: Generating PackInfo named mod:architectury for mod file /workspaces/mine2/servidor_minecraft/mods/architectury-9.2.14-forge.jar
[14Apr2025 13:48:55.061] [main/DEBUG] [net.minecraftforge.server.ServerLifecycleHooks/CORE]: Generating PackInfo named mod:mca for mod file /workspaces/mine2/servidor_minecraft/mods/minecraft-comes-alive-7.6.3+1.20.1-universal.jar
[14Apr2025 13:48:55.061] [main/DEBUG] [net.minecraftforge.server.ServerLifecycleHooks/CORE]: Generating PackInfo named mod:simplyswords for mod file /workspaces/mine2/servidor_minecraft/mods/simplyswords-forge-1.56.0-1.20.1.jar
[14Apr2025 13:48:55.061] [main/DEBUG] [net.minecraftforge.server.ServerLifecycleHooks/CORE]: Generating PackInfo named mod:appleskin for mod file /workspaces/mine2/servidor_minecraft/mods/appleskin-forge-mc1.20.1-2.5.1.jar
[14Apr2025 13:48:55.061] [main/DEBUG] [net.minecraftforge.server.ServerLifecycleHooks/CORE]: Generating PackInfo named mod:alexsdelight for mod file /workspaces/mine2/servidor_minecraft/mods/alexsdelight-1.5.jar
[14Apr2025 13:48:55.061] [main/DEBUG] [net.minecraftforge.server.ServerLifecycleHooks/CORE]: Generating PackInfo named mod:globalxp for mod file /workspaces/mine2/servidor_minecraft/mods/globalxp-forge-1.20.1-1.12.jar
[14Apr2025 13:48:55.062] [main/DEBUG] [net.minecraftforge.server.ServerLifecycleHooks/CORE]: Generating PackInfo named mod:refurbished_furniture for mod file /workspaces/mine2/servidor_minecraft/mods/refurbished_furniture-forge-1.20.1-1.0.12.jar
[14Apr2025 13:48:55.062] [main/DEBUG] [net.minecraftforge.server.ServerLifecycleHooks/CORE]: Generating PackInfo named mod:puzzleslib for mod file /workspaces/mine2/servidor_minecraft/mods/PuzzlesLib-v8.1.29-1.20.1-Forge.jar
[14Apr2025 13:48:55.062] [main/DEBUG] [net.minecraftforge.server.ServerLifecycleHooks/CORE]: Generating PackInfo named mod:justzoom for mod file /workspaces/mine2/servidor_minecraft/mods/justzoom_forge_2.1.1_MC_1.20.1.jar
[14Apr2025 13:48:55.062] [main/DEBUG] [net.minecraftforge.server.ServerLifecycleHooks/CORE]: Generating PackInfo named mod:framework for mod file /workspaces/mine2/servidor_minecraft/mods/framework-forge-1.20.1-0.7.12.jar
[14Apr2025 13:48:55.062] [main/DEBUG] [net.minecraftforge.server.ServerLifecycleHooks/CORE]: Generating PackInfo named mod:dynamictrees for mod file /workspaces/mine2/servidor_minecraft/mods/DynamicTrees-1.20.1-1.4.1.jar
[14Apr2025 13:48:55.062] [main/DEBUG] [net.minecraftforge.server.ServerLifecycleHooks/CORE]: Generating PackInfo named mod:playerrevive for mod file /workspaces/mine2/servidor_minecraft/mods/PlayerRevive_FORGE_v2.0.31_mc1.20.1.jar
[14Apr2025 13:48:55.063] [main/DEBUG] [net.minecraftforge.server.ServerLifecycleHooks/CORE]: Generating PackInfo named mod:enchantinginfuser for mod file /workspaces/mine2/servidor_minecraft/mods/EnchantingInfuser-v8.0.3-1.20.1-Forge.jar
[14Apr2025 13:48:55.063] [main/DEBUG] [net.minecraftforge.server.ServerLifecycleHooks/CORE]: Generating PackInfo named mod:scaffoldingdropsnearby for mod file /workspaces/mine2/servidor_minecraft/mods/scaffoldingdropsnearby-1.20.1-3.4.jar
[14Apr2025 13:48:56.581] [main/DEBUG] [mixin/]: Mixing PrimaryLevelDataMixin from collective_forge.mixins.json into net.minecraft.world.level.storage.PrimaryLevelData
[14Apr2025 13:48:56.783] [main/DEBUG] [net.minecraftforge.coremod.transformer.CoreModBaseTransformer/COREMOD]: Transforming net/minecraft/server/commands/SummonCommand
[14Apr2025 13:48:57.266] [main/DEBUG] [mixin/]: Mixing accessor.RecipeManagerAccessor from farmersdelight.mixins.json into net.minecraft.world.item.crafting.RecipeManager
[14Apr2025 13:48:57.283] [main/INFO] [com.github.alexthe666.alexsmobs.AlexsMobs/]: Adding datapack listener capsid_recipes
[14Apr2025 13:48:57.487] [Worker-Main-2/DEBUG] [net.minecraftforge.coremod.transformer.CoreModBaseTransformer/COREMOD]: Transforming net/minecraft/world/entity/raid/Raid
[14Apr2025 13:48:58.036] [Worker-Main-1/DEBUG] [epicfight/]: Cannot find the joint named Knee_R in yesman.epicfight.model.armature.VexArmature
[14Apr2025 13:48:58.036] [Worker-Main-1/DEBUG] [epicfight/]: Cannot find the joint named Knee_L in yesman.epicfight.model.armature.VexArmature
[14Apr2025 13:48:58.037] [Worker-Main-1/DEBUG] [epicfight/]: Cannot find the joint named Elbow_R in yesman.epicfight.model.armature.VexArmature
[14Apr2025 13:48:58.037] [Worker-Main-1/DEBUG] [epicfight/]: Cannot find the joint named Elbow_L in yesman.epicfight.model.armature.VexArmature
[14Apr2025 13:48:58.059] [Worker-Main-1/INFO] [epicfight/]: Register animations from epicfight
[14Apr2025 13:48:58.873] [Worker-Main-3/ERROR] [net.minecraftforge.common.ForgeHooks/]: Couldn't parse element loot_tables:simplyswords:grant_book_on_first_join
com.google.gson.JsonSyntaxException: Expected name to be an item, was unknown string 'patchouli:guide_book'
	at net.minecraft.util.GsonHelper.m_13866_(GsonHelper.java:145) ~[server-1.20.1-20230612.114412-srg.jar%23191!/:?]
	at java.util.Optional.orElseThrow(Optional.java:403) ~[?:?]
	at net.minecraft.util.GsonHelper.m_13874_(GsonHelper.java:145) ~[server-1.20.1-20230612.114412-srg.jar%23191!/:?]
	at net.minecraft.util.GsonHelper.m_13909_(GsonHelper.java:153) ~[server-1.20.1-20230612.114412-srg.jar%23191!/:?]
	at net.minecraft.world.level.storage.loot.entries.LootItem$Serializer.m_7267_(LootItem.java:55) ~[server-1.20.1-20230612.114412-srg.jar%23191!/:?]
	at net.minecraft.world.level.storage.loot.entries.LootItem$Serializer.m_7267_(LootItem.java:40) ~[server-1.20.1-20230612.114412-srg.jar%23191!/:?]
	at net.minecraft.world.level.storage.loot.entries.LootPoolSingletonContainer$Serializer.m_5921_(LootPoolSingletonContainer.java:151) ~[server-1.20.1-20230612.114412-srg.jar%23191!/:?]
	at net.minecraft.world.level.storage.loot.entries.LootPoolSingletonContainer$Serializer.m_5921_(LootPoolSingletonContainer.java:129) ~[server-1.20.1-20230612.114412-srg.jar%23191!/:?]
	at net.minecraft.world.level.storage.loot.entries.LootPoolEntryContainer$Serializer.m_7561_(LootPoolEntryContainer.java:86) ~[server-1.20.1-20230612.114412-srg.jar%23191!/:?]
	at net.minecraft.world.level.storage.loot.entries.LootPoolEntryContainer$Serializer.m_7561_(LootPoolEntryContainer.java:74) ~[server-1.20.1-20230612.114412-srg.jar%23191!/:?]
	at net.minecraft.world.level.storage.loot.GsonAdapterFactory$JsonAdapter.deserialize(GsonAdapterFactory.java:102) ~[server-1.20.1-20230612.114412-srg.jar%23191!/:?]
	at com.google.gson.internal.bind.TreeTypeAdapter.read(TreeTypeAdapter.java:76) ~[gson-2.10.jar%2372!/:?]
	at com.google.gson.internal.bind.TypeAdapterRuntimeTypeWrapper.read(TypeAdapterRuntimeTypeWrapper.java:40) ~[gson-2.10.jar%2372!/:?]
	at com.google.gson.internal.bind.ArrayTypeAdapter.read(ArrayTypeAdapter.java:72) ~[gson-2.10.jar%2372!/:?]
	at com.google.gson.Gson.fromJson(Gson.java:1214) ~[gson-2.10.jar%2372!/:?]
	at com.google.gson.Gson.fromJson(Gson.java:1319) ~[gson-2.10.jar%2372!/:?]
	at com.google.gson.Gson.fromJson(Gson.java:1290) ~[gson-2.10.jar%2372!/:?]
	at com.google.gson.internal.bind.TreeTypeAdapter$GsonContextImpl.deserialize(TreeTypeAdapter.java:179) ~[gson-2.10.jar%2372!/:?]
	at net.minecraft.util.GsonHelper.m_13808_(GsonHelper.java:463) ~[server-1.20.1-20230612.114412-srg.jar%23191!/:?]
	at net.minecraft.util.GsonHelper.m_13836_(GsonHelper.java:471) ~[server-1.20.1-20230612.114412-srg.jar%23191!/:?]
	at net.minecraft.world.level.storage.loot.LootPool$Serializer.deserialize(LootPool.java:192) ~[server-1.20.1-20230612.114412-srg.jar%23191!/:?]
	at net.minecraft.world.level.storage.loot.LootPool$Serializer.deserialize(LootPool.java:189) ~[server-1.20.1-20230612.114412-srg.jar%23191!/:?]
	at com.google.gson.internal.bind.TreeTypeAdapter.read(TreeTypeAdapter.java:76) ~[gson-2.10.jar%2372!/:?]
	at com.google.gson.internal.bind.TypeAdapterRuntimeTypeWrapper.read(TypeAdapterRuntimeTypeWrapper.java:40) ~[gson-2.10.jar%2372!/:?]
	at com.google.gson.internal.bind.ArrayTypeAdapter.read(ArrayTypeAdapter.java:72) ~[gson-2.10.jar%2372!/:?]
	at com.google.gson.Gson.fromJson(Gson.java:1214) ~[gson-2.10.jar%2372!/:?]
	at com.google.gson.Gson.fromJson(Gson.java:1319) ~[gson-2.10.jar%2372!/:?]
	at com.google.gson.Gson.fromJson(Gson.java:1290) ~[gson-2.10.jar%2372!/:?]
	at com.google.gson.internal.bind.TreeTypeAdapter$GsonContextImpl.deserialize(TreeTypeAdapter.java:179) ~[gson-2.10.jar%2372!/:?]
	at net.minecraft.util.GsonHelper.m_13808_(GsonHelper.java:463) ~[server-1.20.1-20230612.114412-srg.jar%23191!/:?]
	at net.minecraft.util.GsonHelper.m_13845_(GsonHelper.java:481) ~[server-1.20.1-20230612.114412-srg.jar%23191!/:?]
	at net.minecraft.world.level.storage.loot.LootTable$Serializer.deserialize(LootTable.java:294) ~[server-1.20.1-20230612.114412-srg.jar%23191!/:?]
	at net.minecraft.world.level.storage.loot.LootTable$Serializer.deserialize(LootTable.java:291) ~[server-1.20.1-20230612.114412-srg.jar%23191!/:?]
	at com.google.gson.internal.bind.TreeTypeAdapter.read(TreeTypeAdapter.java:76) ~[gson-2.10.jar%2372!/:?]
	at com.google.gson.Gson.fromJson(Gson.java:1214) ~[gson-2.10.jar%2372!/:?]
	at com.google.gson.Gson.fromJson(Gson.java:1319) ~[gson-2.10.jar%2372!/:?]
	at com.google.gson.Gson.fromJson(Gson.java:1261) ~[gson-2.10.jar%2372!/:?]
	at net.minecraftforge.common.ForgeHooks.loadLootTable(ForgeHooks.java:871) ~[forge-1.20.1-47.3.7-universal.jar%23196!/:?]
	at net.minecraftforge.common.ForgeHooks.lambda$getLootTableDeserializer$3(ForgeHooks.java:848) ~[forge-1.20.1-47.3.7-universal.jar%23196!/:?]
	at net.minecraft.world.level.storage.loot.LootDataType.deserialize(LootDataType.java:45) ~[server-1.20.1-20230612.114412-srg.jar%23191!/:?]
	at net.minecraft.world.level.storage.loot.LootDataManager.lambda$scheduleElementParse$4(LootDataManager.java:56) ~[server-1.20.1-20230612.114412-srg.jar%23191!/:?]
	at java.util.HashMap.forEach(HashMap.java:1421) ~[?:?]
	at net.minecraft.world.level.storage.loot.LootDataManager.m_278660_(LootDataManager.java:55) ~[server-1.20.1-20230612.114412-srg.jar%23191!/:?]
	at java.util.concurrent.CompletableFuture$AsyncRun.run(CompletableFuture.java:1804) ~[?:?]
	at java.util.concurrent.CompletableFuture$AsyncRun.exec(CompletableFuture.java:1796) ~[?:?]
	at java.util.concurrent.ForkJoinTask.doExec(ForkJoinTask.java:373) ~[?:?]
	at java.util.concurrent.ForkJoinPool$WorkQueue.topLevelExec(ForkJoinPool.java:1182) ~[?:?]
	at java.util.concurrent.ForkJoinPool.scan(ForkJoinPool.java:1655) ~[?:?]
	at java.util.concurrent.ForkJoinPool.runWorker(ForkJoinPool.java:1622) ~[?:?]
	at java.util.concurrent.ForkJoinWorkerThread.run(ForkJoinWorkerThread.java:165) ~[?:?]
[14Apr2025 13:49:01.244] [main/ERROR] [net.minecraft.world.item.crafting.RecipeManager/]: Parsing error loading recipe alexsdelight:barbecue_on_a_stick
com.google.gson.JsonSyntaxException: Unknown item 'amfd:singular_cooked_moose_rib'
	at net.minecraft.world.item.crafting.ShapedRecipe.m_151280_(ShapedRecipe.java:292) ~[server-1.20.1-20230612.114412-srg.jar%23191!/:?]
	at java.util.Optional.orElseThrow(Optional.java:403) ~[?:?]
	at net.minecraft.world.item.crafting.ShapedRecipe.m_151278_(ShapedRecipe.java:291) ~[server-1.20.1-20230612.114412-srg.jar%23191!/:?]
	at net.minecraft.world.item.crafting.Ingredient.m_43919_(Ingredient.java:219) ~[server-1.20.1-20230612.114412-srg.jar%23191!/:?]
	at net.minecraftforge.common.crafting.VanillaIngredientSerializer.parse(VanillaIngredientSerializer.java:27) ~[forge-1.20.1-47.3.7-universal.jar%23196!/:?]
	at net.minecraftforge.common.crafting.CraftingHelper.getIngredient(CraftingHelper.java:148) ~[forge-1.20.1-47.3.7-universal.jar%23196!/:?]
	at net.minecraft.world.item.crafting.Ingredient.m_288218_(Ingredient.java:194) ~[server-1.20.1-20230612.114412-srg.jar%23191!/:?]
	at net.minecraft.world.item.crafting.ShapelessRecipe$Serializer.m_44275_(ShapelessRecipe.java:104) ~[server-1.20.1-20230612.114412-srg.jar%23191!/:?]
	at net.minecraft.world.item.crafting.ShapelessRecipe$Serializer.m_6729_(ShapelessRecipe.java:89) ~[server-1.20.1-20230612.114412-srg.jar%23191!/:?]
	at net.minecraft.world.item.crafting.ShapelessRecipe$Serializer.m_6729_(ShapelessRecipe.java:84) ~[server-1.20.1-20230612.114412-srg.jar%23191!/:?]
	at net.minecraftforge.common.extensions.IForgeRecipeSerializer.fromJson(IForgeRecipeSerializer.java:23) ~[forge-1.20.1-47.3.7-universal.jar%23196!/:?]
	at net.minecraft.world.item.crafting.RecipeManager.fromJson(RecipeManager.java:171) ~[server-1.20.1-20230612.114412-srg.jar%23191!/:?]
	at net.minecraft.world.item.crafting.RecipeManager.m_5787_(RecipeManager.java:67) ~[server-1.20.1-20230612.114412-srg.jar%23191!/:?]
	at net.minecraft.world.item.crafting.RecipeManager.m_5787_(RecipeManager.java:34) ~[server-1.20.1-20230612.114412-srg.jar%23191!/:?]
	at net.minecraft.server.packs.resources.SimplePreparableReloadListener.m_10789_(SimplePreparableReloadListener.java:13) ~[server-1.20.1-20230612.114412-srg.jar%23191!/:?]
	at java.util.concurrent.CompletableFuture$UniAccept.tryFire(CompletableFuture.java:718) ~[?:?]
	at java.util.concurrent.CompletableFuture$Completion.run(CompletableFuture.java:482) ~[?:?]
	at net.minecraft.server.packs.resources.SimpleReloadInstance.m_143940_(SimpleReloadInstance.java:69) ~[server-1.20.1-20230612.114412-srg.jar%23191!/:?]
	at net.minecraft.Util.m_214652_(Util.java:783) ~[server-1.20.1-20230612.114412-srg.jar%23191!/:?]
	at net.minecraft.Util.m_214679_(Util.java:772) ~[server-1.20.1-20230612.114412-srg.jar%23191!/:?]
	at net.minecraft.server.Main.main(Main.java:166) ~[server-1.20.1-20230612.114412-srg.jar%23191!/:?]
	at jdk.internal.reflect.NativeMethodAccessorImpl.invoke0(Native Method) ~[?:?]
	at jdk.internal.reflect.NativeMethodAccessorImpl.invoke(NativeMethodAccessorImpl.java:77) ~[?:?]
	at jdk.internal.reflect.DelegatingMethodAccessorImpl.invoke(DelegatingMethodAccessorImpl.java:43) ~[?:?]
	at java.lang.reflect.Method.invoke(Method.java:569) ~[?:?]
	at net.minecraftforge.fml.loading.targets.CommonLaunchHandler.runTarget(CommonLaunchHandler.java:111) ~[fmlloader-1.20.1-47.3.7.jar%2369!/:?]
	at net.minecraftforge.fml.loading.targets.CommonLaunchHandler.serverService(CommonLaunchHandler.java:103) ~[fmlloader-1.20.1-47.3.7.jar%2369!/:?]
	at net.minecraftforge.fml.loading.targets.CommonServerLaunchHandler.lambda$makeService$0(CommonServerLaunchHandler.java:27) ~[fmlloader-1.20.1-47.3.7.jar%2369!/:?]
	at cpw.mods.modlauncher.LaunchServiceHandlerDecorator.launch(LaunchServiceHandlerDecorator.java:30) ~[modlauncher-10.0.9.jar%2355!/:?]
	at cpw.mods.modlauncher.LaunchServiceHandler.launch(LaunchServiceHandler.java:53) ~[modlauncher-10.0.9.jar%2355!/:?]
	at cpw.mods.modlauncher.LaunchServiceHandler.launch(LaunchServiceHandler.java:71) ~[modlauncher-10.0.9.jar%2355!/:?]
	at cpw.mods.modlauncher.Launcher.run(Launcher.java:108) ~[modlauncher-10.0.9.jar%2355!/:?]
	at cpw.mods.modlauncher.Launcher.main(Launcher.java:78) ~[modlauncher-10.0.9.jar%2355!/:?]
	at cpw.mods.modlauncher.BootstrapLaunchConsumer.accept(BootstrapLaunchConsumer.java:26) ~[modlauncher-10.0.9.jar%2355!/:?]
	at cpw.mods.modlauncher.BootstrapLaunchConsumer.accept(BootstrapLaunchConsumer.java:23) ~[modlauncher-10.0.9.jar%2355!/:?]
	at cpw.mods.bootstraplauncher.BootstrapLauncher.main(BootstrapLauncher.java:141) ~[bootstraplauncher-1.1.2.jar:?]
[14Apr2025 13:49:01.368] [main/ERROR] [net.minecraft.world.item.crafting.RecipeManager/]: Parsing error loading recipe dynamictrees:guide
com.google.gson.JsonSyntaxException: Missing conditions, expected to find a JsonArray
	at net.minecraft.util.GsonHelper.m_13933_(GsonHelper.java:447) ~[server-1.20.1-20230612.114412-srg.jar%23191!/:?]
	at net.minecraftforge.common.crafting.ConditionalRecipe$Serializer.fromJson(ConditionalRecipe.java:56) ~[forge-1.20.1-47.3.7-universal.jar%23196!/:?]
	at net.minecraft.world.item.crafting.RecipeManager.fromJson(RecipeManager.java:171) ~[server-1.20.1-20230612.114412-srg.jar%23191!/:?]
	at net.minecraft.world.item.crafting.RecipeManager.m_5787_(RecipeManager.java:67) ~[server-1.20.1-20230612.114412-srg.jar%23191!/:?]
	at net.minecraft.world.item.crafting.RecipeManager.m_5787_(RecipeManager.java:34) ~[server-1.20.1-20230612.114412-srg.jar%23191!/:?]
	at net.minecraft.server.packs.resources.SimplePreparableReloadListener.m_10789_(SimplePreparableReloadListener.java:13) ~[server-1.20.1-20230612.114412-srg.jar%23191!/:?]
	at java.util.concurrent.CompletableFuture$UniAccept.tryFire(CompletableFuture.java:718) ~[?:?]
	at java.util.concurrent.CompletableFuture$Completion.run(CompletableFuture.java:482) ~[?:?]
	at net.minecraft.server.packs.resources.SimpleReloadInstance.m_143940_(SimpleReloadInstance.java:69) ~[server-1.20.1-20230612.114412-srg.jar%23191!/:?]
	at net.minecraft.Util.m_214652_(Util.java:783) ~[server-1.20.1-20230612.114412-srg.jar%23191!/:?]
	at net.minecraft.Util.m_214679_(Util.java:772) ~[server-1.20.1-20230612.114412-srg.jar%23191!/:?]
	at net.minecraft.server.Main.main(Main.java:166) ~[server-1.20.1-20230612.114412-srg.jar%23191!/:?]
	at jdk.internal.reflect.NativeMethodAccessorImpl.invoke0(Native Method) ~[?:?]
	at jdk.internal.reflect.NativeMethodAccessorImpl.invoke(NativeMethodAccessorImpl.java:77) ~[?:?]
	at jdk.internal.reflect.DelegatingMethodAccessorImpl.invoke(DelegatingMethodAccessorImpl.java:43) ~[?:?]
	at java.lang.reflect.Method.invoke(Method.java:569) ~[?:?]
	at net.minecraftforge.fml.loading.targets.CommonLaunchHandler.runTarget(CommonLaunchHandler.java:111) ~[fmlloader-1.20.1-47.3.7.jar%2369!/:?]
	at net.minecraftforge.fml.loading.targets.CommonLaunchHandler.serverService(CommonLaunchHandler.java:103) ~[fmlloader-1.20.1-47.3.7.jar%2369!/:?]
	at net.minecraftforge.fml.loading.targets.CommonServerLaunchHandler.lambda$makeService$0(CommonServerLaunchHandler.java:27) ~[fmlloader-1.20.1-47.3.7.jar%2369!/:?]
	at cpw.mods.modlauncher.LaunchServiceHandlerDecorator.launch(LaunchServiceHandlerDecorator.java:30) ~[modlauncher-10.0.9.jar%2355!/:?]
	at cpw.mods.modlauncher.LaunchServiceHandler.launch(LaunchServiceHandler.java:53) ~[modlauncher-10.0.9.jar%2355!/:?]
	at cpw.mods.modlauncher.LaunchServiceHandler.launch(LaunchServiceHandler.java:71) ~[modlauncher-10.0.9.jar%2355!/:?]
	at cpw.mods.modlauncher.Launcher.run(Launcher.java:108) ~[modlauncher-10.0.9.jar%2355!/:?]
	at cpw.mods.modlauncher.Launcher.main(Launcher.java:78) ~[modlauncher-10.0.9.jar%2355!/:?]
	at cpw.mods.modlauncher.BootstrapLaunchConsumer.accept(BootstrapLaunchConsumer.java:26) ~[modlauncher-10.0.9.jar%2355!/:?]
	at cpw.mods.modlauncher.BootstrapLaunchConsumer.accept(BootstrapLaunchConsumer.java:23) ~[modlauncher-10.0.9.jar%2355!/:?]
	at cpw.mods.bootstraplauncher.BootstrapLauncher.main(BootstrapLauncher.java:141) ~[bootstraplauncher-1.1.2.jar:?]
[14Apr2025 13:49:01.379] [main/INFO] [net.minecraft.world.item.crafting.RecipeManager/]: Loaded 19 recipes
[14Apr2025 13:49:01.629] [main/INFO] [net.minecraft.advancements.AdvancementList/]: Loaded 3831 advancements
[14Apr2025 13:49:01.817] [main/DEBUG] [com.ferreusveritas.dynamictrees.api.resource.loading.preparation.JsonRegistryResourceLoader/]: Loaded type "LeavesProperties" data: WartProperties{registryName=dynamictrees:warped, primitiveLeaves=Block{minecraft:warped_wart_block}, cellKit={registryName=dynamictrees:nether_fungus}, smotherLeavesMax=7, lightRequirement=0, fireSpreadSpeed=0, flammability=0, connectAnyRadius=false}.
[14Apr2025 13:49:01.817] [main/DEBUG] [com.ferreusveritas.dynamictrees.api.resource.loading.preparation.JsonRegistryResourceLoader/]: Loaded type "LeavesProperties" data: LeavesProperties{registryName=dynamictrees:spruce, primitiveLeaves=Block{minecraft:spruce_leaves}[distance=7,persistent=false,waterlogged=false], cellKit={registryName=dynamictrees:conifer}, smotherLeavesMax=3, lightRequirement=13, fireSpreadSpeed=30, flammability=60, connectAnyRadius=false}.
[14Apr2025 13:49:01.818] [main/DEBUG] [com.ferreusveritas.dynamictrees.api.resource.loading.preparation.JsonRegistryResourceLoader/]: Loaded type "LeavesProperties" data: ScruffyLeavesProperties{registryName=dynamictrees:oak_undergrowth, primitiveLeaves=Block{minecraft:oak_leaves}[distance=7,persistent=false,waterlogged=false], cellKit={registryName=dynamictrees:acacia}, smotherLeavesMax=4, lightRequirement=4, fireSpreadSpeed=30, flammability=60, connectAnyRadius=false}.
[14Apr2025 13:49:01.818] [main/DEBUG] [com.ferreusveritas.dynamictrees.api.resource.loading.preparation.JsonRegistryResourceLoader/]: Loaded type "LeavesProperties" data: LeavesProperties{registryName=dynamictrees:oak, primitiveLeaves=Block{minecraft:oak_leaves}[distance=7,persistent=false,waterlogged=false], cellKit={registryName=dynamictrees:deciduous}, smotherLeavesMax=4, lightRequirement=13, fireSpreadSpeed=30, flammability=60, connectAnyRadius=false}.
[14Apr2025 13:49:01.818] [main/DEBUG] [com.ferreusveritas.dynamictrees.api.resource.loading.preparation.JsonRegistryResourceLoader/]: Loaded type "LeavesProperties" data: ScruffyLeavesProperties{registryName=dynamictrees:mangrove, primitiveLeaves=Block{minecraft:mangrove_leaves}[distance=7,persistent=false,waterlogged=false], cellKit={registryName=dynamictrees:deciduous}, smotherLeavesMax=6, lightRequirement=13, fireSpreadSpeed=30, flammability=60, connectAnyRadius=false}.
[14Apr2025 13:49:01.818] [main/DEBUG] [com.ferreusveritas.dynamictrees.api.resource.loading.preparation.JsonRegistryResourceLoader/]: Loaded type "LeavesProperties" data: ScruffyLeavesProperties{registryName=dynamictrees:jungle_undergrowth, primitiveLeaves=Block{minecraft:jungle_leaves}[distance=7,persistent=false,waterlogged=false], cellKit={registryName=dynamictrees:acacia}, smotherLeavesMax=4, lightRequirement=4, fireSpreadSpeed=30, flammability=60, connectAnyRadius=false}.
[14Apr2025 13:49:01.818] [main/DEBUG] [com.ferreusveritas.dynamictrees.api.resource.loading.preparation.JsonRegistryResourceLoader/]: Loaded type "LeavesProperties" data: LeavesProperties{registryName=dynamictrees:jungle, primitiveLeaves=Block{minecraft:jungle_leaves}[distance=7,persistent=false,waterlogged=false], cellKit={registryName=dynamictrees:deciduous}, smotherLeavesMax=4, lightRequirement=12, fireSpreadSpeed=30, flammability=60, connectAnyRadius=false}.
[14Apr2025 13:49:01.818] [main/DEBUG] [com.ferreusveritas.dynamictrees.api.resource.loading.preparation.JsonRegistryResourceLoader/]: Loaded type "LeavesProperties" data: ScruffyLeavesProperties{registryName=dynamictrees:flowering_azalea, primitiveLeaves=Block{minecraft:flowering_azalea_leaves}[distance=7,persistent=false,waterlogged=false], cellKit={registryName=dynamictrees:azalea}, smotherLeavesMax=4, lightRequirement=13, fireSpreadSpeed=30, flammability=60, connectAnyRadius=false}.
[14Apr2025 13:49:01.819] [main/DEBUG] [com.ferreusveritas.dynamictrees.api.resource.loading.preparation.JsonRegistryResourceLoader/]: Loaded type "LeavesProperties" data: LeavesProperties{registryName=dynamictrees:dark_oak, primitiveLeaves=Block{minecraft:dark_oak_leaves}[distance=7,persistent=false,waterlogged=false], cellKit={registryName=dynamictrees:dark_oak}, smotherLeavesMax=3, lightRequirement=13, fireSpreadSpeed=30, flammability=60, connectAnyRadius=false}.
[14Apr2025 13:49:01.819] [main/DEBUG] [com.ferreusveritas.dynamictrees.api.resource.loading.preparation.JsonRegistryResourceLoader/]: Loaded type "LeavesProperties" data: WartProperties{registryName=dynamictrees:crimson, primitiveLeaves=Block{minecraft:nether_wart_block}, cellKit={registryName=dynamictrees:nether_fungus}, smotherLeavesMax=7, lightRequirement=0, fireSpreadSpeed=0, flammability=0, connectAnyRadius=false}.
[14Apr2025 13:49:01.819] [main/DEBUG] [com.ferreusveritas.dynamictrees.api.resource.loading.preparation.JsonRegistryResourceLoader/]: Loaded type "LeavesProperties" data: LeavesProperties{registryName=dynamictrees:cherry, primitiveLeaves=Block{minecraft:cherry_leaves}[distance=7,persistent=false,waterlogged=false], cellKit={registryName=dynamictrees:deciduous}, smotherLeavesMax=5, lightRequirement=14, fireSpreadSpeed=30, flammability=60, connectAnyRadius=false}.
[14Apr2025 13:49:01.819] [main/DEBUG] [com.ferreusveritas.dynamictrees.api.resource.loading.preparation.JsonRegistryResourceLoader/]: Loaded type "LeavesProperties" data: LeavesProperties{registryName=dynamictrees:birch, primitiveLeaves=Block{minecraft:birch_leaves}[distance=7,persistent=false,waterlogged=false], cellKit={registryName=dynamictrees:deciduous}, smotherLeavesMax=4, lightRequirement=13, fireSpreadSpeed=30, flammability=60, connectAnyRadius=false}.
[14Apr2025 13:49:01.819] [main/DEBUG] [com.ferreusveritas.dynamictrees.api.resource.loading.preparation.JsonRegistryResourceLoader/]: Loaded type "LeavesProperties" data: LeavesProperties{registryName=dynamictrees:bare, primitiveLeaves=Block{minecraft:air}, cellKit={registryName=dynamictrees:bare}, smotherLeavesMax=4, lightRequirement=13, fireSpreadSpeed=30, flammability=60, connectAnyRadius=false}.
[14Apr2025 13:49:01.819] [main/DEBUG] [com.ferreusveritas.dynamictrees.api.resource.loading.preparation.JsonRegistryResourceLoader/]: Loaded type "LeavesProperties" data: ScruffyLeavesProperties{registryName=dynamictrees:azalea, primitiveLeaves=Block{minecraft:azalea_leaves}[distance=7,persistent=false,waterlogged=false], cellKit={registryName=dynamictrees:azalea}, smotherLeavesMax=4, lightRequirement=13, fireSpreadSpeed=30, flammability=60, connectAnyRadius=false}.
[14Apr2025 13:49:01.819] [main/DEBUG] [com.ferreusveritas.dynamictrees.api.resource.loading.preparation.JsonRegistryResourceLoader/]: Loaded type "LeavesProperties" data: LeavesProperties{registryName=dynamictrees:acacia, primitiveLeaves=Block{minecraft:acacia_leaves}[distance=7,persistent=false,waterlogged=false], cellKit={registryName=dynamictrees:acacia}, smotherLeavesMax=2, lightRequirement=13, fireSpreadSpeed=30, flammability=60, connectAnyRadius=false}.
[14Apr2025 13:49:01.820] [main/DEBUG] [com.ferreusveritas.dynamictrees.api.registry.AbstractRegistry/REGISTRY_DUMP]: Name: LeavesProperties
	Entry: dynamictrees:acacia, LeavesProperties{registryName=dynamictrees:acacia}
	Entry: dynamictrees:azalea, ScruffyLeavesProperties{registryName=dynamictrees:azalea}
	Entry: dynamictrees:bare, LeavesProperties{registryName=dynamictrees:bare}
	Entry: dynamictrees:birch, LeavesProperties{registryName=dynamictrees:birch}
	Entry: dynamictrees:cherry, LeavesProperties{registryName=dynamictrees:cherry}
	Entry: dynamictrees:crimson, WartProperties{registryName=dynamictrees:crimson}
	Entry: dynamictrees:dark_oak, LeavesProperties{registryName=dynamictrees:dark_oak}
	Entry: dynamictrees:flowering_azalea, ScruffyLeavesProperties{registryName=dynamictrees:flowering_azalea}
	Entry: dynamictrees:jungle, LeavesProperties{registryName=dynamictrees:jungle}
	Entry: dynamictrees:jungle_undergrowth, ScruffyLeavesProperties{registryName=dynamictrees:jungle_undergrowth}
	Entry: dynamictrees:mangrove, ScruffyLeavesProperties{registryName=dynamictrees:mangrove}
	Entry: dynamictrees:null, {registryName=dynamictrees:null}
	Entry: dynamictrees:oak, LeavesProperties{registryName=dynamictrees:oak}
	Entry: dynamictrees:oak_undergrowth, ScruffyLeavesProperties{registryName=dynamictrees:oak_undergrowth}
	Entry: dynamictrees:spruce, LeavesProperties{registryName=dynamictrees:spruce}
	Entry: dynamictrees:warped, WartProperties{registryName=dynamictrees:warped}

[14Apr2025 13:49:01.820] [main/DEBUG] [com.ferreusveritas.dynamictrees.api.resource.loading.preparation.JsonRegistryResourceLoader/]: Loaded type "SoilProperties" data: dynamictrees:yellow_terracotta.
[14Apr2025 13:49:01.821] [main/DEBUG] [com.ferreusveritas.dynamictrees.api.resource.loading.preparation.JsonRegistryResourceLoader/]: Loaded type "SoilProperties" data: dynamictrees:white_terracotta.
[14Apr2025 13:49:01.821] [main/DEBUG] [com.ferreusveritas.dynamictrees.api.resource.loading.preparation.JsonRegistryResourceLoader/]: Loaded type "SoilProperties" data: dynamictrees:water.
[14Apr2025 13:49:01.821] [main/DEBUG] [com.ferreusveritas.dynamictrees.api.resource.loading.preparation.JsonRegistryResourceLoader/]: Loaded type "SoilProperties" data: dynamictrees:warped_nylium.
[14Apr2025 13:49:01.821] [main/DEBUG] [com.ferreusveritas.dynamictrees.api.resource.loading.preparation.JsonRegistryResourceLoader/]: Loaded type "SoilProperties" data: dynamictrees:terracotta.
[14Apr2025 13:49:01.821] [main/DEBUG] [com.ferreusveritas.dynamictrees.api.resource.loading.preparation.JsonRegistryResourceLoader/]: Loaded type "SoilProperties" data: dynamictrees:soul_soil.
[14Apr2025 13:49:01.821] [main/DEBUG] [com.ferreusveritas.dynamictrees.api.resource.loading.preparation.JsonRegistryResourceLoader/]: Loaded type "SoilProperties" data: dynamictrees:soul_sand.
[14Apr2025 13:49:01.821] [main/DEBUG] [com.ferreusveritas.dynamictrees.api.resource.loading.preparation.JsonRegistryResourceLoader/]: Loaded type "SoilProperties" data: dynamictrees:snow_block.
[14Apr2025 13:49:01.821] [main/DEBUG] [com.ferreusveritas.dynamictrees.api.resource.loading.preparation.JsonRegistryResourceLoader/]: Loaded type "SoilProperties" data: dynamictrees:sand.
[14Apr2025 13:49:01.821] [main/DEBUG] [com.ferreusveritas.dynamictrees.api.resource.loading.preparation.JsonRegistryResourceLoader/]: Loaded type "SoilProperties" data: dynamictrees:rooted_dirt.
[14Apr2025 13:49:01.822] [main/DEBUG] [com.ferreusveritas.dynamictrees.api.resource.loading.preparation.JsonRegistryResourceLoader/]: Loaded type "SoilProperties" data: dynamictrees:red_terracotta.
[14Apr2025 13:49:01.822] [main/DEBUG] [com.ferreusveritas.dynamictrees.api.resource.loading.preparation.JsonRegistryResourceLoader/]: Loaded type "SoilProperties" data: dynamictrees:red_sand.
[14Apr2025 13:49:01.822] [main/DEBUG] [com.ferreusveritas.dynamictrees.api.resource.loading.preparation.JsonRegistryResourceLoader/]: Loaded type "SoilProperties" data: dynamictrees:powder_snow.
[14Apr2025 13:49:01.822] [main/DEBUG] [com.ferreusveritas.dynamictrees.api.resource.loading.preparation.JsonRegistryResourceLoader/]: Loaded type "SoilProperties" data: dynamictrees:podzol.
[14Apr2025 13:49:01.822] [main/DEBUG] [com.ferreusveritas.dynamictrees.api.resource.loading.preparation.JsonRegistryResourceLoader/]: Loaded type "SoilProperties" data: dynamictrees:orange_terracotta.
[14Apr2025 13:49:01.822] [main/DEBUG] [com.ferreusveritas.dynamictrees.api.resource.loading.preparation.JsonRegistryResourceLoader/]: Loaded type "SoilProperties" data: dynamictrees:netherrack.
[14Apr2025 13:49:01.822] [main/DEBUG] [com.ferreusveritas.dynamictrees.api.resource.loading.preparation.JsonRegistryResourceLoader/]: Loaded type "SoilProperties" data: dynamictrees:mycelium.
[14Apr2025 13:49:01.823] [main/DEBUG] [com.ferreusveritas.dynamictrees.api.resource.loading.preparation.JsonRegistryResourceLoader/]: Loaded type "SoilProperties" data: dynamictrees:mud.
[14Apr2025 13:49:01.823] [main/DEBUG] [com.ferreusveritas.dynamictrees.api.resource.loading.preparation.JsonRegistryResourceLoader/]: Loaded type "SoilProperties" data: dynamictrees:moss_block.
[14Apr2025 13:49:01.823] [main/DEBUG] [com.ferreusveritas.dynamictrees.api.resource.loading.preparation.JsonRegistryResourceLoader/]: Loaded type "SoilProperties" data: dynamictrees:moss.
[14Apr2025 13:49:01.823] [main/DEBUG] [com.ferreusveritas.dynamictrees.api.resource.loading.preparation.JsonRegistryResourceLoader/]: Loaded type "SoilProperties" data: dynamictrees:mangrove_aerial_roots.
[14Apr2025 13:49:01.823] [main/DEBUG] [com.ferreusveritas.dynamictrees.api.resource.loading.preparation.JsonRegistryResourceLoader/]: Loaded type "SoilProperties" data: dynamictrees:light_gray_terracotta.
[14Apr2025 13:49:01.823] [main/DEBUG] [com.ferreusveritas.dynamictrees.api.resource.loading.preparation.JsonRegistryResourceLoader/]: Loaded type "SoilProperties" data: dynamictrees:gravel.
[14Apr2025 13:49:01.823] [main/DEBUG] [com.ferreusveritas.dynamictrees.api.resource.loading.preparation.JsonRegistryResourceLoader/]: Loaded type "SoilProperties" data: dynamictrees:grass_block.
[14Apr2025 13:49:01.823] [main/DEBUG] [com.ferreusveritas.dynamictrees.api.resource.loading.preparation.JsonRegistryResourceLoader/]: Loaded type "SoilProperties" data: dynamictrees:farmland.
[14Apr2025 13:49:01.823] [main/DEBUG] [com.ferreusveritas.dynamictrees.api.resource.loading.preparation.JsonRegistryResourceLoader/]: Loaded type "SoilProperties" data: dynamictrees:end_stone.
[14Apr2025 13:49:01.824] [main/DEBUG] [com.ferreusveritas.dynamictrees.api.resource.loading.preparation.JsonRegistryResourceLoader/]: Loaded type "SoilProperties" data: dynamictrees:dirt.
[14Apr2025 13:49:01.824] [main/DEBUG] [com.ferreusveritas.dynamictrees.api.resource.loading.preparation.JsonRegistryResourceLoader/]: Loaded type "SoilProperties" data: dynamictrees:crimson_nylium.
[14Apr2025 13:49:01.824] [main/DEBUG] [com.ferreusveritas.dynamictrees.api.resource.loading.preparation.JsonRegistryResourceLoader/]: Loaded type "SoilProperties" data: dynamictrees:coarse_dirt.
[14Apr2025 13:49:01.824] [main/DEBUG] [com.ferreusveritas.dynamictrees.api.resource.loading.preparation.JsonRegistryResourceLoader/]: Loaded type "SoilProperties" data: dynamictrees:brown_terracotta.
[14Apr2025 13:49:01.824] [main/DEBUG] [com.ferreusveritas.dynamictrees.api.registry.AbstractRegistry/REGISTRY_DUMP]: Name: SoilProperties
	Entry: dynamictrees:brown_terracotta, dynamictrees:brown_terracotta
	Entry: dynamictrees:coarse_dirt, dynamictrees:coarse_dirt
	Entry: dynamictrees:crimson_nylium, dynamictrees:crimson_nylium
	Entry: dynamictrees:dirt, dynamictrees:dirt
	Entry: dynamictrees:end_stone, dynamictrees:end_stone
	Entry: dynamictrees:farmland, dynamictrees:farmland
	Entry: dynamictrees:grass_block, dynamictrees:grass_block
	Entry: dynamictrees:gravel, dynamictrees:gravel
	Entry: dynamictrees:light_gray_terracotta, dynamictrees:light_gray_terracotta
	Entry: dynamictrees:mangrove_aerial_roots, dynamictrees:mangrove_aerial_roots
	Entry: dynamictrees:moss, dynamictrees:moss
	Entry: dynamictrees:moss_block, dynamictrees:moss_block
	Entry: dynamictrees:mud, dynamictrees:mud
	Entry: dynamictrees:mycelium, dynamictrees:mycelium
	Entry: dynamictrees:netherrack, dynamictrees:netherrack
	Entry: dynamictrees:null, dynamictrees:null
	Entry: dynamictrees:orange_terracotta, dynamictrees:orange_terracotta
	Entry: dynamictrees:podzol, dynamictrees:podzol
	Entry: dynamictrees:powder_snow, dynamictrees:powder_snow
	Entry: dynamictrees:red_sand, dynamictrees:red_sand
	Entry: dynamictrees:red_terracotta, dynamictrees:red_terracotta
	Entry: dynamictrees:rooted_dirt, dynamictrees:rooted_dirt
	Entry: dynamictrees:sand, dynamictrees:sand
	Entry: dynamictrees:snow_block, dynamictrees:snow_block
	Entry: dynamictrees:soul_sand, dynamictrees:soul_sand
	Entry: dynamictrees:soul_soil, dynamictrees:soul_soil
	Entry: dynamictrees:terracotta, dynamictrees:terracotta
	Entry: dynamictrees:warped_nylium, dynamictrees:warped_nylium
	Entry: dynamictrees:water, dynamictrees:water
	Entry: dynamictrees:white_terracotta, dynamictrees:white_terracotta
	Entry: dynamictrees:yellow_terracotta, dynamictrees:yellow_terracotta

[14Apr2025 13:49:01.825] [main/DEBUG] [com.ferreusveritas.dynamictrees.api.resource.loading.preparation.JsonRegistryResourceLoader/]: Loaded type "Family" data: NetherFungusFamily{registryName=dynamictrees:warped, commonLeaves=WartProperties{registryName=dynamictrees:warped}, maxBranchRadius=24, commonSpecies=NetherFungusSpecies{registryName=dynamictrees:warped}, primitiveLog=Block{minecraft:warped_stem}, primitiveStrippedLog=Block{minecraft:stripped_warped_stem}, stick=stick, minRadiusForStrip=null}.
[14Apr2025 13:49:01.827] [main/DEBUG] [com.ferreusveritas.dynamictrees.api.resource.loading.preparation.JsonRegistryResourceLoader/]: Loaded type "Family" data: Family{registryName=dynamictrees:spruce, commonLeaves=LeavesProperties{registryName=dynamictrees:spruce}, maxBranchRadius=24, commonSpecies=Species{registryName=dynamictrees:spruce}, primitiveLog=Block{minecraft:spruce_log}, primitiveStrippedLog=Block{minecraft:stripped_spruce_log}, stick=stick, minRadiusForStrip=null}.
[14Apr2025 13:49:01.827] [main/DEBUG] [com.ferreusveritas.dynamictrees.api.resource.loading.preparation.JsonRegistryResourceLoader/]: Loaded type "Family" data: Family{registryName=dynamictrees:oak, commonLeaves=LeavesProperties{registryName=dynamictrees:oak}, maxBranchRadius=8, commonSpecies=Species{registryName=dynamictrees:oak}, primitiveLog=Block{minecraft:oak_log}, primitiveStrippedLog=Block{minecraft:stripped_oak_log}, stick=stick, minRadiusForStrip=null}.
[14Apr2025 13:49:01.828] [main/DEBUG] [com.ferreusveritas.dynamictrees.api.resource.loading.preparation.JsonRegistryResourceLoader/]: Loaded type "Family" data: MangroveFamily{registryName=dynamictrees:mangrove, commonLeaves=ScruffyLeavesProperties{registryName=dynamictrees:mangrove}, maxBranchRadius=8, commonSpecies=MangroveSpecies{registryName=dynamictrees:mangrove}, primitiveLog=Block{minecraft:mangrove_log}, primitiveStrippedLog=Block{minecraft:stripped_mangrove_log}, stick=stick, minRadiusForStrip=null}.
[14Apr2025 13:49:01.829] [main/DEBUG] [com.ferreusveritas.dynamictrees.api.resource.loading.preparation.JsonRegistryResourceLoader/]: Loaded type "Family" data: Family{registryName=dynamictrees:jungle, commonLeaves=LeavesProperties{registryName=dynamictrees:jungle}, maxBranchRadius=24, commonSpecies=Species{registryName=dynamictrees:jungle}, primitiveLog=Block{minecraft:jungle_log}, primitiveStrippedLog=Block{minecraft:stripped_jungle_log}, stick=stick, minRadiusForStrip=null}.
[14Apr2025 13:49:01.829] [main/DEBUG] [com.ferreusveritas.dynamictrees.api.resource.loading.preparation.JsonRegistryResourceLoader/]: Loaded type "Family" data: Family{registryName=dynamictrees:dark_oak, commonLeaves=LeavesProperties{registryName=dynamictrees:dark_oak}, maxBranchRadius=24, commonSpecies=Species{registryName=dynamictrees:dark_oak}, primitiveLog=Block{minecraft:dark_oak_log}, primitiveStrippedLog=Block{minecraft:stripped_dark_oak_log}, stick=stick, minRadiusForStrip=null}.
[14Apr2025 13:49:01.829] [main/DEBUG] [com.ferreusveritas.dynamictrees.api.resource.loading.preparation.JsonRegistryResourceLoader/]: Loaded type "Family" data: NetherFungusFamily{registryName=dynamictrees:crimson, commonLeaves=WartProperties{registryName=dynamictrees:crimson}, maxBranchRadius=24, commonSpecies=NetherFungusSpecies{registryName=dynamictrees:crimson}, primitiveLog=Block{minecraft:crimson_stem}, primitiveStrippedLog=Block{minecraft:stripped_crimson_stem}, stick=stick, minRadiusForStrip=null}.
[14Apr2025 13:49:01.829] [main/DEBUG] [com.ferreusveritas.dynamictrees.api.resource.loading.preparation.JsonRegistryResourceLoader/]: Loaded type "Family" data: Family{registryName=dynamictrees:cherry, commonLeaves=LeavesProperties{registryName=dynamictrees:cherry}, maxBranchRadius=8, commonSpecies=Species{registryName=dynamictrees:cherry}, primitiveLog=Block{minecraft:cherry_log}, primitiveStrippedLog=Block{minecraft:stripped_cherry_log}, stick=stick, minRadiusForStrip=null}.
[14Apr2025 13:49:01.829] [main/DEBUG] [com.ferreusveritas.dynamictrees.api.resource.loading.preparation.JsonRegistryResourceLoader/]: Loaded type "Family" data: Family{registryName=dynamictrees:birch, commonLeaves=LeavesProperties{registryName=dynamictrees:birch}, maxBranchRadius=8, commonSpecies=Species{registryName=dynamictrees:birch}, primitiveLog=Block{minecraft:birch_log}, primitiveStrippedLog=Block{minecraft:stripped_birch_log}, stick=stick, minRadiusForStrip=null}.
[14Apr2025 13:49:01.829] [main/DEBUG] [com.ferreusveritas.dynamictrees.api.resource.loading.preparation.JsonRegistryResourceLoader/]: Loaded type "Family" data: Family{registryName=dynamictrees:acacia, commonLeaves=LeavesProperties{registryName=dynamictrees:acacia}, maxBranchRadius=8, commonSpecies=Species{registryName=dynamictrees:acacia}, primitiveLog=Block{minecraft:acacia_log}, primitiveStrippedLog=Block{minecraft:stripped_acacia_log}, stick=stick, minRadiusForStrip=null}.
[14Apr2025 13:49:01.830] [main/DEBUG] [com.ferreusveritas.dynamictrees.api.registry.AbstractRegistry/REGISTRY_DUMP]: Name: Family
	Entry: dynamictrees:acacia, Family{registryName=dynamictrees:acacia}
	Entry: dynamictrees:birch, Family{registryName=dynamictrees:birch}
	Entry: dynamictrees:cherry, Family{registryName=dynamictrees:cherry}
	Entry: dynamictrees:crimson, NetherFungusFamily{registryName=dynamictrees:crimson}
	Entry: dynamictrees:dark_oak, Family{registryName=dynamictrees:dark_oak}
	Entry: dynamictrees:jungle, Family{registryName=dynamictrees:jungle}
	Entry: dynamictrees:mangrove, MangroveFamily{registryName=dynamictrees:mangrove}
	Entry: dynamictrees:null, {registryName=dynamictrees:null}
	Entry: dynamictrees:oak, Family{registryName=dynamictrees:oak}
	Entry: dynamictrees:spruce, Family{registryName=dynamictrees:spruce}
	Entry: dynamictrees:warped, NetherFungusFamily{registryName=dynamictrees:warped}

[14Apr2025 13:49:01.830] [main/DEBUG] [com.ferreusveritas.dynamictrees.api.resource.loading.preparation.JsonRegistryResourceLoader/]: Loaded type "Fruit" data: Fruit{registryName=dynamictrees:apple}.
[14Apr2025 13:49:01.831] [main/DEBUG] [com.ferreusveritas.dynamictrees.api.registry.AbstractRegistry/REGISTRY_DUMP]: Name: Fruit
	Entry: dynamictrees:apple, Fruit{registryName=dynamictrees:apple}
	Entry: dynamictrees:null, Fruit{registryName=dynamictrees:null}

[14Apr2025 13:49:01.832] [main/DEBUG] [com.ferreusveritas.dynamictrees.api.resource.loading.preparation.JsonRegistryResourceLoader/]: Loaded type "Pod" data: Pod{registryName=dynamictrees:cocoa}.
[14Apr2025 13:49:01.832] [main/DEBUG] [com.ferreusveritas.dynamictrees.api.registry.AbstractRegistry/REGISTRY_DUMP]: Name: Pod
	Entry: dynamictrees:cocoa, Pod{registryName=dynamictrees:cocoa}
	Entry: dynamictrees:null, Pod{registryName=dynamictrees:null}

[14Apr2025 13:49:01.845] [main/DEBUG] [com.ferreusveritas.dynamictrees.api.resource.loading.preparation.JsonRegistryResourceLoader/]: Loaded type "Species" data: NetherFungusSpecies{registryName=dynamictrees:warped, tapering=0.0, upProbability=4, lowestBranchHeight=3, signalEnergy=18.0, growthRate=1.0, soilLongevity=3, soilTypeFlags=1057, maxBranchRadius=8, transformable=true, logicKit=GrowthLogicKitConfiguration{configurable=NetherFungusLogic{registryName=dynamictrees:nether_fungus}, properties={ConfigurationProperty{identifier='min_cap_height', type=class java.lang.Integer}=3, ConfigurationProperty{identifier='height_variation', type=class java.lang.Integer}=8}}, leavesProperties=WartProperties{registryName=dynamictrees:warped}, envFactors={TagKey[minecraft:worldgen/biome / forge:is_cold]=0.25, TagKey[minecraft:worldgen/biome / forge:is_wet]=0.75}, megaSpecies={registryName=dynamictrees:null}, seed=net.minecraftforge.registries.RegistryObject@24389193, primitive_sapling=Block{minecraft:warped_fungus}, perfectBiomes=com.ferreusveritas.dynamictrees.util.holderset.DTBiomeHolderSet@1e8eacc1, acceptableBlocksForGrowth=[Block{minecraft:warped_nylium}, Block{dynamictrees:rooty_warped_nylium}], genFeatures=[GenFeatureConfiguration{configurable=ClearVolumeGenFeature{registryName=dynamictrees:clear_volume}, properties={ConfigurationProperty{identifier='height', type=class java.lang.Integer}=8}}, GenFeatureConfiguration{configurable=ShroomlightGenFeature{registryName=dynamictrees:shroomlight}, properties={ConfigurationProperty{identifier='max_count', type=class java.lang.Integer}=4, ConfigurationProperty{identifier='shroomlight', type=class net.minecraft.world.level.block.Block}=Block{minecraft:shroomlight}, ConfigurationProperty{identifier='max_height', type=class java.lang.Integer}=32, ConfigurationProperty{identifier='place_chance', type=class java.lang.Float}=0.3, ConfigurationProperty{identifier='can_grow_predicate', type=interface com.ferreusveritas.dynamictrees.util.function.CanGrowPredicate}=com.ferreusveritas.dynamictrees.systems.genfeature.ShroomlightGenFeature$$Lambda$9117/0x00007491f11d2648@77593d88}}, GenFeatureConfiguration{configurable=BottomFlareGenFeature{registryName=dynamictrees:bottom_flare}, properties={ConfigurationProperty{identifier='min_radius', type=class java.lang.Integer}=7}}]}.
[14Apr2025 13:49:01.899] [main/DEBUG] [com.ferreusveritas.dynamictrees.api.resource.loading.preparation.JsonRegistryResourceLoader/]: Loaded type "Species" data: Species{registryName=dynamictrees:tall_birch, tapering=0.05, upProbability=7, lowestBranchHeight=7, signalEnergy=24.0, growthRate=1.3, soilLongevity=12, soilTypeFlags=1, maxBranchRadius=8, transformable=true, logicKit=GrowthLogicKitConfiguration{configurable={registryName=dynamictrees:null}, properties={}}, leavesProperties=LeavesProperties{registryName=dynamictrees:birch}, envFactors={TagKey[minecraft:worldgen/biome / forge:is_hot]=0.5, TagKey[minecraft:worldgen/biome / minecraft:is_forest]=1.05, TagKey[minecraft:worldgen/biome / forge:is_cold]=0.75, TagKey[minecraft:worldgen/biome / forge:is_dry]=0.5}, megaSpecies={registryName=dynamictrees:null}, seed=net.minecraftforge.registries.RegistryObject@189449aa, primitive_sapling=Block{minecraft:air}, perfectBiomes=com.ferreusveritas.dynamictrees.util.holderset.DTBiomeHolderSet@66978c07, acceptableBlocksForGrowth=[], genFeatures=[GenFeatureConfiguration{configurable=MushroomRotGenFeature{registryName=dynamictrees:mushroom_rot}, properties={ConfigurationProperty{identifier='alternate_mushroom', type=class net.minecraft.world.level.block.Block}=Block{minecraft:red_mushroom}, ConfigurationProperty{identifier='alternate_mushroom_chance', type=class java.lang.Float}=2.0, ConfigurationProperty{identifier='mushroom', type=class net.minecraft.world.level.block.Block}=Block{minecraft:brown_mushroom}}}, GenFeatureConfiguration{configurable=RotSoilGenFeature{registryName=dynamictrees:rot_soil}, properties={ConfigurationProperty{identifier='rotten_soil', type=class net.minecraft.world.level.block.Block}=Block{minecraft:dirt}}}, GenFeatureConfiguration{configurable=BeeNestGenFeature{registryName=dynamictrees:bee_nest}, properties={ConfigurationProperty{identifier='world_gen_chance', type=interface com.ferreusveritas.dynamictrees.systems.genfeature.BeeNestGenFeature$WorldGenChanceFunction}=com.ferreusveritas.dynamictrees.systems.genfeature.BeeNestGenFeature$$Lambda$9116/0x00007491f11d21f8@64de08cd, ConfigurationProperty{identifier='max_count', type=class java.lang.Integer}=1, ConfigurationProperty{identifier='max_height', type=class java.lang.Integer}=32, ConfigurationProperty{identifier='can_grow_predicate', type=interface com.ferreusveritas.dynamictrees.util.function.CanGrowPredicate}=com.ferreusveritas.dynamictrees.systems.genfeature.BeeNestGenFeature$$Lambda$9115/0x00007491f11d1f90@6312b18, ConfigurationProperty{identifier='nest', type=class net.minecraft.world.level.block.Block}=Block{minecraft:bee_nest}}}]}.
[14Apr2025 13:49:01.900] [main/DEBUG] [com.ferreusveritas.dynamictrees.api.resource.loading.preparation.JsonRegistryResourceLoader/]: Loaded type "Species" data: SwampOakSpecies{registryName=dynamictrees:swamp_oak, tapering=0.3, upProbability=2, lowestBranchHeight=3, signalEnergy=12.0, growthRate=0.8, soilLongevity=8, soilTypeFlags=9, maxBranchRadius=8, transformable=true, logicKit=GrowthLogicKitConfiguration{configurable={registryName=dynamictrees:null}, properties={}}, leavesProperties=LeavesProperties{registryName=dynamictrees:oak}, envFactors={TagKey[minecraft:worldgen/biome / forge:is_cold]=0.5, TagKey[minecraft:worldgen/biome / forge:is_dry]=0.5}, megaSpecies={registryName=dynamictrees:null}, seed=net.minecraftforge.registries.RegistryObject@28140121, primitive_sapling=Block{minecraft:air}, perfectBiomes=com.ferreusveritas.dynamictrees.util.holderset.DTBiomeHolderSet@3eacf1af, acceptableBlocksForGrowth=[], genFeatures=[GenFeatureConfiguration{configurable=VinesGenFeature{registryName=dynamictrees:vines}, properties={ConfigurationProperty{identifier='vertical_spread', type=class java.lang.Float}=30.0, ConfigurationProperty{identifier='ray_distance', type=class java.lang.Float}=6.0, ConfigurationProperty{identifier='block', type=class net.minecraft.world.level.block.Block}=Block{minecraft:vine}, ConfigurationProperty{identifier='vine_type', type=class com.ferreusveritas.dynamictrees.systems.genfeature.VinesGenFeature$VineType}=SIDE, ConfigurationProperty{identifier='quantity', type=class java.lang.Integer}=24, ConfigurationProperty{identifier='fruiting_radius', type=class java.lang.Integer}=-1, ConfigurationProperty{identifier='tip_block', type=class net.minecraft.world.level.block.Block}=null, ConfigurationProperty{identifier='max_length', type=class java.lang.Integer}=7}}, GenFeatureConfiguration{configurable=RotSoilGenFeature{registryName=dynamictrees:rot_soil}, properties={ConfigurationProperty{identifier='rotten_soil', type=class net.minecraft.world.level.block.Block}=Block{minecraft:dirt}}}, GenFeatureConfiguration{configurable=MushroomRotGenFeature{registryName=dynamictrees:mushroom_rot}, properties={ConfigurationProperty{identifier='alternate_mushroom', type=class net.minecraft.world.level.block.Block}=Block{minecraft:red_mushroom}, ConfigurationProperty{identifier='alternate_mushroom_chance', type=class java.lang.Float}=0.25, ConfigurationProperty{identifier='mushroom', type=class net.minecraft.world.level.block.Block}=Block{minecraft:brown_mushroom}}}]}.
[14Apr2025 13:49:01.901] [main/DEBUG] [com.ferreusveritas.dynamictrees.api.resource.loading.preparation.JsonRegistryResourceLoader/]: Loaded type "Species" data: Species{registryName=dynamictrees:spruce, tapering=0.25, upProbability=3, lowestBranchHeight=3, signalEnergy=16.0, growthRate=0.9, soilLongevity=8, soilTypeFlags=1, maxBranchRadius=8, transformable=true, logicKit=GrowthLogicKitConfiguration{configurable=ConiferLogic{registryName=dynamictrees:conifer}, properties={ConfigurationProperty{identifier='energy_divisor', type=class java.lang.Float}=3.0, ConfigurationProperty{identifier='variate_lowest_branch', type=class java.lang.Boolean}=false, ConfigurationProperty{identifier='height_variation', type=class java.lang.Integer}=5, ConfigurationProperty{identifier='horizontal_limiter', type=class java.lang.Float}=16.0}}, leavesProperties=LeavesProperties{registryName=dynamictrees:spruce}, envFactors={TagKey[minecraft:worldgen/biome / forge:is_hot]=0.5, TagKey[minecraft:worldgen/biome / forge:is_dry]=0.25, TagKey[minecraft:worldgen/biome / forge:is_wet]=0.75}, megaSpecies={registryName=dynamictrees:null}, seed=net.minecraftforge.registries.RegistryObject@c041a9d8, primitive_sapling=Block{minecraft:spruce_sapling}, perfectBiomes=com.ferreusveritas.dynamictrees.util.holderset.DTBiomeHolderSet@4cda361a, acceptableBlocksForGrowth=[], genFeatures=[GenFeatureConfiguration{configurable=ConiferTopperGenFeature{registryName=dynamictrees:conifer_topper}, properties={ConfigurationProperty{identifier='leaves_properties', type=class com.ferreusveritas.dynamictrees.block.leaves.LeavesProperties}={registryName=dynamictrees:null}}}, GenFeatureConfiguration{configurable=PodzolGenFeature{registryName=dynamictrees:podzol}, properties={}}]}.
[14Apr2025 13:49:01.901] [main/DEBUG] [com.ferreusveritas.dynamictrees.api.resource.loading.preparation.JsonRegistryResourceLoader/]: Loaded type "Species" data: Species{registryName=dynamictrees:oak_undergrowth, tapering=0.3, upProbability=0, lowestBranchHeight=0, signalEnergy=1.2, growthRate=1.0, soilLongevity=1, soilTypeFlags=1, maxBranchRadius=8, transformable=true, logicKit=GrowthLogicKitConfiguration{configurable={registryName=dynamictrees:null}, properties={}}, leavesProperties=ScruffyLeavesProperties{registryName=dynamictrees:oak_undergrowth}, envFactors={}, megaSpecies={registryName=dynamictrees:null}, seed=net.minecraftforge.registries.RegistryObject@28140121, primitive_sapling=Block{minecraft:air}, perfectBiomes=com.ferreusveritas.dynamictrees.util.holderset.DTBiomeHolderSet@15a297a7, acceptableBlocksForGrowth=[], genFeatures=[]}.
[14Apr2025 13:49:01.902] [main/DEBUG] [com.ferreusveritas.dynamictrees.api.resource.loading.preparation.JsonRegistryResourceLoader/]: Loaded type "Species" data: Species{registryName=dynamictrees:oak, tapering=0.3, upProbability=2, lowestBranchHeight=3, signalEnergy=12.0, growthRate=0.8, soilLongevity=8, soilTypeFlags=1, maxBranchRadius=8, transformable=true, logicKit=GrowthLogicKitConfiguration{configurable={registryName=dynamictrees:null}, properties={}}, leavesProperties=LeavesProperties{registryName=dynamictrees:oak}, envFactors={TagKey[minecraft:worldgen/biome / forge:is_hot]=0.5, TagKey[minecraft:worldgen/biome / minecraft:is_forest]=1.05, TagKey[minecraft:worldgen/biome / forge:is_cold]=0.75, TagKey[minecraft:worldgen/biome / forge:is_dry]=0.5}, megaSpecies={registryName=dynamictrees:null}, seed=net.minecraftforge.registries.RegistryObject@28140121, primitive_sapling=Block{minecraft:oak_sapling}, perfectBiomes=com.ferreusveritas.dynamictrees.util.holderset.DTBiomeHolderSet@2e4276e0, acceptableBlocksForGrowth=[], genFeatures=[GenFeatureConfiguration{configurable=RotSoilGenFeature{registryName=dynamictrees:rot_soil}, properties={ConfigurationProperty{identifier='rotten_soil', type=class net.minecraft.world.level.block.Block}=Block{minecraft:podzol}}}, GenFeatureConfiguration{configurable=MushroomRotGenFeature{registryName=dynamictrees:mushroom_rot}, properties={ConfigurationProperty{identifier='alternate_mushroom', type=class net.minecraft.world.level.block.Block}=Block{minecraft:red_mushroom}, ConfigurationProperty{identifier='alternate_mushroom_chance', type=class java.lang.Float}=0.25, ConfigurationProperty{identifier='mushroom', type=class net.minecraft.world.level.block.Block}=Block{minecraft:brown_mushroom}}}, GenFeatureConfiguration{configurable=BeeNestGenFeature{registryName=dynamictrees:bee_nest}, properties={ConfigurationProperty{identifier='world_gen_chance', type=interface com.ferreusveritas.dynamictrees.systems.genfeature.BeeNestGenFeature$WorldGenChanceFunction}=com.ferreusveritas.dynamictrees.systems.genfeature.BeeNestGenFeature$$Lambda$9116/0x00007491f11d21f8@64de08cd, ConfigurationProperty{identifier='max_count', type=class java.lang.Integer}=1, ConfigurationProperty{identifier='max_height', type=class java.lang.Integer}=32, ConfigurationProperty{identifier='can_grow_predicate', type=interface com.ferreusveritas.dynamictrees.util.function.CanGrowPredicate}=com.ferreusveritas.dynamictrees.systems.genfeature.BeeNestGenFeature$$Lambda$9115/0x00007491f11d1f90@6312b18, ConfigurationProperty{identifier='nest', type=class net.minecraft.world.level.block.Block}=Block{minecraft:bee_nest}}}]}.
[14Apr2025 13:49:01.903] [main/DEBUG] [com.ferreusveritas.dynamictrees.api.resource.loading.preparation.JsonRegistryResourceLoader/]: Loaded type "Species" data: NetherFungusSpecies{registryName=dynamictrees:mega_warped, tapering=0.0, upProbability=8, lowestBranchHeight=10, signalEnergy=30.0, growthRate=0.9, soilLongevity=8, soilTypeFlags=1057, maxBranchRadius=20, transformable=true, logicKit=GrowthLogicKitConfiguration{configurable=NetherFungusLogic{registryName=dynamictrees:nether_fungus}, properties={ConfigurationProperty{identifier='min_cap_height', type=class java.lang.Integer}=6, ConfigurationProperty{identifier='height_variation', type=class java.lang.Integer}=8}}, leavesProperties=WartProperties{registryName=dynamictrees:warped}, envFactors={TagKey[minecraft:worldgen/biome / forge:is_cold]=0.25, TagKey[minecraft:worldgen/biome / forge:is_wet]=0.75}, megaSpecies={registryName=dynamictrees:null}, seed=net.minecraftforge.registries.RegistryObject@24389193, primitive_sapling=Block{minecraft:air}, perfectBiomes=com.ferreusveritas.dynamictrees.util.holderset.DTBiomeHolderSet@33b5efd4, acceptableBlocksForGrowth=[Block{minecraft:warped_nylium}], genFeatures=[GenFeatureConfiguration{configurable=MoundGenFeature{registryName=dynamictrees:mound}, properties={ConfigurationProperty{identifier='mound_cutoff_radius', type=class java.lang.Integer}=999}}, GenFeatureConfiguration{configurable=ClearVolumeGenFeature{registryName=dynamictrees:clear_volume}, properties={ConfigurationProperty{identifier='height', type=class java.lang.Integer}=8}}, GenFeatureConfiguration{configurable=ShroomlightGenFeature{registryName=dynamictrees:shroomlight}, properties={ConfigurationProperty{identifier='max_count', type=class java.lang.Integer}=4, ConfigurationProperty{identifier='shroomlight', type=class net.minecraft.world.level.block.Block}=Block{minecraft:shroomlight}, ConfigurationProperty{identifier='max_height', type=class java.lang.Integer}=32, ConfigurationProperty{identifier='place_chance', type=class java.lang.Float}=0.3, ConfigurationProperty{identifier='can_grow_predicate', type=interface com.ferreusveritas.dynamictrees.util.function.CanGrowPredicate}=com.ferreusveritas.dynamictrees.systems.genfeature.ShroomlightGenFeature$$Lambda$9117/0x00007491f11d2648@77593d88}}, GenFeatureConfiguration{configurable=BottomFlareGenFeature{registryName=dynamictrees:bottom_flare}, properties={ConfigurationProperty{identifier='min_radius', type=class java.lang.Integer}=6}}]}.
[14Apr2025 13:49:01.903] [main/DEBUG] [com.ferreusveritas.dynamictrees.api.resource.loading.preparation.JsonRegistryResourceLoader/]: Loaded type "Species" data: Species{registryName=dynamictrees:mega_spruce, tapering=0.25, upProbability=7, lowestBranchHeight=5, signalEnergy=24.0, growthRate=0.9, soilLongevity=16, soilTypeFlags=1, maxBranchRadius=24, transformable=true, logicKit=GrowthLogicKitConfiguration{configurable=ConiferLogic{registryName=dynamictrees:conifer}, properties={ConfigurationProperty{identifier='energy_divisor', type=class java.lang.Float}=5.0, ConfigurationProperty{identifier='variate_lowest_branch', type=class java.lang.Boolean}=false, ConfigurationProperty{identifier='height_variation', type=class java.lang.Integer}=5, ConfigurationProperty{identifier='horizontal_limiter', type=class java.lang.Float}=16.0}}, leavesProperties=LeavesProperties{registryName=dynamictrees:spruce}, envFactors={TagKey[minecraft:worldgen/biome / forge:is_hot]=0.5, TagKey[minecraft:worldgen/biome / forge:is_dry]=0.25, TagKey[minecraft:worldgen/biome / forge:is_wet]=0.75}, megaSpecies={registryName=dynamictrees:null}, seed=net.minecraftforge.registries.RegistryObject@c041a9d8, primitive_sapling=Block{minecraft:air}, perfectBiomes=com.ferreusveritas.dynamictrees.util.holderset.DTBiomeHolderSet@32ab59aa, acceptableBlocksForGrowth=[], genFeatures=[GenFeatureConfiguration{configurable=ConiferTopperGenFeature{registryName=dynamictrees:conifer_topper}, properties={ConfigurationProperty{identifier='leaves_properties', type=class com.ferreusveritas.dynamictrees.block.leaves.LeavesProperties}={registryName=dynamictrees:null}}}, GenFeatureConfiguration{configurable=MoundGenFeature{registryName=dynamictrees:mound}, properties={ConfigurationProperty{identifier='mound_cutoff_radius', type=class java.lang.Integer}=999}}, GenFeatureConfiguration{configurable=ClearVolumeGenFeature{registryName=dynamictrees:clear_volume}, properties={ConfigurationProperty{identifier='height', type=class java.lang.Integer}=8}}, GenFeatureConfiguration{configurable=PodzolGenFeature{registryName=dynamictrees:podzol}, properties={}}]}.
[14Apr2025 13:49:01.905] [main/DEBUG] [com.ferreusveritas.dynamictrees.api.resource.loading.preparation.JsonRegistryResourceLoader/]: Loaded type "Species" data: Species{registryName=dynamictrees:mega_jungle, tapering=0.17, upProbability=10, lowestBranchHeight=8, signalEnergy=35.0, growthRate=1.2, soilLongevity=12, soilTypeFlags=1, maxBranchRadius=24, transformable=true, logicKit=GrowthLogicKitConfiguration{configurable=JungleLogic{registryName=dynamictrees:jungle}, properties={ConfigurationProperty{identifier='branch_out_chance', type=class java.lang.Integer}=3, ConfigurationProperty{identifier='canopy_height', type=class java.lang.Integer}=25}}, leavesProperties=LeavesProperties{registryName=dynamictrees:jungle}, envFactors={TagKey[minecraft:worldgen/biome / forge:is_hot]=1.1, TagKey[minecraft:worldgen/biome / forge:is_cold]=0.15, TagKey[minecraft:worldgen/biome / forge:is_dry]=0.2, TagKey[minecraft:worldgen/biome / forge:is_wet]=1.1}, megaSpecies={registryName=dynamictrees:null}, seed=net.minecraftforge.registries.RegistryObject@265c7bbd, primitive_sapling=Block{minecraft:air}, perfectBiomes=com.ferreusveritas.dynamictrees.util.holderset.DTBiomeHolderSet@7a964fe8, acceptableBlocksForGrowth=[], genFeatures=[GenFeatureConfiguration{configurable=VinesGenFeature{registryName=dynamictrees:vines}, properties={ConfigurationProperty{identifier='vertical_spread', type=class java.lang.Float}=60.0, ConfigurationProperty{identifier='ray_distance', type=class java.lang.Float}=5.0, ConfigurationProperty{identifier='block', type=class net.minecraft.world.level.block.Block}=Block{minecraft:vine}, ConfigurationProperty{identifier='vine_type', type=class com.ferreusveritas.dynamictrees.systems.genfeature.VinesGenFeature$VineType}=SIDE, ConfigurationProperty{identifier='quantity', type=class java.lang.Integer}=16, ConfigurationProperty{identifier='fruiting_radius', type=class java.lang.Integer}=-1, ConfigurationProperty{identifier='tip_block', type=class net.minecraft.world.level.block.Block}=null, ConfigurationProperty{identifier='max_length', type=class java.lang.Integer}=16}}, GenFeatureConfiguration{configurable=MoundGenFeature{registryName=dynamictrees:mound}, properties={ConfigurationProperty{identifier='mound_cutoff_radius', type=class java.lang.Integer}=999}}, GenFeatureConfiguration{configurable=RootsGenFeature{registryName=dynamictrees:roots}, properties={ConfigurationProperty{identifier='level_limit', type=class java.lang.Integer}=2, ConfigurationProperty{identifier='scale_factor', type=class java.lang.Float}=20.0, ConfigurationProperty{identifier='min_trunk_radius', type=class java.lang.Integer}=9}}, GenFeatureConfiguration{configurable=ClearVolumeGenFeature{registryName=dynamictrees:clear_volume}, properties={ConfigurationProperty{identifier='height', type=class java.lang.Integer}=20}}, GenFeatureConfiguration{configurable=BottomFlareGenFeature{registryName=dynamictrees:bottom_flare}, properties={ConfigurationProperty{identifier='min_radius', type=class java.lang.Integer}=6}}]}.
[14Apr2025 13:49:01.908] [main/DEBUG] [com.ferreusveritas.dynamictrees.api.resource.loading.preparation.JsonRegistryResourceLoader/]: Loaded type "Species" data: NetherFungusSpecies{registryName=dynamictrees:mega_crimson, tapering=0.0, upProbability=8, lowestBranchHeight=10, signalEnergy=30.0, growthRate=0.9, soilLongevity=8, soilTypeFlags=1057, maxBranchRadius=20, transformable=true, logicKit=GrowthLogicKitConfiguration{configurable=NetherFungusLogic{registryName=dynamictrees:nether_fungus}, properties={ConfigurationProperty{identifier='min_cap_height', type=class java.lang.Integer}=6, ConfigurationProperty{identifier='height_variation', type=class java.lang.Integer}=8}}, leavesProperties=WartProperties{registryName=dynamictrees:crimson}, envFactors={TagKey[minecraft:worldgen/biome / forge:is_cold]=0.25, TagKey[minecraft:worldgen/biome / forge:is_wet]=0.75}, megaSpecies={registryName=dynamictrees:null}, seed=net.minecraftforge.registries.RegistryObject@4c1bb2db, primitive_sapling=Block{minecraft:air}, perfectBiomes=com.ferreusveritas.dynamictrees.util.holderset.DTBiomeHolderSet@5b895f4c, acceptableBlocksForGrowth=[Block{minecraft:crimson_nylium}], genFeatures=[GenFeatureConfiguration{configurable=MoundGenFeature{registryName=dynamictrees:mound}, properties={ConfigurationProperty{identifier='mound_cutoff_radius', type=class java.lang.Integer}=999}}, GenFeatureConfiguration{configurable=ClearVolumeGenFeature{registryName=dynamictrees:clear_volume}, properties={ConfigurationProperty{identifier='height', type=class java.lang.Integer}=8}}, GenFeatureConfiguration{configurable=ShroomlightGenFeature{registryName=dynamictrees:shroomlight}, properties={ConfigurationProperty{identifier='max_count', type=class java.lang.Integer}=4, ConfigurationProperty{identifier='shroomlight', type=class net.minecraft.world.level.block.Block}=Block{minecraft:shroomlight}, ConfigurationProperty{identifier='max_height', type=class java.lang.Integer}=32, ConfigurationProperty{identifier='place_chance', type=class java.lang.Float}=0.3, ConfigurationProperty{identifier='can_grow_predicate', type=interface com.ferreusveritas.dynamictrees.util.function.CanGrowPredicate}=com.ferreusveritas.dynamictrees.systems.genfeature.ShroomlightGenFeature$$Lambda$9117/0x00007491f11d2648@77593d88}}, GenFeatureConfiguration{configurable=BottomFlareGenFeature{registryName=dynamictrees:bottom_flare}, properties={ConfigurationProperty{identifier='min_radius', type=class java.lang.Integer}=6}}, GenFeatureConfiguration{configurable=VinesGenFeature{registryName=dynamictrees:vines}, properties={ConfigurationProperty{identifier='vertical_spread', type=class java.lang.Float}=60.0, ConfigurationProperty{identifier='ray_distance', type=class java.lang.Float}=5.0, ConfigurationProperty{identifier='block', type=class net.minecraft.world.level.block.Block}=Block{minecraft:weeping_vines_plant}, ConfigurationProperty{identifier='vine_type', type=class com.ferreusveritas.dynamictrees.systems.genfeature.VinesGenFeature$VineType}=CEILING, ConfigurationProperty{identifier='quantity', type=class java.lang.Integer}=7, ConfigurationProperty{identifier='fruiting_radius', type=class java.lang.Integer}=-1, ConfigurationProperty{identifier='tip_block', type=class net.minecraft.world.level.block.Block}=Block{minecraft:weeping_vines}, ConfigurationProperty{identifier='max_length', type=class java.lang.Integer}=5}}]}.
[14Apr2025 13:49:01.909] [main/DEBUG] [com.ferreusveritas.dynamictrees.api.resource.loading.preparation.JsonRegistryResourceLoader/]: Loaded type "Species" data: MangroveSpecies{registryName=dynamictrees:mangrove, tapering=0.25, upProbability=8, lowestBranchHeight=2, signalEnergy=20.0, growthRate=0.6, soilLongevity=8, soilTypeFlags=137, maxBranchRadius=8, transformable=true, logicKit=GrowthLogicKitConfiguration{configurable={registryName=dynamictrees:null}, properties={}}, leavesProperties=ScruffyLeavesProperties{registryName=dynamictrees:mangrove}, envFactors={TagKey[minecraft:worldgen/biome / forge:is_cold]=0.75, TagKey[minecraft:worldgen/biome / forge:is_dry]=0.2}, megaSpecies={registryName=dynamictrees:null}, seed=net.minecraftforge.registries.RegistryObject@371df881, primitive_sapling=Block{minecraft:mangrove_propagule}, perfectBiomes=com.ferreusveritas.dynamictrees.util.holderset.DTBiomeHolderSet@7ba6db09, acceptableBlocksForGrowth=[], genFeatures=[GenFeatureConfiguration{configurable=VinesGenFeature{registryName=dynamictrees:vines}, properties={ConfigurationProperty{identifier='vertical_spread', type=class java.lang.Float}=60.0, ConfigurationProperty{identifier='ray_distance', type=class java.lang.Float}=5.0, ConfigurationProperty{identifier='block', type=class net.minecraft.world.level.block.Block}=Block{minecraft:vine}, ConfigurationProperty{identifier='vine_type', type=class com.ferreusveritas.dynamictrees.systems.genfeature.VinesGenFeature$VineType}=SIDE, ConfigurationProperty{identifier='quantity', type=class java.lang.Integer}=24, ConfigurationProperty{identifier='fruiting_radius', type=class java.lang.Integer}=-1, ConfigurationProperty{identifier='tip_block', type=class net.minecraft.world.level.block.Block}=null, ConfigurationProperty{identifier='max_length', type=class java.lang.Integer}=7}}, GenFeatureConfiguration{configurable=BeeNestGenFeature{registryName=dynamictrees:bee_nest}, properties={ConfigurationProperty{identifier='world_gen_chance', type=interface com.ferreusveritas.dynamictrees.systems.genfeature.BeeNestGenFeature$WorldGenChanceFunction}=com.ferreusveritas.dynamictrees.systems.genfeature.BeeNestGenFeature$$Lambda$9116/0x00007491f11d21f8@64de08cd, ConfigurationProperty{identifier='max_count', type=class java.lang.Integer}=1, ConfigurationProperty{identifier='max_height', type=class java.lang.Integer}=32, ConfigurationProperty{identifier='can_grow_predicate', type=interface com.ferreusveritas.dynamictrees.util.function.CanGrowPredicate}=com.ferreusveritas.dynamictrees.systems.genfeature.BeeNestGenFeature$$Lambda$9115/0x00007491f11d1f90@6312b18, ConfigurationProperty{identifier='nest', type=class net.minecraft.world.level.block.Block}=Block{minecraft:bee_nest}}}]}.
[14Apr2025 13:49:01.910] [main/DEBUG] [com.ferreusveritas.dynamictrees.api.resource.loading.preparation.JsonRegistryResourceLoader/]: Loaded type "Species" data: Species{registryName=dynamictrees:jungle_undergrowth, tapering=0.3, upProbability=0, lowestBranchHeight=0, signalEnergy=1.2, growthRate=1.0, soilLongevity=1, soilTypeFlags=1, maxBranchRadius=8, transformable=true, logicKit=GrowthLogicKitConfiguration{configurable={registryName=dynamictrees:null}, properties={}}, leavesProperties=ScruffyLeavesProperties{registryName=dynamictrees:jungle_undergrowth}, envFactors={}, megaSpecies={registryName=dynamictrees:null}, seed=net.minecraftforge.registries.RegistryObject@265c7bbd, primitive_sapling=Block{minecraft:air}, perfectBiomes=com.ferreusveritas.dynamictrees.util.holderset.DTBiomeHolderSet@4a50a0f2, acceptableBlocksForGrowth=[], genFeatures=[]}.
[14Apr2025 13:49:01.911] [main/DEBUG] [com.ferreusveritas.dynamictrees.api.resource.loading.preparation.JsonRegistryResourceLoader/]: Loaded type "Species" data: Species{registryName=dynamictrees:jungle, tapering=0.2, upProbability=3, lowestBranchHeight=2, signalEnergy=24.0, growthRate=1.0, soilLongevity=8, soilTypeFlags=1, maxBranchRadius=8, transformable=true, logicKit=GrowthLogicKitConfiguration{configurable=JungleLogic{registryName=dynamictrees:jungle}, properties={ConfigurationProperty{identifier='branch_out_chance', type=class java.lang.Integer}=5, ConfigurationProperty{identifier='canopy_height', type=class java.lang.Integer}=14}}, leavesProperties=LeavesProperties{registryName=dynamictrees:jungle}, envFactors={TagKey[minecraft:worldgen/biome / forge:is_hot]=1.1, TagKey[minecraft:worldgen/biome / forge:is_cold]=0.15, TagKey[minecraft:worldgen/biome / forge:is_dry]=0.2, TagKey[minecraft:worldgen/biome / forge:is_wet]=1.1}, megaSpecies={registryName=dynamictrees:null}, seed=net.minecraftforge.registries.RegistryObject@265c7bbd, primitive_sapling=Block{minecraft:jungle_sapling}, perfectBiomes=com.ferreusveritas.dynamictrees.util.holderset.DTBiomeHolderSet@51637ef8, acceptableBlocksForGrowth=[], genFeatures=[GenFeatureConfiguration{configurable=VinesGenFeature{registryName=dynamictrees:vines}, properties={ConfigurationProperty{identifier='vertical_spread', type=class java.lang.Float}=60.0, ConfigurationProperty{identifier='ray_distance', type=class java.lang.Float}=5.0, ConfigurationProperty{identifier='block', type=class net.minecraft.world.level.block.Block}=Block{minecraft:vine}, ConfigurationProperty{identifier='vine_type', type=class com.ferreusveritas.dynamictrees.systems.genfeature.VinesGenFeature$VineType}=SIDE, ConfigurationProperty{identifier='quantity', type=class java.lang.Integer}=16, ConfigurationProperty{identifier='fruiting_radius', type=class java.lang.Integer}=-1, ConfigurationProperty{identifier='tip_block', type=class net.minecraft.world.level.block.Block}=null, ConfigurationProperty{identifier='max_length', type=class java.lang.Integer}=16}}, GenFeatureConfiguration{configurable=UndergrowthGenFeature{registryName=dynamictrees:undergrowth}, properties={ConfigurationProperty{identifier='secondary_undergrowth_species', type=class com.ferreusveritas.dynamictrees.tree.species.Species}=Species{registryName=dynamictrees:jungle_undergrowth}, ConfigurationProperty{identifier='proportion_of_secondary_species', type=class java.lang.Float}=0.4, ConfigurationProperty{identifier='undergrowth_species', type=class com.ferreusveritas.dynamictrees.tree.species.Species}=Species{registryName=dynamictrees:oak_undergrowth}}}]}.
[14Apr2025 13:49:01.914] [main/DEBUG] [com.ferreusveritas.dynamictrees.api.resource.loading.preparation.JsonRegistryResourceLoader/]: Loaded type "Species" data: Species{registryName=dynamictrees:dark_oak, tapering=0.3, upProbability=4, lowestBranchHeight=6, signalEnergy=18.0, growthRate=0.8, soilLongevity=14, soilTypeFlags=1, maxBranchRadius=24, transformable=true, logicKit=GrowthLogicKitConfiguration{configurable=DarkOakLogic{registryName=dynamictrees:dark_oak}, properties={}}, leavesProperties=LeavesProperties{registryName=dynamictrees:dark_oak}, envFactors={TagKey[minecraft:worldgen/biome / forge:is_hot]=0.5, TagKey[minecraft:worldgen/biome / minecraft:mushroom]=1.25, TagKey[minecraft:worldgen/biome / forge:is_cold]=0.75, TagKey[minecraft:worldgen/biome / forge:is_dry]=0.25}, megaSpecies={registryName=dynamictrees:null}, seed=net.minecraftforge.registries.RegistryObject@ab8147ca, primitive_sapling=Block{minecraft:dark_oak_sapling}, perfectBiomes=com.ferreusveritas.dynamictrees.util.holderset.DTBiomeHolderSet@53c8ed16, acceptableBlocksForGrowth=[], genFeatures=[GenFeatureConfiguration{configurable=ClearVolumeGenFeature{registryName=dynamictrees:clear_volume}, properties={ConfigurationProperty{identifier='height', type=class java.lang.Integer}=6}}, GenFeatureConfiguration{configurable=RotSoilGenFeature{registryName=dynamictrees:rot_soil}, properties={ConfigurationProperty{identifier='rotten_soil', type=class net.minecraft.world.level.block.Block}=Block{minecraft:podzol}}}, GenFeatureConfiguration{configurable=MushroomRotGenFeature{registryName=dynamictrees:mushroom_rot}, properties={ConfigurationProperty{identifier='alternate_mushroom', type=class net.minecraft.world.level.block.Block}=Block{minecraft:red_mushroom}, ConfigurationProperty{identifier='alternate_mushroom_chance', type=class java.lang.Float}=-1.0, ConfigurationProperty{identifier='mushroom', type=class net.minecraft.world.level.block.Block}=Block{minecraft:brown_mushroom}}}, GenFeatureConfiguration{configurable=BottomFlareGenFeature{registryName=dynamictrees:bottom_flare}, properties={ConfigurationProperty{identifier='min_radius', type=class java.lang.Integer}=6}}, GenFeatureConfiguration{configurable=MoundGenFeature{registryName=dynamictrees:mound}, properties={ConfigurationProperty{identifier='mound_cutoff_radius', type=class java.lang.Integer}=5}}, GenFeatureConfiguration{configurable=RootsGenFeature{registryName=dynamictrees:roots}, properties={ConfigurationProperty{identifier='level_limit', type=class java.lang.Integer}=2, ConfigurationProperty{identifier='scale_factor', type=class java.lang.Float}=24.0, ConfigurationProperty{identifier='min_trunk_radius', type=class java.lang.Integer}=13}}]}.
[14Apr2025 13:49:01.915] [main/DEBUG] [com.ferreusveritas.dynamictrees.api.resource.loading.preparation.JsonRegistryResourceLoader/]: Loaded type "Species" data: NetherFungusSpecies{registryName=dynamictrees:crimson, tapering=0.0, upProbability=6, lowestBranchHeight=3, signalEnergy=18.0, growthRate=1.0, soilLongevity=3, soilTypeFlags=1057, maxBranchRadius=8, transformable=true, logicKit=GrowthLogicKitConfiguration{configurable=NetherFungusLogic{registryName=dynamictrees:nether_fungus}, properties={ConfigurationProperty{identifier='min_cap_height', type=class java.lang.Integer}=3, ConfigurationProperty{identifier='height_variation', type=class java.lang.Integer}=8}}, leavesProperties=WartProperties{registryName=dynamictrees:crimson}, envFactors={TagKey[minecraft:worldgen/biome / forge:is_cold]=0.25, TagKey[minecraft:worldgen/biome / forge:is_wet]=0.75}, megaSpecies={registryName=dynamictrees:null}, seed=net.minecraftforge.registries.RegistryObject@4c1bb2db, primitive_sapling=Block{minecraft:crimson_fungus}, perfectBiomes=com.ferreusveritas.dynamictrees.util.holderset.DTBiomeHolderSet@5546ffac, acceptableBlocksForGrowth=[Block{minecraft:crimson_nylium}, Block{dynamictrees:rooty_crimson_nylium}], genFeatures=[GenFeatureConfiguration{configurable=ClearVolumeGenFeature{registryName=dynamictrees:clear_volume}, properties={ConfigurationProperty{identifier='height', type=class java.lang.Integer}=8}}, GenFeatureConfiguration{configurable=ShroomlightGenFeature{registryName=dynamictrees:shroomlight}, properties={ConfigurationProperty{identifier='max_count', type=class java.lang.Integer}=4, ConfigurationProperty{identifier='shroomlight', type=class net.minecraft.world.level.block.Block}=Block{minecraft:shroomlight}, ConfigurationProperty{identifier='max_height', type=class java.lang.Integer}=32, ConfigurationProperty{identifier='place_chance', type=class java.lang.Float}=0.3, ConfigurationProperty{identifier='can_grow_predicate', type=interface com.ferreusveritas.dynamictrees.util.function.CanGrowPredicate}=com.ferreusveritas.dynamictrees.systems.genfeature.ShroomlightGenFeature$$Lambda$9117/0x00007491f11d2648@77593d88}}, GenFeatureConfiguration{configurable=BottomFlareGenFeature{registryName=dynamictrees:bottom_flare}, properties={ConfigurationProperty{identifier='min_radius', type=class java.lang.Integer}=7}}, GenFeatureConfiguration{configurable=VinesGenFeature{registryName=dynamictrees:vines}, properties={ConfigurationProperty{identifier='vertical_spread', type=class java.lang.Float}=60.0, ConfigurationProperty{identifier='ray_distance', type=class java.lang.Float}=5.0, ConfigurationProperty{identifier='block', type=class net.minecraft.world.level.block.Block}=Block{minecraft:weeping_vines_plant}, ConfigurationProperty{identifier='vine_type', type=class com.ferreusveritas.dynamictrees.systems.genfeature.VinesGenFeature$VineType}=CEILING, ConfigurationProperty{identifier='quantity', type=class java.lang.Integer}=7, ConfigurationProperty{identifier='fruiting_radius', type=class java.lang.Integer}=-1, ConfigurationProperty{identifier='tip_block', type=class net.minecraft.world.level.block.Block}=Block{minecraft:weeping_vines}, ConfigurationProperty{identifier='max_length', type=class java.lang.Integer}=5}}]}.
[14Apr2025 13:49:01.915] [main/DEBUG] [com.ferreusveritas.dynamictrees.api.resource.loading.preparation.JsonRegistryResourceLoader/]: Loaded type "Species" data: Species{registryName=dynamictrees:cocoa, tapering=0.2, upProbability=1, lowestBranchHeight=3, signalEnergy=10.0, growthRate=1.5, soilLongevity=3, soilTypeFlags=1, maxBranchRadius=8, transformable=true, logicKit=GrowthLogicKitConfiguration{configurable={registryName=dynamictrees:null}, properties={}}, leavesProperties=LeavesProperties{registryName=dynamictrees:jungle}, envFactors={TagKey[minecraft:worldgen/biome / forge:is_hot]=1.1, TagKey[minecraft:worldgen/biome / forge:is_cold]=0.3, TagKey[minecraft:worldgen/biome / forge:is_dry]=0.4, TagKey[minecraft:worldgen/biome / forge:is_wet]=1.1}, megaSpecies={registryName=dynamictrees:null}, seed=net.minecraftforge.registries.RegistryObject@df1f8e71, primitive_sapling=Block{minecraft:air}, perfectBiomes=com.ferreusveritas.dynamictrees.util.holderset.DTBiomeHolderSet@4d4486b3, acceptableBlocksForGrowth=[], genFeatures=[GenFeatureConfiguration{configurable=PodGenFeature{registryName=dynamictrees:pod}, properties={ConfigurationProperty{identifier='lowest_trunk_height', type=class java.lang.Integer}=0, ConfigurationProperty{identifier='fruiting_radius', type=class java.lang.Integer}=4, ConfigurationProperty{identifier='place_chance', type=class java.lang.Float}=0.8, ConfigurationProperty{identifier='blocks_per_pod', type=class java.lang.Integer}=8, ConfigurationProperty{identifier='pod', type=class com.ferreusveritas.dynamictrees.systems.pod.Pod}=Pod{registryName=dynamictrees:cocoa}}}]}.
[14Apr2025 13:49:01.918] [main/DEBUG] [com.ferreusveritas.dynamictrees.api.resource.loading.preparation.JsonRegistryResourceLoader/]: Loaded type "Species" data: Species{registryName=dynamictrees:cherry, tapering=0.3, upProbability=1, lowestBranchHeight=4, signalEnergy=12.0, growthRate=0.8, soilLongevity=8, soilTypeFlags=1, maxBranchRadius=8, transformable=true, logicKit=GrowthLogicKitConfiguration{configurable={registryName=dynamictrees:null}, properties={}}, leavesProperties=LeavesProperties{registryName=dynamictrees:cherry}, envFactors={TagKey[minecraft:worldgen/biome / forge:is_hot]=0.5, TagKey[minecraft:worldgen/biome / minecraft:is_forest]=1.05, TagKey[minecraft:worldgen/biome / forge:is_cold]=0.75, TagKey[minecraft:worldgen/biome / forge:is_dry]=0.5}, megaSpecies={registryName=dynamictrees:null}, seed=net.minecraftforge.registries.RegistryObject@4c2c3061, primitive_sapling=Block{minecraft:cherry_sapling}, perfectBiomes=com.ferreusveritas.dynamictrees.util.holderset.DTBiomeHolderSet@814ff9, acceptableBlocksForGrowth=[], genFeatures=[GenFeatureConfiguration{configurable=BeeNestGenFeature{registryName=dynamictrees:bee_nest}, properties={ConfigurationProperty{identifier='world_gen_chance', type=interface com.ferreusveritas.dynamictrees.systems.genfeature.BeeNestGenFeature$WorldGenChanceFunction}=com.ferreusveritas.dynamictrees.systems.genfeature.BeeNestGenFeature$$Lambda$9116/0x00007491f11d21f8@64de08cd, ConfigurationProperty{identifier='max_count', type=class java.lang.Integer}=1, ConfigurationProperty{identifier='max_height', type=class java.lang.Integer}=32, ConfigurationProperty{identifier='can_grow_predicate', type=interface com.ferreusveritas.dynamictrees.util.function.CanGrowPredicate}=com.ferreusveritas.dynamictrees.systems.genfeature.BeeNestGenFeature$$Lambda$9115/0x00007491f11d1f90@6312b18, ConfigurationProperty{identifier='nest', type=class net.minecraft.world.level.block.Block}=Block{minecraft:bee_nest}}}]}.
[14Apr2025 13:49:01.919] [main/DEBUG] [com.ferreusveritas.dynamictrees.api.resource.loading.preparation.JsonRegistryResourceLoader/]: Loaded type "Species" data: Species{registryName=dynamictrees:birch, tapering=0.1, upProbability=4, lowestBranchHeight=4, signalEnergy=14.0, growthRate=1.25, soilLongevity=8, soilTypeFlags=1, maxBranchRadius=8, transformable=true, logicKit=GrowthLogicKitConfiguration{configurable={registryName=dynamictrees:null}, properties={}}, leavesProperties=LeavesProperties{registryName=dynamictrees:birch}, envFactors={TagKey[minecraft:worldgen/biome / forge:is_hot]=0.5, TagKey[minecraft:worldgen/biome / minecraft:is_forest]=1.05, TagKey[minecraft:worldgen/biome / forge:is_cold]=0.75, TagKey[minecraft:worldgen/biome / forge:is_dry]=0.5}, megaSpecies={registryName=dynamictrees:null}, seed=net.minecraftforge.registries.RegistryObject@189449aa, primitive_sapling=Block{minecraft:birch_sapling}, perfectBiomes=com.ferreusveritas.dynamictrees.util.holderset.DTBiomeHolderSet@bc0182c, acceptableBlocksForGrowth=[], genFeatures=[GenFeatureConfiguration{configurable=MushroomRotGenFeature{registryName=dynamictrees:mushroom_rot}, properties={ConfigurationProperty{identifier='alternate_mushroom', type=class net.minecraft.world.level.block.Block}=Block{minecraft:red_mushroom}, ConfigurationProperty{identifier='alternate_mushroom_chance', type=class java.lang.Float}=2.0, ConfigurationProperty{identifier='mushroom', type=class net.minecraft.world.level.block.Block}=Block{minecraft:brown_mushroom}}}, GenFeatureConfiguration{configurable=RotSoilGenFeature{registryName=dynamictrees:rot_soil}, properties={ConfigurationProperty{identifier='rotten_soil', type=class net.minecraft.world.level.block.Block}=Block{minecraft:dirt}}}, GenFeatureConfiguration{configurable=BeeNestGenFeature{registryName=dynamictrees:bee_nest}, properties={ConfigurationProperty{identifier='world_gen_chance', type=interface com.ferreusveritas.dynamictrees.systems.genfeature.BeeNestGenFeature$WorldGenChanceFunction}=com.ferreusveritas.dynamictrees.systems.genfeature.BeeNestGenFeature$$Lambda$9116/0x00007491f11d21f8@64de08cd, ConfigurationProperty{identifier='max_count', type=class java.lang.Integer}=1, ConfigurationProperty{identifier='max_height', type=class java.lang.Integer}=32, ConfigurationProperty{identifier='can_grow_predicate', type=interface com.ferreusveritas.dynamictrees.util.function.CanGrowPredicate}=com.ferreusveritas.dynamictrees.systems.genfeature.BeeNestGenFeature$$Lambda$9115/0x00007491f11d1f90@6312b18, ConfigurationProperty{identifier='nest', type=class net.minecraft.world.level.block.Block}=Block{minecraft:bee_nest}}}]}.
[14Apr2025 13:49:01.923] [main/DEBUG] [com.ferreusveritas.dynamictrees.api.resource.loading.preparation.JsonRegistryResourceLoader/]: Loaded type "Species" data: Species{registryName=dynamictrees:azalea, tapering=0.0, upProbability=2, lowestBranchHeight=0, signalEnergy=8.0, growthRate=0.7, soilLongevity=2, soilTypeFlags=1, maxBranchRadius=8, transformable=true, logicKit=GrowthLogicKitConfiguration{configurable=AzaleaLogic{registryName=dynamictrees:azalea}, properties={}}, leavesProperties=ScruffyLeavesProperties{registryName=dynamictrees:azalea}, envFactors={TagKey[minecraft:worldgen/biome / forge:is_hot]=0.5, TagKey[minecraft:worldgen/biome / minecraft:sparse]=1.1, TagKey[minecraft:worldgen/biome / forge:is_wet]=0.75}, megaSpecies={registryName=dynamictrees:null}, seed=net.minecraftforge.registries.RegistryObject@b68ea49a, primitive_sapling=Block{minecraft:air}, perfectBiomes=com.ferreusveritas.dynamictrees.util.holderset.DTBiomeHolderSet@bd01c0b, acceptableBlocksForGrowth=[], genFeatures=[GenFeatureConfiguration{configurable=RotSoilGenFeature{registryName=dynamictrees:rot_soil}, properties={ConfigurationProperty{identifier='rotten_soil', type=class net.minecraft.world.level.block.Block}=Block{minecraft:podzol}}}, GenFeatureConfiguration{configurable=AlternativeLeavesGenFeature{registryName=dynamictrees:alt_leaves}, properties={ConfigurationProperty{identifier='quantity', type=class java.lang.Integer}=5, ConfigurationProperty{identifier='alternative_leaves', type=class com.ferreusveritas.dynamictrees.block.leaves.LeavesProperties}=ScruffyLeavesProperties{registryName=dynamictrees:flowering_azalea}, ConfigurationProperty{identifier='place_chance', type=class java.lang.Float}=0.35, ConfigurationProperty{identifier='alternative_leaves_block', type=class net.minecraft.world.level.block.Block}=Block{minecraft:air}}}, GenFeatureConfiguration{configurable=MushroomRotGenFeature{registryName=dynamictrees:mushroom_rot}, properties={ConfigurationProperty{identifier='alternate_mushroom', type=class net.minecraft.world.level.block.Block}=Block{minecraft:red_mushroom}, ConfigurationProperty{identifier='alternate_mushroom_chance', type=class java.lang.Float}=0.25, ConfigurationProperty{identifier='mushroom', type=class net.minecraft.world.level.block.Block}=Block{minecraft:brown_mushroom}}}, GenFeatureConfiguration{configurable=RootSystemGenFeature{registryName=dynamictrees:root_system}, properties={ConfigurationProperty{identifier='hanging_root_block', type=class net.minecraft.world.level.block.Block}=Block{minecraft:hanging_roots}, ConfigurationProperty{identifier='root_radius', type=class java.lang.Integer}=3, ConfigurationProperty{identifier='hanging_root_radius', type=class java.lang.Integer}=3, ConfigurationProperty{identifier='hanging_root_vertical_span', type=class java.lang.Integer}=2, ConfigurationProperty{identifier='max_root_column_height', type=class java.lang.Integer}=100, ConfigurationProperty{identifier='root_replacement_attempts', type=class java.lang.Integer}=20, ConfigurationProperty{identifier='hanging_root_replacement_attempts', type=class java.lang.Integer}=20, ConfigurationProperty{identifier='root_replaceable_tag', type=class net.minecraft.resources.ResourceLocation}=minecraft:azalea_root_replaceable, ConfigurationProperty{identifier='root_block', type=class net.minecraft.world.level.block.Block}=Block{minecraft:rooted_dirt}}}]}.
[14Apr2025 13:49:01.924] [main/DEBUG] [com.ferreusveritas.dynamictrees.api.resource.loading.preparation.JsonRegistryResourceLoader/]: Loaded type "Species" data: Species{registryName=dynamictrees:apple_oak, tapering=0.4, upProbability=1, lowestBranchHeight=4, signalEnergy=10.0, growthRate=0.7, soilLongevity=8, soilTypeFlags=1, maxBranchRadius=8, transformable=true, logicKit=GrowthLogicKitConfiguration{configurable={registryName=dynamictrees:null}, properties={}}, leavesProperties=LeavesProperties{registryName=dynamictrees:oak}, envFactors={TagKey[minecraft:worldgen/biome / forge:is_hot]=0.75, TagKey[minecraft:worldgen/biome / forge:is_cold]=0.75, TagKey[minecraft:worldgen/biome / forge:is_dry]=0.25}, megaSpecies={registryName=dynamictrees:null}, seed=net.minecraftforge.registries.RegistryObject@ab02d466, primitive_sapling=Block{minecraft:air}, perfectBiomes=com.ferreusveritas.dynamictrees.util.holderset.DTBiomeHolderSet@55275bde, acceptableBlocksForGrowth=[], genFeatures=[GenFeatureConfiguration{configurable=FruitGenFeature{registryName=dynamictrees:fruit}, properties={ConfigurationProperty{identifier='vertical_spread', type=class java.lang.Float}=30.0, ConfigurationProperty{identifier='quantity', type=class java.lang.Integer}=4, ConfigurationProperty{identifier='fruit', type=class com.ferreusveritas.dynamictrees.systems.fruit.Fruit}=Fruit{registryName=dynamictrees:apple}, ConfigurationProperty{identifier='fruiting_radius', type=class java.lang.Integer}=8, ConfigurationProperty{identifier='place_chance', type=class java.lang.Float}=1.0}}]}.
[14Apr2025 13:49:01.924] [main/DEBUG] [com.ferreusveritas.dynamictrees.api.resource.loading.preparation.JsonRegistryResourceLoader/]: Loaded type "Species" data: Species{registryName=dynamictrees:acacia, tapering=0.15, upProbability=0, lowestBranchHeight=3, signalEnergy=12.0, growthRate=0.7, soilLongevity=8, soilTypeFlags=1, maxBranchRadius=8, transformable=true, logicKit=GrowthLogicKitConfiguration{configurable={registryName=dynamictrees:null}, properties={}}, leavesProperties=LeavesProperties{registryName=dynamictrees:acacia}, envFactors={TagKey[minecraft:worldgen/biome / forge:is_cold]=0.25, TagKey[minecraft:worldgen/biome / minecraft:is_nether]=0.75, TagKey[minecraft:worldgen/biome / forge:is_wet]=0.75}, megaSpecies={registryName=dynamictrees:null}, seed=net.minecraftforge.registries.RegistryObject@f0a3d3fe, primitive_sapling=Block{minecraft:acacia_sapling}, perfectBiomes=com.ferreusveritas.dynamictrees.util.holderset.DTBiomeHolderSet@18b06b9d, acceptableBlocksForGrowth=[], genFeatures=[]}.
[14Apr2025 13:49:01.924] [main/DEBUG] [com.ferreusveritas.dynamictrees.api.registry.AbstractRegistry/REGISTRY_DUMP]: Name: Species
	Entry: dynamictrees:acacia, Species{registryName=dynamictrees:acacia}
	Entry: dynamictrees:apple_oak, Species{registryName=dynamictrees:apple_oak}
	Entry: dynamictrees:azalea, Species{registryName=dynamictrees:azalea}
	Entry: dynamictrees:birch, Species{registryName=dynamictrees:birch}
	Entry: dynamictrees:brown_mushroom, FakeMushroomSpecies{registryName=dynamictrees:brown_mushroom}
	Entry: dynamictrees:cherry, Species{registryName=dynamictrees:cherry}
	Entry: dynamictrees:cocoa, Species{registryName=dynamictrees:cocoa}
	Entry: dynamictrees:crimson, NetherFungusSpecies{registryName=dynamictrees:crimson}
	Entry: dynamictrees:dark_oak, Species{registryName=dynamictrees:dark_oak}
	Entry: dynamictrees:jungle, Species{registryName=dynamictrees:jungle}
	Entry: dynamictrees:jungle_undergrowth, Species{registryName=dynamictrees:jungle_undergrowth}
	Entry: dynamictrees:mangrove, MangroveSpecies{registryName=dynamictrees:mangrove}
	Entry: dynamictrees:mega_crimson, NetherFungusSpecies{registryName=dynamictrees:mega_crimson}
	Entry: dynamictrees:mega_jungle, Species{registryName=dynamictrees:mega_jungle}
	Entry: dynamictrees:mega_spruce, Species{registryName=dynamictrees:mega_spruce}
	Entry: dynamictrees:mega_warped, NetherFungusSpecies{registryName=dynamictrees:mega_warped}
	Entry: dynamictrees:null, {registryName=dynamictrees:null}
	Entry: dynamictrees:oak, Species{registryName=dynamictrees:oak}
	Entry: dynamictrees:oak_undergrowth, Species{registryName=dynamictrees:oak_undergrowth}
	Entry: dynamictrees:red_mushroom, FakeMushroomSpecies{registryName=dynamictrees:red_mushroom}
	Entry: dynamictrees:spruce, Species{registryName=dynamictrees:spruce}
	Entry: dynamictrees:swamp_oak, SwampOakSpecies{registryName=dynamictrees:swamp_oak}
	Entry: dynamictrees:tall_birch, Species{registryName=dynamictrees:tall_birch}
	Entry: dynamictrees:warped, NetherFungusSpecies{registryName=dynamictrees:warped}

[14Apr2025 13:49:01.928] [main/DEBUG] [com.ferreusveritas.dynamictrees.resources.loader.JoCodeResourceLoader/]: Successfully loaded JoCodes for species "dynamictrees:jungle_undergrowth".
[14Apr2025 13:49:01.934] [main/DEBUG] [com.ferreusveritas.dynamictrees.resources.loader.JoCodeResourceLoader/]: Successfully loaded JoCodes for species "dynamictrees:mangrove".
[14Apr2025 13:49:01.935] [main/DEBUG] [com.ferreusveritas.dynamictrees.resources.loader.JoCodeResourceLoader/]: Successfully loaded JoCodes for species "dynamictrees:dark_oak".
[14Apr2025 13:49:01.935] [main/DEBUG] [com.ferreusveritas.dynamictrees.resources.loader.JoCodeResourceLoader/]: Successfully loaded JoCodes for species "dynamictrees:cherry".
[14Apr2025 13:49:01.936] [main/DEBUG] [com.ferreusveritas.dynamictrees.resources.loader.JoCodeResourceLoader/]: Successfully loaded JoCodes for species "dynamictrees:cocoa".
[14Apr2025 13:49:01.937] [main/DEBUG] [com.ferreusveritas.dynamictrees.resources.loader.JoCodeResourceLoader/]: Successfully loaded JoCodes for species "dynamictrees:spruce".
[14Apr2025 13:49:01.938] [main/DEBUG] [com.ferreusveritas.dynamictrees.resources.loader.JoCodeResourceLoader/]: Successfully loaded JoCodes for species "dynamictrees:oak".
[14Apr2025 13:49:01.938] [main/DEBUG] [com.ferreusveritas.dynamictrees.resources.loader.JoCodeResourceLoader/]: Successfully loaded JoCodes for species "dynamictrees:mega_jungle".
[14Apr2025 13:49:01.939] [main/DEBUG] [com.ferreusveritas.dynamictrees.resources.loader.JoCodeResourceLoader/]: Successfully loaded JoCodes for species "dynamictrees:swamp_oak".
[14Apr2025 13:49:01.939] [main/DEBUG] [com.ferreusveritas.dynamictrees.resources.loader.JoCodeResourceLoader/]: Successfully loaded JoCodes for species "dynamictrees:mega_warped".
[14Apr2025 13:49:01.940] [main/DEBUG] [com.ferreusveritas.dynamictrees.resources.loader.JoCodeResourceLoader/]: Successfully loaded JoCodes for species "dynamictrees:acacia".
[14Apr2025 13:49:01.940] [main/DEBUG] [com.ferreusveritas.dynamictrees.resources.loader.JoCodeResourceLoader/]: Successfully loaded JoCodes for species "dynamictrees:jungle".
[14Apr2025 13:49:01.941] [main/DEBUG] [com.ferreusveritas.dynamictrees.resources.loader.JoCodeResourceLoader/]: Successfully loaded JoCodes for species "dynamictrees:crimson".
[14Apr2025 13:49:01.941] [main/DEBUG] [com.ferreusveritas.dynamictrees.resources.loader.JoCodeResourceLoader/]: Successfully loaded JoCodes for species "dynamictrees:azalea".
[14Apr2025 13:49:01.941] [main/DEBUG] [com.ferreusveritas.dynamictrees.resources.loader.JoCodeResourceLoader/]: Successfully loaded JoCodes for species "dynamictrees:oak_undergrowth".
[14Apr2025 13:49:01.942] [main/DEBUG] [com.ferreusveritas.dynamictrees.resources.loader.JoCodeResourceLoader/]: Successfully loaded JoCodes for species "dynamictrees:mega_spruce".
[14Apr2025 13:49:01.943] [main/DEBUG] [com.ferreusveritas.dynamictrees.resources.loader.JoCodeResourceLoader/]: Successfully loaded JoCodes for species "dynamictrees:warped".
[14Apr2025 13:49:01.944] [main/DEBUG] [com.ferreusveritas.dynamictrees.resources.loader.JoCodeResourceLoader/]: Successfully loaded JoCodes for species "dynamictrees:tall_birch".
[14Apr2025 13:49:01.945] [main/DEBUG] [com.ferreusveritas.dynamictrees.resources.loader.JoCodeResourceLoader/]: Successfully loaded JoCodes for species "dynamictrees:mega_crimson".
[14Apr2025 13:49:01.945] [main/DEBUG] [com.ferreusveritas.dynamictrees.resources.loader.JoCodeResourceLoader/]: Successfully loaded JoCodes for species "dynamictrees:birch".
[14Apr2025 13:49:01.946] [main/DEBUG] [com.ferreusveritas.dynamictrees.resources.loader.JoCodeResourceLoader/]: Successfully loaded JoCodes for species "dynamictrees:apple_oak".
[14Apr2025 13:49:01.949] [main/DEBUG] [com.ferreusveritas.dynamictrees.resources.loader.FeatureCancellationResourceLoader/]: Reading cancellers from Json biome populator "dynamictrees:feature_cancellers".
[14Apr2025 13:49:01.955] [main/DEBUG] [com.ferreusveritas.dynamictrees.resources.loader.BiomePopulatorsResourceLoader/]: Loading Json biome populator "dynamictrees:default".
[14Apr2025 13:49:03.304] [main/DEBUG] [net.minecraftforge.common.ForgeHooks/WP]: Gathering id map for writing to world save world
[14Apr2025 13:49:03.355] [main/DEBUG] [net.minecraftforge.common.ForgeHooks/WP]: ID Map collection complete world
[14Apr2025 13:49:03.450] [Server thread/INFO] [net.minecraft.server.dedicated.DedicatedServer/]: Starting minecraft server version 1.20.1
[14Apr2025 13:49:03.450] [Server thread/INFO] [net.minecraft.server.dedicated.DedicatedServer/]: Loading properties
[14Apr2025 13:49:03.450] [Server thread/INFO] [net.minecraft.server.dedicated.DedicatedServer/]: Default game type: SURVIVAL
[14Apr2025 13:49:03.451] [Server thread/INFO] [net.minecraft.server.MinecraftServer/]: Generating keypair
[14Apr2025 13:49:03.602] [Server thread/INFO] [net.minecraft.server.dedicated.DedicatedServer/]: Starting Minecraft server on *:25565
[14Apr2025 13:49:03.603] [Server thread/DEBUG] [net.minecraftforge.network.DualStackUtils/]: Detected IPv6 address: "0:0:0:0:0:0:0:0"
[14Apr2025 13:49:03.610] [Server thread/DEBUG] [io.netty.util.internal.NativeLibraryLoader/]: -Dio.netty.native.workdir: /tmp (io.netty.tmpdir)
[14Apr2025 13:49:03.610] [Server thread/DEBUG] [io.netty.util.internal.NativeLibraryLoader/]: -Dio.netty.native.deleteLibAfterLoading: true
[14Apr2025 13:49:03.610] [Server thread/DEBUG] [io.netty.util.internal.NativeLibraryLoader/]: -Dio.netty.native.tryPatchShadedId: true
[14Apr2025 13:49:03.610] [Server thread/DEBUG] [io.netty.util.internal.NativeLibraryLoader/]: -Dio.netty.native.detectNativeLibraryDuplicates: true
[14Apr2025 13:49:03.618] [Server thread/DEBUG] [io.netty.util.internal.NativeLibraryLoader/]: Successfully loaded the library /tmp/libnetty_transport_native_epoll_x86_647494582144032937358.so
[14Apr2025 13:49:03.623] [Server thread/DEBUG] [io.netty.util.NetUtil/]: -Djava.net.preferIPv4Stack: false
[14Apr2025 13:49:03.624] [Server thread/DEBUG] [io.netty.util.NetUtil/]: -Djava.net.preferIPv6Addresses: true
[14Apr2025 13:49:03.625] [Server thread/DEBUG] [io.netty.util.NetUtilInitializations/]: Loopback interface: lo (lo, 0:0:0:0:0:0:0:1%lo)
[14Apr2025 13:49:03.626] [Server thread/DEBUG] [io.netty.util.NetUtil/]: /proc/sys/net/core/somaxconn: 4096
[14Apr2025 13:49:03.629] [Server thread/INFO] [net.minecraft.server.network.ServerConnectionListener/]: Using epoll channel type
[14Apr2025 13:49:03.643] [Server thread/DEBUG] [io.netty.channel.MultithreadEventLoopGroup/]: -Dio.netty.eventLoopThreads: 8
[14Apr2025 13:49:03.655] [Server thread/DEBUG] [io.netty.util.internal.InternalThreadLocalMap/]: -Dio.netty.threadLocalMap.stringBuilder.initialSize: 1024
[14Apr2025 13:49:03.655] [Server thread/DEBUG] [io.netty.util.internal.InternalThreadLocalMap/]: -Dio.netty.threadLocalMap.stringBuilder.maxSize: 4096
[14Apr2025 13:49:03.666] [Server thread/DEBUG] [io.netty.util.internal.PlatformDependent/]: org.jctools-core.MpscChunkedArrayQueue: available
[14Apr2025 13:49:03.680] [Server thread/DEBUG] [io.netty.channel.DefaultChannelId/]: -Dio.netty.processId: 3456 (auto-detected)
[14Apr2025 13:49:03.681] [Server thread/DEBUG] [io.netty.channel.DefaultChannelId/]: -Dio.netty.machineId: 60:45:bd:ff:fe:11:36:2b (auto-detected)
[14Apr2025 13:49:03.717] [Server thread/DEBUG] [io.netty.buffer.PooledByteBufAllocator/]: -Dio.netty.allocator.numHeapArenas: 8
[14Apr2025 13:49:03.718] [Server thread/DEBUG] [io.netty.buffer.PooledByteBufAllocator/]: -Dio.netty.allocator.numDirectArenas: 8
[14Apr2025 13:49:03.718] [Server thread/DEBUG] [io.netty.buffer.PooledByteBufAllocator/]: -Dio.netty.allocator.pageSize: 8192
[14Apr2025 13:49:03.718] [Server thread/DEBUG] [io.netty.buffer.PooledByteBufAllocator/]: -Dio.netty.allocator.maxOrder: 9
[14Apr2025 13:49:03.718] [Server thread/DEBUG] [io.netty.buffer.PooledByteBufAllocator/]: -Dio.netty.allocator.chunkSize: 4194304
[14Apr2025 13:49:03.719] [Server thread/DEBUG] [io.netty.buffer.PooledByteBufAllocator/]: -Dio.netty.allocator.smallCacheSize: 256
[14Apr2025 13:49:03.719] [Server thread/DEBUG] [io.netty.buffer.PooledByteBufAllocator/]: -Dio.netty.allocator.normalCacheSize: 64
[14Apr2025 13:49:03.719] [Server thread/DEBUG] [io.netty.buffer.PooledByteBufAllocator/]: -Dio.netty.allocator.maxCachedBufferCapacity: 32768
[14Apr2025 13:49:03.719] [Server thread/DEBUG] [io.netty.buffer.PooledByteBufAllocator/]: -Dio.netty.allocator.cacheTrimInterval: 8192
[14Apr2025 13:49:03.719] [Server thread/DEBUG] [io.netty.buffer.PooledByteBufAllocator/]: -Dio.netty.allocator.cacheTrimIntervalMillis: 0
[14Apr2025 13:49:03.719] [Server thread/DEBUG] [io.netty.buffer.PooledByteBufAllocator/]: -Dio.netty.allocator.useCacheForAllThreads: false
[14Apr2025 13:49:03.720] [Server thread/DEBUG] [io.netty.buffer.PooledByteBufAllocator/]: -Dio.netty.allocator.maxCachedByteBuffersPerChunk: 1023
[14Apr2025 13:49:03.730] [Server thread/DEBUG] [io.netty.buffer.ByteBufUtil/]: -Dio.netty.allocator.type: pooled
[14Apr2025 13:49:03.730] [Server thread/DEBUG] [io.netty.buffer.ByteBufUtil/]: -Dio.netty.threadLocalDirectBufferSize: 0
[14Apr2025 13:49:03.730] [Server thread/DEBUG] [io.netty.buffer.ByteBufUtil/]: -Dio.netty.maxThreadLocalCharBufferSize: 16384
[14Apr2025 13:49:03.741] [Server thread/WARN] [net.minecraft.server.dedicated.DedicatedServer/]: **** SERVER IS RUNNING IN OFFLINE/INSECURE MODE!
[14Apr2025 13:49:03.742] [Server thread/WARN] [net.minecraft.server.dedicated.DedicatedServer/]: The server will make no attempt to authenticate usernames. Beware.
[14Apr2025 13:49:03.743] [Server thread/WARN] [net.minecraft.server.dedicated.DedicatedServer/]: While this makes the game possible to play without internet access, it also opens up the ability for hackers to connect with any username they choose.
[14Apr2025 13:49:03.743] [Server thread/WARN] [net.minecraft.server.dedicated.DedicatedServer/]: To change this, set "online-mode" to "true" in the server.properties file.
[14Apr2025 13:49:03.803] [Server thread/DEBUG] [net.minecraftforge.fml.config.ConfigTracker/CONFIG]: Loading configs type SERVER
[14Apr2025 13:49:03.803] [Server thread/DEBUG] [net.minecraftforge.fml.config.ConfigFileTypeHandler/CONFIG]: Built TOML config for ./world/serverconfig/jei-server.toml
[14Apr2025 13:49:03.804] [Server thread/DEBUG] [net.minecraftforge.fml.config.ConfigFileTypeHandler/CONFIG]: Loaded TOML config file ./world/serverconfig/jei-server.toml
[14Apr2025 13:49:03.805] [Server thread/DEBUG] [net.minecraftforge.fml.config.ConfigFileTypeHandler/CONFIG]: Watching TOML config file ./world/serverconfig/jei-server.toml for changes
[14Apr2025 13:49:03.806] [Server thread/DEBUG] [net.minecraftforge.fml.config.ConfigFileTypeHandler/CONFIG]: Built TOML config for ./world/serverconfig/travelersbackpack-server.toml
[14Apr2025 13:49:03.807] [Server thread/DEBUG] [net.minecraftforge.fml.config.ConfigFileTypeHandler/CONFIG]: Loaded TOML config file ./world/serverconfig/travelersbackpack-server.toml
[14Apr2025 13:49:03.807] [Server thread/DEBUG] [net.minecraftforge.fml.config.ConfigFileTypeHandler/CONFIG]: Watching TOML config file ./world/serverconfig/travelersbackpack-server.toml for changes
[14Apr2025 13:49:03.819] [Thread-1/DEBUG] [net.minecraftforge.fml.config.ConfigFileTypeHandler/CONFIG]: Config file travelersbackpack-server.toml changed, sending notifies
[14Apr2025 13:49:03.821] [Thread-1/DEBUG] [net.minecraftforge.fml.config.ConfigFileTypeHandler/CONFIG]: Config file travelersbackpack-server.toml changed, sending notifies
[14Apr2025 13:49:03.821] [Server thread/DEBUG] [net.minecraftforge.fml.config.ConfigFileTypeHandler/CONFIG]: Built TOML config for ./world/serverconfig/corpse-server.toml
[14Apr2025 13:49:03.821] [Server thread/DEBUG] [net.minecraftforge.fml.config.ConfigFileTypeHandler/CONFIG]: Loaded TOML config file ./world/serverconfig/corpse-server.toml
[14Apr2025 13:49:03.822] [Server thread/DEBUG] [net.minecraftforge.fml.config.ConfigFileTypeHandler/CONFIG]: Watching TOML config file ./world/serverconfig/corpse-server.toml for changes
[14Apr2025 13:49:03.823] [Server thread/DEBUG] [net.minecraftforge.fml.config.ConfigFileTypeHandler/CONFIG]: Built TOML config for ./world/serverconfig/forge-server.toml
[14Apr2025 13:49:03.823] [Server thread/DEBUG] [net.minecraftforge.fml.config.ConfigFileTypeHandler/CONFIG]: Loaded TOML config file ./world/serverconfig/forge-server.toml
[14Apr2025 13:49:03.823] [Server thread/DEBUG] [net.minecraftforge.fml.config.ConfigFileTypeHandler/CONFIG]: Watching TOML config file ./world/serverconfig/forge-server.toml for changes
[14Apr2025 13:49:03.823] [Server thread/DEBUG] [net.minecraftforge.common.ForgeConfig/FORGEMOD]: Loaded forge config file forge-server.toml
[14Apr2025 13:49:03.824] [Thread-1/DEBUG] [net.minecraftforge.fml.config.ConfigFileTypeHandler/CONFIG]: Config file travelersbackpack-server.toml changed, sending notifies
[14Apr2025 13:49:03.824] [Server thread/DEBUG] [net.minecraftforge.fml.config.ConfigFileTypeHandler/CONFIG]: Built TOML config for ./world/serverconfig/securitycraft-server.toml
[14Apr2025 13:49:03.825] [Server thread/DEBUG] [net.minecraftforge.fml.config.ConfigFileTypeHandler/CONFIG]: Loaded TOML config file ./world/serverconfig/securitycraft-server.toml
[14Apr2025 13:49:03.825] [Server thread/DEBUG] [net.minecraftforge.fml.config.ConfigFileTypeHandler/CONFIG]: Watching TOML config file ./world/serverconfig/securitycraft-server.toml for changes
[14Apr2025 13:49:03.829] [Server thread/DEBUG] [net.minecraftforge.fml.config.ConfigFileTypeHandler/CONFIG]: Built TOML config for ./world/serverconfig/globalxp-server.toml
[14Apr2025 13:49:03.832] [Server thread/DEBUG] [net.minecraftforge.fml.config.ConfigFileTypeHandler/CONFIG]: Loaded TOML config file ./world/serverconfig/globalxp-server.toml
[14Apr2025 13:49:03.832] [Server thread/DEBUG] [net.minecraftforge.fml.config.ConfigFileTypeHandler/CONFIG]: Watching TOML config file ./world/serverconfig/globalxp-server.toml for changes
[14Apr2025 13:49:03.833] [Thread-1/DEBUG] [net.minecraftforge.fml.config.ConfigFileTypeHandler/CONFIG]: Config file globalxp-server.toml changed, sending notifies
[14Apr2025 13:49:03.833] [Server thread/DEBUG] [net.minecraftforge.fml.config.ConfigFileTypeHandler/CONFIG]: Built TOML config for ./world/serverconfig/dynamictrees-server.toml
[14Apr2025 13:49:03.833] [Thread-1/DEBUG] [net.minecraftforge.fml.config.ConfigFileTypeHandler/CONFIG]: Config file globalxp-server.toml changed, sending notifies
[14Apr2025 13:49:03.833] [Server thread/DEBUG] [net.minecraftforge.fml.config.ConfigFileTypeHandler/CONFIG]: Loaded TOML config file ./world/serverconfig/dynamictrees-server.toml
[14Apr2025 13:49:03.833] [Server thread/DEBUG] [net.minecraftforge.fml.config.ConfigFileTypeHandler/CONFIG]: Watching TOML config file ./world/serverconfig/dynamictrees-server.toml for changes
[14Apr2025 13:49:03.834] [Thread-1/DEBUG] [net.minecraftforge.fml.config.ConfigFileTypeHandler/CONFIG]: Config file dynamictrees-server.toml changed, sending notifies
[14Apr2025 13:49:03.835] [Thread-1/DEBUG] [net.minecraftforge.fml.config.ConfigFileTypeHandler/CONFIG]: Config file dynamictrees-server.toml changed, sending notifies
[14Apr2025 13:49:03.839] [Server thread/DEBUG] [fuzs.puzzleslib.impl.config.core.ForgeConfigFileTypeHandler/CONFIG]: Built TOML config for /workspaces/mine2/servidor_minecraft/config/enchantinginfuser-server.toml
[14Apr2025 13:49:03.841] [Server thread/DEBUG] [fuzs.puzzleslib.impl.config.core.ForgeConfigFileTypeHandler/CONFIG]: Loaded TOML config file /workspaces/mine2/servidor_minecraft/config/enchantinginfuser-server.toml
[14Apr2025 13:49:03.844] [Server thread/DEBUG] [fuzs.puzzleslib.impl.config.core.ForgeConfigFileTypeHandler/CONFIG]: Watching TOML config file /workspaces/mine2/servidor_minecraft/config/enchantinginfuser-server.toml for changes
[14Apr2025 13:49:03.847] [Server thread/INFO] [Puzzles Lib/]: Loading server config for enchantinginfuser
[14Apr2025 13:49:03.854] [Server thread/DEBUG] [mixin/]: Mixing accessor.BiomeSpecialEffectsBuilderForgeAccessor from puzzleslib.forge.mixins.json into net.minecraft.world.level.biome.BiomeSpecialEffects$Builder
[14Apr2025 13:49:03.869] [Server thread/DEBUG] [com.github.alexthe666.iceandfire.IceAndFire/]: Added the following features to the biome [terralith:alpha_islands]: 
	- iceandfire:silver_ore
[14Apr2025 13:49:03.885] [Server thread/DEBUG] [com.github.alexthe666.iceandfire.IceAndFire/]: Added the following features to the biome [terralith:alpha_islands_winter]: 
	- iceandfire:frost_lily
	- iceandfire:silver_ore
	- iceandfire:sapphire_ore
	- iceandfire:ice_dragon_roost
	- iceandfire:ice_dragon_cave
	- iceandfire:spawn_dragon_skeleton_ice
[14Apr2025 13:49:03.889] [Server thread/DEBUG] [com.github.alexthe666.iceandfire.IceAndFire/]: Added the following features to the biome [terralith:alpine_grove]: 
	- iceandfire:frost_lily
	- iceandfire:silver_ore
	- iceandfire:sapphire_ore
	- iceandfire:ice_dragon_roost
	- iceandfire:ice_dragon_cave
	- iceandfire:spawn_dragon_skeleton_ice
[14Apr2025 13:49:03.893] [Server thread/DEBUG] [com.github.alexthe666.iceandfire.IceAndFire/]: Added the following features to the biome [terralith:alpine_highlands]: 
	- iceandfire:silver_ore
	- iceandfire:ice_dragon_roost
	- iceandfire:ice_dragon_cave
	- iceandfire:spawn_wandering_cyclops
[14Apr2025 13:49:03.895] [Server thread/DEBUG] [com.github.alexthe666.iceandfire.IceAndFire/]: Added the following features to the biome [terralith:amethyst_canyon]: 
	- iceandfire:fire_lily
	- iceandfire:silver_ore
	- iceandfire:lightning_dragon_roost
	- iceandfire:lightning_dragon_cave
	- iceandfire:myrmex_hive_jungle
[14Apr2025 13:49:03.897] [Server thread/DEBUG] [com.github.alexthe666.iceandfire.IceAndFire/]: Added the following features to the biome [terralith:amethyst_rainforest]: 
	- iceandfire:fire_lily
	- iceandfire:silver_ore
	- iceandfire:lightning_dragon_roost
	- iceandfire:lightning_dragon_cave
	- iceandfire:myrmex_hive_jungle
[14Apr2025 13:49:03.899] [Server thread/DEBUG] [com.github.alexthe666.iceandfire.IceAndFire/]: Added the following features to the biome [terralith:ancient_sands]: 
	- iceandfire:fire_lily
	- iceandfire:silver_ore
	- iceandfire:fire_dragon_roost
	- iceandfire:fire_dragon_cave
	- iceandfire:myrmex_hive_desert
	- iceandfire:spawn_death_worm
	- iceandfire:spawn_dragon_skeleton_fire
[14Apr2025 13:49:03.900] [Server thread/DEBUG] [com.github.alexthe666.iceandfire.IceAndFire/]: Added the following features to the biome [terralith:arid_highlands]: 
	- iceandfire:fire_lily
	- iceandfire:silver_ore
	- iceandfire:fire_dragon_roost
	- iceandfire:fire_dragon_cave
[14Apr2025 13:49:03.902] [Server thread/DEBUG] [com.github.alexthe666.iceandfire.IceAndFire/]: Added the following features to the biome [terralith:ashen_savanna]: 
	- iceandfire:fire_lily
	- iceandfire:silver_ore
	- iceandfire:fire_dragon_roost
	- iceandfire:lightning_dragon_roost
	- iceandfire:fire_dragon_cave
	- iceandfire:lightning_dragon_cave
[14Apr2025 13:49:03.905] [Server thread/DEBUG] [com.github.alexthe666.iceandfire.IceAndFire/]: Added the following features to the biome [minecraft:badlands]: 
	- iceandfire:silver_ore
	- iceandfire:lightning_dragon_roost
	- iceandfire:lightning_dragon_cave
[14Apr2025 13:49:03.908] [Server thread/DEBUG] [com.github.alexthe666.iceandfire.IceAndFire/]: Added the following features to the biome [minecraft:bamboo_jungle]: 
	- iceandfire:fire_lily
	- iceandfire:silver_ore
	- iceandfire:lightning_dragon_roost
	- iceandfire:lightning_dragon_cave
	- iceandfire:myrmex_hive_jungle
[14Apr2025 13:49:03.911] [Server thread/DEBUG] [com.github.alexthe666.iceandfire.IceAndFire/]: Added the following features to the biome [terralith:basalt_cliffs]: 
	- iceandfire:fire_lily
	- iceandfire:silver_ore
	- iceandfire:fire_dragon_roost
	- iceandfire:fire_dragon_cave
[14Apr2025 13:49:03.914] [Server thread/DEBUG] [com.github.alexthe666.iceandfire.IceAndFire/]: Added the following features to the biome [minecraft:beach]: 
	- iceandfire:silver_ore
	- iceandfire:cyclops_cave
[14Apr2025 13:49:03.916] [Server thread/DEBUG] [com.github.alexthe666.iceandfire.IceAndFire/]: Added the following features to the biome [minecraft:birch_forest]: 
	- iceandfire:silver_ore
[14Apr2025 13:49:03.919] [Server thread/DEBUG] [com.github.alexthe666.iceandfire.IceAndFire/]: Added the following features to the biome [terralith:birch_taiga]: 
	- iceandfire:silver_ore
	- iceandfire:ice_dragon_roost
	- iceandfire:ice_dragon_cave
[14Apr2025 13:49:03.921] [Server thread/DEBUG] [com.github.alexthe666.iceandfire.IceAndFire/]: Added the following features to the biome [terralith:blooming_plateau]: 
	- iceandfire:silver_ore
[14Apr2025 13:49:03.922] [Server thread/DEBUG] [com.github.alexthe666.iceandfire.IceAndFire/]: Added the following features to the biome [terralith:blooming_valley]: 
	- iceandfire:silver_ore
[14Apr2025 13:49:03.924] [Server thread/DEBUG] [com.github.alexthe666.iceandfire.IceAndFire/]: Added the following features to the biome [terralith:brushland]: 
	- iceandfire:fire_lily
	- iceandfire:silver_ore
	- iceandfire:fire_dragon_roost
	- iceandfire:fire_dragon_cave
[14Apr2025 13:49:03.926] [Server thread/DEBUG] [com.github.alexthe666.iceandfire.IceAndFire/]: Added the following features to the biome [terralith:bryce_canyon]: 
	- iceandfire:fire_lily
	- iceandfire:silver_ore
	- iceandfire:lightning_dragon_roost
	- iceandfire:lightning_dragon_cave
[14Apr2025 13:49:03.928] [Server thread/DEBUG] [com.github.alexthe666.iceandfire.IceAndFire/]: Added the following features to the biome [terralith:caldera]: 
	- iceandfire:silver_ore
	- iceandfire:ice_dragon_roost
	- iceandfire:ice_dragon_cave
[14Apr2025 13:49:03.929] [Server thread/DEBUG] [com.github.alexthe666.iceandfire.IceAndFire/]: Added the following features to the biome [terralith:cave/andesite_caves]: 
	- iceandfire:silver_ore
[14Apr2025 13:49:03.930] [Server thread/DEBUG] [com.github.alexthe666.iceandfire.IceAndFire/]: Added the following features to the biome [terralith:cave/crystal_caves]: 
	- iceandfire:silver_ore
[14Apr2025 13:49:03.933] [Server thread/DEBUG] [com.github.alexthe666.iceandfire.IceAndFire/]: Added the following features to the biome [terralith:cave/deep_caves]: 
	- iceandfire:silver_ore
[14Apr2025 13:49:03.936] [Server thread/DEBUG] [com.github.alexthe666.iceandfire.IceAndFire/]: Added the following features to the biome [terralith:cave/desert_caves]: 
	- iceandfire:fire_lily
	- iceandfire:silver_ore
	- iceandfire:fire_dragon_roost
	- iceandfire:fire_dragon_cave
[14Apr2025 13:49:03.937] [Server thread/DEBUG] [com.github.alexthe666.iceandfire.IceAndFire/]: Added the following features to the biome [terralith:cave/diorite_caves]: 
	- iceandfire:silver_ore
[14Apr2025 13:49:03.939] [Server thread/DEBUG] [com.github.alexthe666.iceandfire.IceAndFire/]: Added the following features to the biome [terralith:cave/frostfire_caves]: 
	- iceandfire:fire_lily
	- iceandfire:silver_ore
	- iceandfire:fire_dragon_roost
	- iceandfire:ice_dragon_roost
	- iceandfire:fire_dragon_cave
	- iceandfire:ice_dragon_cave
[14Apr2025 13:49:03.940] [Server thread/DEBUG] [com.github.alexthe666.iceandfire.IceAndFire/]: Added the following features to the biome [terralith:cave/fungal_caves]: 
	- iceandfire:silver_ore
[14Apr2025 13:49:03.942] [Server thread/DEBUG] [com.github.alexthe666.iceandfire.IceAndFire/]: Added the following features to the biome [terralith:cave/granite_caves]: 
	- iceandfire:silver_ore
[14Apr2025 13:49:03.943] [Server thread/DEBUG] [com.github.alexthe666.iceandfire.IceAndFire/]: Added the following features to the biome [terralith:cave/ice_caves]: 
	- iceandfire:silver_ore
	- iceandfire:ice_dragon_roost
	- iceandfire:ice_dragon_cave
[14Apr2025 13:49:03.945] [Server thread/DEBUG] [com.github.alexthe666.iceandfire.IceAndFire/]: Added the following features to the biome [terralith:cave/infested_caves]: 
	- iceandfire:silver_ore
[14Apr2025 13:49:03.946] [Server thread/DEBUG] [com.github.alexthe666.iceandfire.IceAndFire/]: Added the following features to the biome [terralith:cave/mantle_caves]: 
	- iceandfire:fire_lily
	- iceandfire:silver_ore
	- iceandfire:fire_dragon_roost
	- iceandfire:fire_dragon_cave
[14Apr2025 13:49:03.948] [Server thread/DEBUG] [com.github.alexthe666.iceandfire.IceAndFire/]: Added the following features to the biome [terralith:cave/thermal_caves]: 
	- iceandfire:fire_lily
	- iceandfire:silver_ore
	- iceandfire:fire_dragon_roost
	- iceandfire:fire_dragon_cave
[14Apr2025 13:49:03.949] [Server thread/DEBUG] [com.github.alexthe666.iceandfire.IceAndFire/]: Added the following features to the biome [terralith:cave/tuff_caves]: 
	- iceandfire:silver_ore
[14Apr2025 13:49:03.950] [Server thread/DEBUG] [com.github.alexthe666.iceandfire.IceAndFire/]: Added the following features to the biome [terralith:cave/underground_jungle]: 
	- iceandfire:fire_lily
	- iceandfire:silver_ore
	- iceandfire:fire_dragon_roost
	- iceandfire:fire_dragon_cave
[14Apr2025 13:49:03.952] [Server thread/DEBUG] [com.github.alexthe666.iceandfire.IceAndFire/]: Added the following features to the biome [minecraft:cherry_grove]: 
	- iceandfire:silver_ore
[14Apr2025 13:49:03.955] [Server thread/DEBUG] [com.github.alexthe666.iceandfire.IceAndFire/]: Added the following features to the biome [terralith:cloud_forest]: 
	- iceandfire:silver_ore
	- iceandfire:ice_dragon_roost
	- iceandfire:ice_dragon_cave
[14Apr2025 13:49:03.957] [Server thread/DEBUG] [com.github.alexthe666.iceandfire.IceAndFire/]: Added the following features to the biome [minecraft:cold_ocean]: 
	- iceandfire:silver_ore
	- iceandfire:ice_dragon_roost
	- iceandfire:ice_dragon_cave
	- iceandfire:siren_island
	- iceandfire:spawn_hippocampus
	- iceandfire:spawn_sea_serpent
[14Apr2025 13:49:03.959] [Server thread/DEBUG] [com.github.alexthe666.iceandfire.IceAndFire/]: Added the following features to the biome [terralith:cold_shrubland]: 
	- iceandfire:frost_lily
	- iceandfire:silver_ore
	- iceandfire:sapphire_ore
	- iceandfire:ice_dragon_roost
	- iceandfire:ice_dragon_cave
	- iceandfire:spawn_dragon_skeleton_ice
[14Apr2025 13:49:03.962] [Server thread/DEBUG] [com.github.alexthe666.iceandfire.IceAndFire/]: Added the following features to the biome [minecraft:dark_forest]: 
	- iceandfire:silver_ore
	- iceandfire:pixie_village
[14Apr2025 13:49:03.964] [Server thread/DEBUG] [com.github.alexthe666.iceandfire.IceAndFire/]: Added the following features to the biome [minecraft:deep_cold_ocean]: 
	- iceandfire:silver_ore
	- iceandfire:ice_dragon_roost
	- iceandfire:ice_dragon_cave
	- iceandfire:siren_island
	- iceandfire:spawn_hippocampus
	- iceandfire:spawn_sea_serpent
[14Apr2025 13:49:03.967] [Server thread/DEBUG] [com.github.alexthe666.iceandfire.IceAndFire/]: Added the following features to the biome [minecraft:deep_dark]: 
	- iceandfire:silver_ore
[14Apr2025 13:49:03.970] [Server thread/DEBUG] [com.github.alexthe666.iceandfire.IceAndFire/]: Added the following features to the biome [minecraft:deep_frozen_ocean]: 
	- iceandfire:silver_ore
	- iceandfire:ice_dragon_roost
	- iceandfire:ice_dragon_cave
	- iceandfire:siren_island
	- iceandfire:spawn_hippocampus
	- iceandfire:spawn_sea_serpent
[14Apr2025 13:49:03.973] [Server thread/DEBUG] [com.github.alexthe666.iceandfire.IceAndFire/]: Added the following features to the biome [minecraft:deep_lukewarm_ocean]: 
	- iceandfire:silver_ore
	- iceandfire:siren_island
	- iceandfire:spawn_hippocampus
	- iceandfire:spawn_sea_serpent
[14Apr2025 13:49:03.974] [Server thread/DEBUG] [com.github.alexthe666.iceandfire.IceAndFire/]: Added the following features to the biome [minecraft:deep_ocean]: 
	- iceandfire:silver_ore
	- iceandfire:siren_island
	- iceandfire:spawn_hippocampus
	- iceandfire:spawn_sea_serpent
[14Apr2025 13:49:03.976] [Server thread/DEBUG] [com.github.alexthe666.iceandfire.IceAndFire/]: Added the following features to the biome [minecraft:desert]: 
	- iceandfire:fire_lily
	- iceandfire:silver_ore
	- iceandfire:fire_dragon_roost
	- iceandfire:fire_dragon_cave
	- iceandfire:myrmex_hive_desert
	- iceandfire:spawn_death_worm
	- iceandfire:spawn_dragon_skeleton_fire
[14Apr2025 13:49:03.980] [Server thread/DEBUG] [com.github.alexthe666.iceandfire.IceAndFire/]: Added the following features to the biome [terralith:desert_canyon]: 
	- iceandfire:fire_lily
	- iceandfire:silver_ore
	- iceandfire:fire_dragon_roost
	- iceandfire:fire_dragon_cave
	- iceandfire:myrmex_hive_desert
	- iceandfire:spawn_death_worm
	- iceandfire:spawn_dragon_skeleton_fire
[14Apr2025 13:49:03.983] [Server thread/DEBUG] [com.github.alexthe666.iceandfire.IceAndFire/]: Added the following features to the biome [terralith:desert_oasis]: 
	- iceandfire:fire_lily
	- iceandfire:silver_ore
	- iceandfire:fire_dragon_roost
	- iceandfire:fire_dragon_cave
	- iceandfire:myrmex_hive_desert
	- iceandfire:spawn_death_worm
	- iceandfire:spawn_dragon_skeleton_fire
[14Apr2025 13:49:03.986] [Server thread/DEBUG] [com.github.alexthe666.iceandfire.IceAndFire/]: Added the following features to the biome [terralith:desert_spires]: 
	- iceandfire:fire_lily
	- iceandfire:silver_ore
	- iceandfire:fire_dragon_roost
	- iceandfire:fire_dragon_cave
	- iceandfire:myrmex_hive_desert
	- iceandfire:spawn_death_worm
	- iceandfire:spawn_dragon_skeleton_fire
[14Apr2025 13:49:03.988] [Server thread/DEBUG] [com.github.alexthe666.iceandfire.IceAndFire/]: Added the following features to the biome [minecraft:dripstone_caves]: 
	- iceandfire:silver_ore
[14Apr2025 13:49:03.992] [Server thread/DEBUG] [com.github.alexthe666.iceandfire.IceAndFire/]: Added the following features to the biome [terralith:emerald_peaks]: 
	- iceandfire:frost_lily
	- iceandfire:silver_ore
	- iceandfire:sapphire_ore
	- iceandfire:ice_dragon_roost
	- iceandfire:ice_dragon_cave
	- iceandfire:spawn_dragon_skeleton_ice
[14Apr2025 13:49:03.998] [Server thread/DEBUG] [com.github.alexthe666.iceandfire.IceAndFire/]: Added the following features to the biome [minecraft:eroded_badlands]: 
	- iceandfire:fire_lily
	- iceandfire:silver_ore
	- iceandfire:lightning_dragon_roost
	- iceandfire:lightning_dragon_cave
[14Apr2025 13:49:03.999] [Server thread/DEBUG] [com.github.alexthe666.iceandfire.IceAndFire/]: Added the following features to the biome [minecraft:flower_forest]: 
	- iceandfire:silver_ore
[14Apr2025 13:49:04.001] [Server thread/DEBUG] [com.github.alexthe666.iceandfire.IceAndFire/]: Added the following features to the biome [minecraft:forest]: 
	- iceandfire:silver_ore
[14Apr2025 13:49:04.003] [Server thread/DEBUG] [com.github.alexthe666.iceandfire.IceAndFire/]: Added the following features to the biome [terralith:forested_highlands]: 
	- iceandfire:silver_ore
	- iceandfire:ice_dragon_roost
	- iceandfire:ice_dragon_cave
[14Apr2025 13:49:04.006] [Server thread/DEBUG] [com.github.alexthe666.iceandfire.IceAndFire/]: Added the following features to the biome [terralith:fractured_savanna]: 
	- iceandfire:fire_lily
	- iceandfire:lightning_lily
	- iceandfire:silver_ore
	- iceandfire:lightning_dragon_roost
	- iceandfire:lightning_dragon_cave
	- iceandfire:spawn_dragon_skeleton_lightning
[14Apr2025 13:49:04.010] [Server thread/DEBUG] [com.github.alexthe666.iceandfire.IceAndFire/]: Added the following features to the biome [terralith:frozen_cliffs]: 
	- iceandfire:silver_ore
	- iceandfire:ice_dragon_roost
	- iceandfire:ice_dragon_cave
[14Apr2025 13:49:04.013] [Server thread/DEBUG] [com.github.alexthe666.iceandfire.IceAndFire/]: Added the following features to the biome [minecraft:frozen_ocean]: 
	- iceandfire:frost_lily
	- iceandfire:silver_ore
	- iceandfire:sapphire_ore
	- iceandfire:ice_dragon_roost
	- iceandfire:ice_dragon_cave
	- iceandfire:siren_island
	- iceandfire:spawn_dragon_skeleton_ice
	- iceandfire:spawn_hippocampus
	- iceandfire:spawn_sea_serpent
[14Apr2025 13:49:04.015] [Server thread/DEBUG] [com.github.alexthe666.iceandfire.IceAndFire/]: Added the following features to the biome [minecraft:frozen_peaks]: 
	- iceandfire:frost_lily
	- iceandfire:silver_ore
	- iceandfire:sapphire_ore
	- iceandfire:ice_dragon_roost
	- iceandfire:ice_dragon_cave
	- iceandfire:spawn_dragon_skeleton_ice
[14Apr2025 13:49:04.017] [Server thread/DEBUG] [com.github.alexthe666.iceandfire.IceAndFire/]: Added the following features to the biome [minecraft:frozen_river]: 
	- iceandfire:frost_lily
	- iceandfire:silver_ore
	- iceandfire:sapphire_ore
	- iceandfire:ice_dragon_roost
	- iceandfire:ice_dragon_cave
	- iceandfire:spawn_dragon_skeleton_ice
[14Apr2025 13:49:04.019] [Server thread/DEBUG] [com.github.alexthe666.iceandfire.IceAndFire/]: Added the following features to the biome [terralith:glacial_chasm]: 
	- iceandfire:silver_ore
	- iceandfire:ice_dragon_roost
	- iceandfire:ice_dragon_cave
[14Apr2025 13:49:04.021] [Server thread/DEBUG] [com.github.alexthe666.iceandfire.IceAndFire/]: Added the following features to the biome [terralith:granite_cliffs]: 
	- iceandfire:fire_lily
	- iceandfire:silver_ore
	- iceandfire:fire_dragon_roost
	- iceandfire:fire_dragon_cave
[14Apr2025 13:49:04.022] [Server thread/DEBUG] [com.github.alexthe666.iceandfire.IceAndFire/]: Added the following features to the biome [terralith:gravel_beach]: 
	- iceandfire:silver_ore
	- iceandfire:cyclops_cave
[14Apr2025 13:49:04.024] [Server thread/DEBUG] [com.github.alexthe666.iceandfire.IceAndFire/]: Added the following features to the biome [terralith:gravel_desert]: 
	- iceandfire:frost_lily
	- iceandfire:silver_ore
	- iceandfire:sapphire_ore
	- iceandfire:ice_dragon_roost
	- iceandfire:ice_dragon_cave
	- iceandfire:spawn_dragon_skeleton_ice
[14Apr2025 13:49:04.028] [Server thread/DEBUG] [com.github.alexthe666.iceandfire.IceAndFire/]: Added the following features to the biome [minecraft:grove]: 
	- iceandfire:frost_lily
	- iceandfire:silver_ore
	- iceandfire:sapphire_ore
	- iceandfire:ice_dragon_roost
	- iceandfire:ice_dragon_cave
	- iceandfire:spawn_dragon_skeleton_ice
[14Apr2025 13:49:04.030] [Server thread/DEBUG] [com.github.alexthe666.iceandfire.IceAndFire/]: Added the following features to the biome [terralith:haze_mountain]: 
	- iceandfire:silver_ore
	- iceandfire:ice_dragon_roost
	- iceandfire:ice_dragon_cave
[14Apr2025 13:49:04.031] [Server thread/DEBUG] [com.github.alexthe666.iceandfire.IceAndFire/]: Added the following features to the biome [terralith:highlands]: 
	- iceandfire:silver_ore
	- iceandfire:ice_dragon_roost
	- iceandfire:ice_dragon_cave
	- iceandfire:spawn_wandering_cyclops
[14Apr2025 13:49:04.033] [Server thread/DEBUG] [com.github.alexthe666.iceandfire.IceAndFire/]: Added the following features to the biome [terralith:hot_shrubland]: 
	- iceandfire:fire_lily
	- iceandfire:silver_ore
	- iceandfire:fire_dragon_roost
	- iceandfire:fire_dragon_cave
[14Apr2025 13:49:04.035] [Server thread/DEBUG] [com.github.alexthe666.iceandfire.IceAndFire/]: Added the following features to the biome [terralith:ice_marsh]: 
	- iceandfire:silver_ore
	- iceandfire:ice_dragon_roost
	- iceandfire:ice_dragon_cave
	- iceandfire:hydra_cave
	- iceandfire:spawn_stymphalian_bird
[14Apr2025 13:49:04.038] [Server thread/DEBUG] [com.github.alexthe666.iceandfire.IceAndFire/]: Added the following features to the biome [minecraft:ice_spikes]: 
	- iceandfire:frost_lily
	- iceandfire:silver_ore
	- iceandfire:sapphire_ore
	- iceandfire:ice_dragon_roost
	- iceandfire:ice_dragon_cave
	- iceandfire:spawn_dragon_skeleton_ice
[14Apr2025 13:49:04.040] [Server thread/DEBUG] [com.github.alexthe666.iceandfire.IceAndFire/]: Added the following features to the biome [minecraft:jagged_peaks]: 
	- iceandfire:frost_lily
	- iceandfire:silver_ore
	- iceandfire:sapphire_ore
	- iceandfire:ice_dragon_roost
	- iceandfire:ice_dragon_cave
	- iceandfire:spawn_dragon_skeleton_ice
[14Apr2025 13:49:04.043] [Server thread/DEBUG] [com.github.alexthe666.iceandfire.IceAndFire/]: Added the following features to the biome [minecraft:jungle]: 
	- iceandfire:fire_lily
	- iceandfire:silver_ore
	- iceandfire:lightning_dragon_roost
	- iceandfire:lightning_dragon_cave
	- iceandfire:myrmex_hive_jungle
[14Apr2025 13:49:04.045] [Server thread/DEBUG] [com.github.alexthe666.iceandfire.IceAndFire/]: Added the following features to the biome [terralith:jungle_mountains]: 
	- iceandfire:fire_lily
	- iceandfire:silver_ore
	- iceandfire:lightning_dragon_roost
	- iceandfire:lightning_dragon_cave
	- iceandfire:myrmex_hive_jungle
[14Apr2025 13:49:04.048] [Server thread/DEBUG] [com.github.alexthe666.iceandfire.IceAndFire/]: Added the following features to the biome [terralith:lavender_forest]: 
	- iceandfire:silver_ore
[14Apr2025 13:49:04.050] [Server thread/DEBUG] [com.github.alexthe666.iceandfire.IceAndFire/]: Added the following features to the biome [terralith:lavender_valley]: 
	- iceandfire:silver_ore
[14Apr2025 13:49:04.051] [Server thread/DEBUG] [com.github.alexthe666.iceandfire.IceAndFire/]: Added the following features to the biome [minecraft:lukewarm_ocean]: 
	- iceandfire:silver_ore
	- iceandfire:siren_island
	- iceandfire:spawn_hippocampus
	- iceandfire:spawn_sea_serpent
[14Apr2025 13:49:04.053] [Server thread/DEBUG] [com.github.alexthe666.iceandfire.IceAndFire/]: Added the following features to the biome [minecraft:lush_caves]: 
	- iceandfire:silver_ore
[14Apr2025 13:49:04.056] [Server thread/DEBUG] [com.github.alexthe666.iceandfire.IceAndFire/]: Added the following features to the biome [terralith:lush_desert]: 
	- iceandfire:fire_lily
	- iceandfire:silver_ore
	- iceandfire:fire_dragon_roost
	- iceandfire:fire_dragon_cave
	- iceandfire:myrmex_hive_desert
	- iceandfire:spawn_death_worm
	- iceandfire:spawn_dragon_skeleton_fire
[14Apr2025 13:49:04.058] [Server thread/DEBUG] [com.github.alexthe666.iceandfire.IceAndFire/]: Added the following features to the biome [terralith:lush_valley]: 
	- iceandfire:silver_ore
[14Apr2025 13:49:04.062] [Server thread/DEBUG] [com.github.alexthe666.iceandfire.IceAndFire/]: Added the following features to the biome [minecraft:mangrove_swamp]: 
	- iceandfire:fire_lily
	- iceandfire:silver_ore
	- iceandfire:fire_dragon_roost
	- iceandfire:fire_dragon_cave
	- iceandfire:hydra_cave
	- iceandfire:spawn_stymphalian_bird
[14Apr2025 13:49:04.064] [Server thread/DEBUG] [com.github.alexthe666.iceandfire.IceAndFire/]: Added the following features to the biome [minecraft:meadow]: 
	- iceandfire:silver_ore
	- iceandfire:fire_dragon_roost
	- iceandfire:fire_dragon_cave
	- iceandfire:spawn_wandering_cyclops
[14Apr2025 13:49:04.067] [Server thread/DEBUG] [com.github.alexthe666.iceandfire.IceAndFire/]: Added the following features to the biome [terralith:mirage_isles]: 
	- iceandfire:silver_ore
	- iceandfire:pixie_village
[14Apr2025 13:49:04.069] [Server thread/DEBUG] [com.github.alexthe666.iceandfire.IceAndFire/]: Added the following features to the biome [terralith:moonlight_grove]: 
	- iceandfire:silver_ore
[14Apr2025 13:49:04.071] [Server thread/DEBUG] [com.github.alexthe666.iceandfire.IceAndFire/]: Added the following features to the biome [terralith:moonlight_valley]: 
	- iceandfire:silver_ore
[14Apr2025 13:49:04.072] [Server thread/DEBUG] [com.github.alexthe666.iceandfire.IceAndFire/]: Added the following features to the biome [terralith:mountain_steppe]: 
	- iceandfire:silver_ore
[14Apr2025 13:49:04.074] [Server thread/DEBUG] [com.github.alexthe666.iceandfire.IceAndFire/]: Added the following features to the biome [minecraft:mushroom_fields]: 
	- iceandfire:silver_ore
[14Apr2025 13:49:04.078] [Server thread/DEBUG] [com.github.alexthe666.iceandfire.IceAndFire/]: Added the following features to the biome [minecraft:ocean]: 
	- iceandfire:silver_ore
	- iceandfire:siren_island
	- iceandfire:spawn_hippocampus
	- iceandfire:spawn_sea_serpent
[14Apr2025 13:49:04.081] [Server thread/DEBUG] [com.github.alexthe666.iceandfire.IceAndFire/]: Added the following features to the biome [minecraft:old_growth_birch_forest]: 
	- iceandfire:silver_ore
	- iceandfire:pixie_village
[14Apr2025 13:49:04.083] [Server thread/DEBUG] [com.github.alexthe666.iceandfire.IceAndFire/]: Added the following features to the biome [minecraft:old_growth_pine_taiga]: 
	- iceandfire:silver_ore
	- iceandfire:ice_dragon_roost
	- iceandfire:ice_dragon_cave
[14Apr2025 13:49:04.084] [Server thread/DEBUG] [com.github.alexthe666.iceandfire.IceAndFire/]: Added the following features to the biome [minecraft:old_growth_spruce_taiga]: 
	- iceandfire:silver_ore
[14Apr2025 13:49:04.087] [Server thread/DEBUG] [com.github.alexthe666.iceandfire.IceAndFire/]: Added the following features to the biome [terralith:orchid_swamp]: 
	- iceandfire:fire_lily
	- iceandfire:silver_ore
	- iceandfire:fire_dragon_roost
	- iceandfire:fire_dragon_cave
	- iceandfire:hydra_cave
	- iceandfire:spawn_stymphalian_bird
[14Apr2025 13:49:04.089] [Server thread/DEBUG] [com.github.alexthe666.iceandfire.IceAndFire/]: Added the following features to the biome [terralith:painted_mountains]: 
	- iceandfire:fire_lily
	- iceandfire:silver_ore
	- iceandfire:lightning_dragon_roost
	- iceandfire:lightning_dragon_cave
[14Apr2025 13:49:04.091] [Server thread/DEBUG] [com.github.alexthe666.iceandfire.IceAndFire/]: Added the following features to the biome [minecraft:plains]: 
	- iceandfire:silver_ore
	- iceandfire:fire_dragon_roost
	- iceandfire:fire_dragon_cave
	- iceandfire:spawn_wandering_cyclops
[14Apr2025 13:49:04.093] [Server thread/DEBUG] [com.github.alexthe666.iceandfire.IceAndFire/]: Added the following features to the biome [terralith:red_oasis]: 
	- iceandfire:fire_lily
	- iceandfire:silver_ore
	- iceandfire:fire_dragon_roost
	- iceandfire:fire_dragon_cave
[14Apr2025 13:49:04.096] [Server thread/DEBUG] [com.github.alexthe666.iceandfire.IceAndFire/]: Added the following features to the biome [minecraft:river]: 
	- iceandfire:silver_ore
[14Apr2025 13:49:04.099] [Server thread/DEBUG] [com.github.alexthe666.iceandfire.IceAndFire/]: Added the following features to the biome [terralith:rocky_jungle]: 
	- iceandfire:fire_lily
	- iceandfire:silver_ore
	- iceandfire:lightning_dragon_roost
	- iceandfire:lightning_dragon_cave
	- iceandfire:myrmex_hive_jungle
[14Apr2025 13:49:04.100] [Server thread/DEBUG] [com.github.alexthe666.iceandfire.IceAndFire/]: Added the following features to the biome [terralith:rocky_mountains]: 
	- iceandfire:frost_lily
	- iceandfire:silver_ore
	- iceandfire:sapphire_ore
	- iceandfire:ice_dragon_roost
	- iceandfire:ice_dragon_cave
	- iceandfire:spawn_dragon_skeleton_ice
[14Apr2025 13:49:04.101] [Server thread/DEBUG] [com.github.alexthe666.iceandfire.IceAndFire/]: Added the following features to the biome [terralith:rocky_shrubland]: 
	- iceandfire:frost_lily
	- iceandfire:silver_ore
	- iceandfire:sapphire_ore
	- iceandfire:ice_dragon_roost
	- iceandfire:ice_dragon_cave
	- iceandfire:spawn_wandering_cyclops
	- iceandfire:spawn_dragon_skeleton_ice
[14Apr2025 13:49:04.103] [Server thread/DEBUG] [com.github.alexthe666.iceandfire.IceAndFire/]: Added the following features to the biome [terralith:sakura_grove]: 
	- iceandfire:silver_ore
[14Apr2025 13:49:04.105] [Server thread/DEBUG] [com.github.alexthe666.iceandfire.IceAndFire/]: Added the following features to the biome [terralith:sakura_valley]: 
	- iceandfire:silver_ore
[14Apr2025 13:49:04.106] [Server thread/DEBUG] [com.github.alexthe666.iceandfire.IceAndFire/]: Added the following features to the biome [terralith:sandstone_valley]: 
	- iceandfire:fire_lily
	- iceandfire:silver_ore
	- iceandfire:fire_dragon_roost
	- iceandfire:fire_dragon_cave
	- iceandfire:myrmex_hive_desert
	- iceandfire:spawn_death_worm
	- iceandfire:spawn_dragon_skeleton_fire
[14Apr2025 13:49:04.108] [Server thread/DEBUG] [com.github.alexthe666.iceandfire.IceAndFire/]: Added the following features to the biome [minecraft:savanna]: 
	- iceandfire:fire_lily
	- iceandfire:lightning_lily
	- iceandfire:silver_ore
	- iceandfire:lightning_dragon_roost
	- iceandfire:lightning_dragon_cave
	- iceandfire:spawn_dragon_skeleton_lightning
[14Apr2025 13:49:04.111] [Server thread/DEBUG] [com.github.alexthe666.iceandfire.IceAndFire/]: Added the following features to the biome [terralith:savanna_badlands]: 
	- iceandfire:fire_lily
	- iceandfire:lightning_lily
	- iceandfire:silver_ore
	- iceandfire:lightning_dragon_roost
	- iceandfire:lightning_dragon_cave
	- iceandfire:spawn_dragon_skeleton_lightning
[14Apr2025 13:49:04.113] [Server thread/DEBUG] [com.github.alexthe666.iceandfire.IceAndFire/]: Added the following features to the biome [minecraft:savanna_plateau]: 
	- iceandfire:fire_lily
	- iceandfire:lightning_lily
	- iceandfire:silver_ore
	- iceandfire:lightning_dragon_roost
	- iceandfire:lightning_dragon_cave
	- iceandfire:spawn_dragon_skeleton_lightning
[14Apr2025 13:49:04.115] [Server thread/DEBUG] [com.github.alexthe666.iceandfire.IceAndFire/]: Added the following features to the biome [terralith:savanna_slopes]: 
	- iceandfire:fire_lily
	- iceandfire:lightning_lily
	- iceandfire:silver_ore
	- iceandfire:lightning_dragon_roost
	- iceandfire:lightning_dragon_cave
	- iceandfire:spawn_dragon_skeleton_lightning
[14Apr2025 13:49:04.117] [Server thread/DEBUG] [com.github.alexthe666.iceandfire.IceAndFire/]: Added the following features to the biome [terralith:scarlet_mountains]: 
	- iceandfire:silver_ore
	- iceandfire:ice_dragon_roost
	- iceandfire:ice_dragon_cave
[14Apr2025 13:49:04.119] [Server thread/DEBUG] [com.github.alexthe666.iceandfire.IceAndFire/]: Added the following features to the biome [terralith:shield]: 
	- iceandfire:silver_ore
	- iceandfire:ice_dragon_roost
	- iceandfire:ice_dragon_cave
[14Apr2025 13:49:04.121] [Server thread/DEBUG] [com.github.alexthe666.iceandfire.IceAndFire/]: Added the following features to the biome [terralith:shield_clearing]: 
	- iceandfire:silver_ore
[14Apr2025 13:49:04.122] [Server thread/DEBUG] [com.github.alexthe666.iceandfire.IceAndFire/]: Added the following features to the biome [terralith:shrubland]: 
	- iceandfire:fire_lily
	- iceandfire:silver_ore
	- iceandfire:fire_dragon_roost
	- iceandfire:fire_dragon_cave
[14Apr2025 13:49:04.124] [Server thread/DEBUG] [com.github.alexthe666.iceandfire.IceAndFire/]: Added the following features to the biome [terralith:siberian_grove]: 
	- iceandfire:frost_lily
	- iceandfire:silver_ore
	- iceandfire:sapphire_ore
	- iceandfire:ice_dragon_roost
	- iceandfire:ice_dragon_cave
	- iceandfire:spawn_dragon_skeleton_ice
[14Apr2025 13:49:04.126] [Server thread/DEBUG] [com.github.alexthe666.iceandfire.IceAndFire/]: Added the following features to the biome [terralith:siberian_taiga]: 
	- iceandfire:silver_ore
	- iceandfire:ice_dragon_roost
	- iceandfire:ice_dragon_cave
	- iceandfire:pixie_village
[14Apr2025 13:49:04.128] [Server thread/DEBUG] [com.github.alexthe666.iceandfire.IceAndFire/]: Added the following features to the biome [terralith:skylands]: 
	- iceandfire:silver_ore
	- iceandfire:pixie_village
[14Apr2025 13:49:04.130] [Server thread/DEBUG] [com.github.alexthe666.iceandfire.IceAndFire/]: Added the following features to the biome [terralith:skylands_autumn]: 
	- iceandfire:silver_ore
[14Apr2025 13:49:04.131] [Server thread/DEBUG] [com.github.alexthe666.iceandfire.IceAndFire/]: Added the following features to the biome [terralith:skylands_spring]: 
	- iceandfire:silver_ore
[14Apr2025 13:49:04.132] [Server thread/DEBUG] [com.github.alexthe666.iceandfire.IceAndFire/]: Added the following features to the biome [terralith:skylands_summer]: 
	- iceandfire:fire_lily
	- iceandfire:silver_ore
	- iceandfire:fire_dragon_roost
	- iceandfire:fire_dragon_cave
[14Apr2025 13:49:04.133] [Server thread/DEBUG] [com.github.alexthe666.iceandfire.IceAndFire/]: Added the following features to the biome [terralith:skylands_winter]: 
	- iceandfire:frost_lily
	- iceandfire:silver_ore
	- iceandfire:sapphire_ore
	- iceandfire:ice_dragon_roost
	- iceandfire:ice_dragon_cave
	- iceandfire:spawn_dragon_skeleton_ice
[14Apr2025 13:49:04.138] [Server thread/DEBUG] [com.github.alexthe666.iceandfire.IceAndFire/]: Added the following features to the biome [terralith:snowy_badlands]: 
	- iceandfire:frost_lily
	- iceandfire:silver_ore
	- iceandfire:sapphire_ore
	- iceandfire:ice_dragon_roost
	- iceandfire:ice_dragon_cave
	- iceandfire:spawn_dragon_skeleton_ice
[14Apr2025 13:49:04.140] [Server thread/DEBUG] [com.github.alexthe666.iceandfire.IceAndFire/]: Added the following features to the biome [minecraft:snowy_beach]: 
	- iceandfire:frost_lily
	- iceandfire:silver_ore
	- iceandfire:sapphire_ore
	- iceandfire:ice_dragon_roost
	- iceandfire:ice_dragon_cave
	- iceandfire:cyclops_cave
	- iceandfire:spawn_dragon_skeleton_ice
[14Apr2025 13:49:04.142] [Server thread/DEBUG] [com.github.alexthe666.iceandfire.IceAndFire/]: Added the following features to the biome [terralith:snowy_cherry_grove]: 
	- iceandfire:frost_lily
	- iceandfire:silver_ore
	- iceandfire:sapphire_ore
	- iceandfire:ice_dragon_roost
	- iceandfire:ice_dragon_cave
	- iceandfire:spawn_dragon_skeleton_ice
[14Apr2025 13:49:04.143] [Server thread/DEBUG] [com.github.alexthe666.iceandfire.IceAndFire/]: Added the following features to the biome [terralith:snowy_maple_forest]: 
	- iceandfire:frost_lily
	- iceandfire:silver_ore
	- iceandfire:sapphire_ore
	- iceandfire:ice_dragon_roost
	- iceandfire:ice_dragon_cave
	- iceandfire:spawn_dragon_skeleton_ice
[14Apr2025 13:49:04.145] [Server thread/DEBUG] [com.github.alexthe666.iceandfire.IceAndFire/]: Added the following features to the biome [minecraft:snowy_plains]: 
	- iceandfire:frost_lily
	- iceandfire:silver_ore
	- iceandfire:sapphire_ore
	- iceandfire:ice_dragon_roost
	- iceandfire:ice_dragon_cave
	- iceandfire:spawn_wandering_cyclops
	- iceandfire:spawn_dragon_skeleton_ice
[14Apr2025 13:49:04.147] [Server thread/DEBUG] [com.github.alexthe666.iceandfire.IceAndFire/]: Added the following features to the biome [terralith:snowy_shield]: 
	- iceandfire:frost_lily
	- iceandfire:silver_ore
	- iceandfire:sapphire_ore
	- iceandfire:ice_dragon_roost
	- iceandfire:ice_dragon_cave
	- iceandfire:spawn_dragon_skeleton_ice
[14Apr2025 13:49:04.149] [Server thread/DEBUG] [com.github.alexthe666.iceandfire.IceAndFire/]: Added the following features to the biome [minecraft:snowy_slopes]: 
	- iceandfire:frost_lily
	- iceandfire:silver_ore
	- iceandfire:sapphire_ore
	- iceandfire:ice_dragon_roost
	- iceandfire:ice_dragon_cave
	- iceandfire:spawn_dragon_skeleton_ice
[14Apr2025 13:49:04.151] [Server thread/DEBUG] [com.github.alexthe666.iceandfire.IceAndFire/]: Added the following features to the biome [minecraft:snowy_taiga]: 
	- iceandfire:frost_lily
	- iceandfire:silver_ore
	- iceandfire:sapphire_ore
	- iceandfire:ice_dragon_roost
	- iceandfire:ice_dragon_cave
	- iceandfire:spawn_dragon_skeleton_ice
[14Apr2025 13:49:04.154] [Server thread/DEBUG] [com.github.alexthe666.iceandfire.IceAndFire/]: Added the following features to the biome [minecraft:sparse_jungle]: 
	- iceandfire:fire_lily
	- iceandfire:silver_ore
	- iceandfire:lightning_dragon_roost
	- iceandfire:lightning_dragon_cave
	- iceandfire:myrmex_hive_jungle
[14Apr2025 13:49:04.155] [Server thread/DEBUG] [com.github.alexthe666.iceandfire.IceAndFire/]: Added the following features to the biome [terralith:steppe]: 
	- iceandfire:silver_ore
	- iceandfire:fire_dragon_roost
	- iceandfire:fire_dragon_cave
	- iceandfire:spawn_wandering_cyclops
[14Apr2025 13:49:04.157] [Server thread/DEBUG] [com.github.alexthe666.iceandfire.IceAndFire/]: Added the following features to the biome [minecraft:stony_peaks]: 
	- iceandfire:fire_lily
	- iceandfire:silver_ore
	- iceandfire:fire_dragon_roost
	- iceandfire:fire_dragon_cave
[14Apr2025 13:49:04.158] [Server thread/DEBUG] [com.github.alexthe666.iceandfire.IceAndFire/]: Added the following features to the biome [minecraft:stony_shore]: 
	- iceandfire:silver_ore
[14Apr2025 13:49:04.160] [Server thread/DEBUG] [com.github.alexthe666.iceandfire.IceAndFire/]: Added the following features to the biome [terralith:stony_spires]: 
	- iceandfire:silver_ore
[14Apr2025 13:49:04.161] [Server thread/DEBUG] [com.github.alexthe666.iceandfire.IceAndFire/]: Added the following features to the biome [minecraft:sunflower_plains]: 
	- iceandfire:silver_ore
	- iceandfire:fire_dragon_roost
	- iceandfire:fire_dragon_cave
	- iceandfire:spawn_wandering_cyclops
[14Apr2025 13:49:04.163] [Server thread/DEBUG] [com.github.alexthe666.iceandfire.IceAndFire/]: Added the following features to the biome [minecraft:swamp]: 
	- iceandfire:silver_ore
	- iceandfire:hydra_cave
	- iceandfire:spawn_stymphalian_bird
[14Apr2025 13:49:04.164] [Server thread/DEBUG] [com.github.alexthe666.iceandfire.IceAndFire/]: Added the following features to the biome [minecraft:taiga]: 
	- iceandfire:silver_ore
	- iceandfire:ice_dragon_roost
	- iceandfire:ice_dragon_cave
[14Apr2025 13:49:04.166] [Server thread/DEBUG] [com.github.alexthe666.iceandfire.IceAndFire/]: Added the following features to the biome [terralith:temperate_highlands]: 
	- iceandfire:silver_ore
[14Apr2025 13:49:04.168] [Server thread/DEBUG] [com.github.alexthe666.iceandfire.IceAndFire/]: Added the following features to the biome [terralith:tropical_jungle]: 
	- iceandfire:fire_lily
	- iceandfire:silver_ore
	- iceandfire:lightning_dragon_roost
	- iceandfire:lightning_dragon_cave
	- iceandfire:myrmex_hive_jungle
[14Apr2025 13:49:04.170] [Server thread/DEBUG] [com.github.alexthe666.iceandfire.IceAndFire/]: Added the following features to the biome [terralith:valley_clearing]: 
	- iceandfire:silver_ore
[14Apr2025 13:49:04.172] [Server thread/DEBUG] [com.github.alexthe666.iceandfire.IceAndFire/]: Added the following features to the biome [terralith:volcanic_crater]: 
	- iceandfire:fire_lily
	- iceandfire:silver_ore
	- iceandfire:fire_dragon_roost
	- iceandfire:fire_dragon_cave
[14Apr2025 13:49:04.174] [Server thread/DEBUG] [com.github.alexthe666.iceandfire.IceAndFire/]: Added the following features to the biome [terralith:volcanic_peaks]: 
	- iceandfire:fire_lily
	- iceandfire:silver_ore
	- iceandfire:fire_dragon_roost
	- iceandfire:fire_dragon_cave
[14Apr2025 13:49:04.175] [Server thread/DEBUG] [com.github.alexthe666.iceandfire.IceAndFire/]: Added the following features to the biome [minecraft:warm_ocean]: 
	- iceandfire:fire_lily
	- iceandfire:silver_ore
	- iceandfire:fire_dragon_roost
	- iceandfire:fire_dragon_cave
	- iceandfire:siren_island
	- iceandfire:spawn_hippocampus
	- iceandfire:spawn_sea_serpent
[14Apr2025 13:49:04.177] [Server thread/DEBUG] [com.github.alexthe666.iceandfire.IceAndFire/]: Added the following features to the biome [terralith:warm_river]: 
	- iceandfire:fire_lily
	- iceandfire:silver_ore
	- iceandfire:fire_dragon_roost
	- iceandfire:fire_dragon_cave
[14Apr2025 13:49:04.179] [Server thread/DEBUG] [com.github.alexthe666.iceandfire.IceAndFire/]: Added the following features to the biome [terralith:warped_mesa]: 
	- iceandfire:fire_lily
	- iceandfire:silver_ore
	- iceandfire:fire_dragon_roost
	- iceandfire:fire_dragon_cave
[14Apr2025 13:49:04.181] [Server thread/DEBUG] [com.github.alexthe666.iceandfire.IceAndFire/]: Added the following features to the biome [terralith:white_cliffs]: 
	- iceandfire:silver_ore
[14Apr2025 13:49:04.182] [Server thread/DEBUG] [com.github.alexthe666.iceandfire.IceAndFire/]: Added the following features to the biome [terralith:white_mesa]: 
	- iceandfire:fire_lily
	- iceandfire:silver_ore
	- iceandfire:fire_dragon_roost
	- iceandfire:fire_dragon_cave
[14Apr2025 13:49:04.183] [Server thread/DEBUG] [com.github.alexthe666.iceandfire.IceAndFire/]: Added the following features to the biome [minecraft:windswept_forest]: 
	- iceandfire:silver_ore
[14Apr2025 13:49:04.184] [Server thread/DEBUG] [com.github.alexthe666.iceandfire.IceAndFire/]: Added the following features to the biome [minecraft:windswept_gravelly_hills]: 
	- iceandfire:silver_ore
[14Apr2025 13:49:04.185] [Server thread/DEBUG] [com.github.alexthe666.iceandfire.IceAndFire/]: Added the following features to the biome [minecraft:windswept_hills]: 
	- iceandfire:silver_ore
[14Apr2025 13:49:04.188] [Server thread/DEBUG] [com.github.alexthe666.iceandfire.IceAndFire/]: Added the following features to the biome [minecraft:windswept_savanna]: 
	- iceandfire:fire_lily
	- iceandfire:lightning_lily
	- iceandfire:silver_ore
	- iceandfire:lightning_dragon_roost
	- iceandfire:lightning_dragon_cave
	- iceandfire:spawn_dragon_skeleton_lightning
[14Apr2025 13:49:04.189] [Server thread/DEBUG] [com.github.alexthe666.iceandfire.IceAndFire/]: Added the following features to the biome [terralith:windswept_spires]: 
	- iceandfire:silver_ore
[14Apr2025 13:49:04.191] [Server thread/DEBUG] [com.github.alexthe666.iceandfire.IceAndFire/]: Added the following features to the biome [terralith:wintry_forest]: 
	- iceandfire:frost_lily
	- iceandfire:silver_ore
	- iceandfire:sapphire_ore
	- iceandfire:ice_dragon_roost
	- iceandfire:ice_dragon_cave
	- iceandfire:spawn_dragon_skeleton_ice
[14Apr2025 13:49:04.192] [Server thread/DEBUG] [com.github.alexthe666.iceandfire.IceAndFire/]: Added the following features to the biome [terralith:wintry_lowlands]: 
	- iceandfire:frost_lily
	- iceandfire:silver_ore
	- iceandfire:sapphire_ore
	- iceandfire:ice_dragon_roost
	- iceandfire:ice_dragon_cave
	- iceandfire:spawn_dragon_skeleton_ice
[14Apr2025 13:49:04.194] [Server thread/DEBUG] [com.github.alexthe666.iceandfire.IceAndFire/]: Added the following features to the biome [minecraft:wooded_badlands]: 
	- iceandfire:silver_ore
	- iceandfire:lightning_dragon_roost
	- iceandfire:lightning_dragon_cave
[14Apr2025 13:49:04.195] [Server thread/DEBUG] [com.github.alexthe666.iceandfire.IceAndFire/]: Added the following features to the biome [terralith:yellowstone]: 
	- iceandfire:silver_ore
	- iceandfire:ice_dragon_roost
	- iceandfire:ice_dragon_cave
[14Apr2025 13:49:04.196] [Server thread/DEBUG] [com.github.alexthe666.iceandfire.IceAndFire/]: Added the following features to the biome [terralith:yosemite_cliffs]: 
	- iceandfire:silver_ore
[14Apr2025 13:49:04.197] [Server thread/DEBUG] [com.github.alexthe666.iceandfire.IceAndFire/]: Added the following features to the biome [terralith:yosemite_lowlands]: 
	- iceandfire:silver_ore
[14Apr2025 13:49:04.211] [Server thread/INFO] [Framework/]: Loading server configs...
[14Apr2025 13:49:04.218] [Server thread/DEBUG] [Framework/]: Started watching config: /workspaces/mine2/servidor_minecraft/config/refurbished_furniture.server.toml
[14Apr2025 13:49:04.227] [Server thread/INFO] [net.minecraft.server.dedicated.DedicatedServer/]: Preparing level "world"
[14Apr2025 13:49:04.234] [Server thread/DEBUG] [net.minecraftforge.coremod.transformer.CoreModBaseTransformer/COREMOD]: Transforming net/minecraft/world/level/levelgen/PhantomSpawner
[14Apr2025 13:49:04.239] [Server thread/DEBUG] [net.minecraftforge.coremod.transformer.CoreModBaseTransformer/COREMOD]: Transforming net/minecraft/world/level/levelgen/PatrolSpawner
[14Apr2025 13:49:04.245] [Server thread/DEBUG] [net.minecraftforge.coremod.transformer.CoreModBaseTransformer/COREMOD]: Transforming net/minecraft/world/entity/npc/CatSpawner
[14Apr2025 13:49:04.252] [Server thread/DEBUG] [net.minecraftforge.coremod.transformer.CoreModBaseTransformer/COREMOD]: Transforming net/minecraft/world/entity/ai/village/VillageSiege
[14Apr2025 13:49:04.307] [Server thread/DEBUG] [mixin/]: Mixing camera.ChunkMapMixin from securitycraft.mixins.json into net.minecraft.server.level.ChunkMap
[14Apr2025 13:49:04.326] [Server thread/DEBUG] [mixin/]: Mixing MixinProtoChunk from forge-mca.mixin.json into net.minecraft.world.level.chunk.ProtoChunk
[14Apr2025 13:49:04.789] [Server thread/DEBUG] [mixin/]: Mixing portal.PortalForcerMixin from securitycraft.mixins.json into net.minecraft.world.level.portal.PortalForcer
[14Apr2025 13:49:08.369] [Server thread/INFO] [net.minecraft.server.MinecraftServer/]: Preparing start region for dimension minecraft:overworld
[14Apr2025 13:49:09.846] [Server thread/DEBUG] [mixin/]: Mixing MixinChunkSerializer from architectury.mixins.json into net.minecraft.world.level.chunk.storage.ChunkSerializer
[14Apr2025 13:49:10.353] [Server thread/DEBUG] [net.minecraftforge.coremod.transformer.CoreModBaseTransformer/COREMOD]: Transforming net/minecraft/world/level/levelgen/structure/templatesystem/StructureTemplate
[14Apr2025 13:49:14.456] [Worker-Main-1/INFO] [net.minecraft.server.level.progress.LoggerChunkProgressListener/]: Preparing spawn area: 0%
[14Apr2025 13:49:14.497] [Worker-Main-1/INFO] [net.minecraft.server.level.progress.LoggerChunkProgressListener/]: Preparing spawn area: 0%
[14Apr2025 13:49:14.519] [Worker-Main-3/INFO] [net.minecraft.server.level.progress.LoggerChunkProgressListener/]: Preparing spawn area: 0%
[14Apr2025 13:49:14.542] [Worker-Main-3/INFO] [net.minecraft.server.level.progress.LoggerChunkProgressListener/]: Preparing spawn area: 0%
[14Apr2025 13:49:14.557] [Worker-Main-1/INFO] [net.minecraft.server.level.progress.LoggerChunkProgressListener/]: Preparing spawn area: 0%
[14Apr2025 13:49:14.559] [Worker-Main-3/INFO] [net.minecraft.server.level.progress.LoggerChunkProgressListener/]: Preparing spawn area: 0%
[14Apr2025 13:49:14.561] [Worker-Main-2/INFO] [net.minecraft.server.level.progress.LoggerChunkProgressListener/]: Preparing spawn area: 0%
[14Apr2025 13:49:14.565] [Worker-Main-3/INFO] [net.minecraft.server.level.progress.LoggerChunkProgressListener/]: Preparing spawn area: 0%
[14Apr2025 13:49:14.571] [Worker-Main-3/INFO] [net.minecraft.server.level.progress.LoggerChunkProgressListener/]: Preparing spawn area: 0%
[14Apr2025 13:49:14.589] [Worker-Main-3/INFO] [net.minecraft.server.level.progress.LoggerChunkProgressListener/]: Preparing spawn area: 0%
[14Apr2025 13:49:14.596] [Worker-Main-2/INFO] [net.minecraft.server.level.progress.LoggerChunkProgressListener/]: Preparing spawn area: 0%
[14Apr2025 13:49:14.603] [Worker-Main-3/INFO] [net.minecraft.server.level.progress.LoggerChunkProgressListener/]: Preparing spawn area: 0%
[14Apr2025 13:49:14.611] [Worker-Main-3/INFO] [net.minecraft.server.level.progress.LoggerChunkProgressListener/]: Preparing spawn area: 0%
[14Apr2025 13:49:15.834] [Worker-Main-3/INFO] [net.minecraft.server.level.progress.LoggerChunkProgressListener/]: Preparing spawn area: 0%
[14Apr2025 13:49:15.835] [Worker-Main-3/INFO] [net.minecraft.server.level.progress.LoggerChunkProgressListener/]: Preparing spawn area: 0%
[14Apr2025 13:49:15.871] [Worker-Main-3/INFO] [net.minecraft.server.level.progress.LoggerChunkProgressListener/]: Preparing spawn area: 0%
[14Apr2025 13:49:16.370] [Worker-Main-2/INFO] [net.minecraft.server.level.progress.LoggerChunkProgressListener/]: Preparing spawn area: 21%
[14Apr2025 13:49:16.908] [Worker-Main-1/INFO] [net.minecraft.server.level.progress.LoggerChunkProgressListener/]: Preparing spawn area: 65%
[14Apr2025 13:49:17.370] [Worker-Main-2/INFO] [net.minecraft.server.level.progress.LoggerChunkProgressListener/]: Preparing spawn area: 80%
[14Apr2025 13:49:17.458] [Server thread/INFO] [net.minecraft.server.level.progress.LoggerChunkProgressListener/]: Time elapsed: 9088 ms
[14Apr2025 13:49:17.459] [Server thread/INFO] [net.minecraft.server.dedicated.DedicatedServer/]: Done (13.656s)! For help, type "help"
[14Apr2025 13:49:17.471] [Server thread/DEBUG] [net.minecraftforge.network.DualStackUtils/]: Detected IPv6 address: "0:0:0:0:0:0:0:0"
[14Apr2025 13:49:17.526] [Server thread/DEBUG] [net.minecraftforge.common.ForgeI18n/CORE]: Loading I18N data entries: 10572
[14Apr2025 13:49:17.533] [Server thread/INFO] [net.minecraftforge.server.permission.PermissionAPI/]: Successfully initialized permission handler forge:default_handler
[14Apr2025 13:49:17.539] [Server thread/INFO] [com.github.alexthe666.iceandfire.IceAndFire/]: {iceandfire:fire_dragon_roost=true, iceandfire:fire_lily=true, iceandfire:spawn_dragon_skeleton_fire=true, iceandfire:lightning_dragon_roost=true, iceandfire:spawn_dragon_skeleton_lightning=true, iceandfire:ice_dragon_roost=true, iceandfire:ice_dragon_cave=true, iceandfire:lightning_dragon_cave=true, iceandfire:cyclops_cave=true, iceandfire:spawn_wandering_cyclops=true, iceandfire:spawn_sea_serpent=true, iceandfire:frost_lily=true, iceandfire:hydra_cave=true, iceandfire:lightning_lily=true, iceandfire:pixie_village=true, iceandfire:myrmex_hive_jungle=true, iceandfire:myrmex_hive_desert=true, iceandfire:silver_ore=true, iceandfire:siren_island=true, iceandfire:spawn_dragon_skeleton_ice=true, iceandfire:spawn_stymphalian_bird=true, iceandfire:fire_dragon_cave=true, iceandfire:sapphire_ore=true, iceandfire:spawn_hippocampus=true, iceandfire:spawn_death_worm=true}
[14Apr2025 13:49:17.539] [Server thread/INFO] [com.github.alexthe666.iceandfire.IceAndFire/]: {TROLL_S=true, HIPPOGRYPH=true, AMPHITHERE=true, COCKATRICE=true, TROLL_M=true, DREAD_LICH=true, TROLL_F=true}
[14Apr2025 13:49:17.565] [Server thread/DEBUG] [io.netty.buffer.AbstractByteBuf/]: -Dio.netty.buffer.checkAccessible: true
[14Apr2025 13:49:17.565] [Server thread/DEBUG] [io.netty.buffer.AbstractByteBuf/]: -Dio.netty.buffer.checkBounds: true
[14Apr2025 13:49:17.566] [Server thread/DEBUG] [io.netty.util.ResourceLeakDetectorFactory/]: Loaded default ResourceLeakDetector: io.netty.util.ResourceLeakDetector@795226b6
[14Apr2025 13:49:17.615] [Server thread/DEBUG] [net.minecraftforge.coremod.transformer.CoreModBaseTransformer/COREMOD]: Transforming net/minecraft/world/level/NaturalSpawner
[14Apr2025 13:49:17.673] [Server thread/DEBUG] [mixin/]: Mixing camera.TrackedEntityMixin from securitycraft.mixins.json into net.minecraft.server.level.ChunkMap$TrackedEntity
[14Apr2025 13:49:30.331] [Netty Epoll Server IO #1/DEBUG] [net.minecraftforge.coremod.transformer.CoreModBaseTransformer/COREMOD]: Transforming net/minecraft/network/protocol/game/ClientboundSectionBlocksUpdatePacket
[14Apr2025 13:49:30.340] [Netty Epoll Server IO #1/DEBUG] [net.minecraftforge.coremod.transformer.CoreModBaseTransformer/COREMOD]: Transforming net/minecraft/network/protocol/game/ClientboundSectionBlocksUpdatePacket
[14Apr2025 13:49:30.496] [Netty Epoll Server IO #1/DEBUG] [io.netty.util.Recycler/]: -Dio.netty.recycler.maxCapacityPerThread: 4096
[14Apr2025 13:49:30.496] [Netty Epoll Server IO #1/DEBUG] [io.netty.util.Recycler/]: -Dio.netty.recycler.ratio: 8
[14Apr2025 13:49:30.496] [Netty Epoll Server IO #1/DEBUG] [io.netty.util.Recycler/]: -Dio.netty.recycler.chunkSize: 32
[14Apr2025 13:49:30.496] [Netty Epoll Server IO #1/DEBUG] [io.netty.util.Recycler/]: -Dio.netty.recycler.blocking: false
[14Apr2025 13:49:31.999] [Netty Epoll Server IO #2/DEBUG] [net.minecraftforge.network.HandshakeHandler/FMLHANDSHAKE]: Starting new modded impl connection. Found 33 messages to dispatch.
[14Apr2025 13:49:32.045] [Server thread/DEBUG] [net.minecraftforge.network.HandshakeHandler/FMLHANDSHAKE]: Sending ticking packet info 'FrameworkConfig refurbished_furniture:server' to 'framework:handshake' sequence 0
[14Apr2025 13:49:32.097] [Server thread/DEBUG] [net.minecraftforge.network.HandshakeHandler/FMLHANDSHAKE]: Sending ticking packet info 'net.minecraftforge.network.HandshakeMessages$S2CModData' to 'fml:handshake' sequence 1
[14Apr2025 13:49:32.124] [Netty Epoll Server IO #2/DEBUG] [net.minecraftforge.network.LoginWrapper/FMLHANDSHAKE]: Recieved login wrapper packet event for channel framework:handshake with index 0
[14Apr2025 13:49:32.126] [Netty Epoll Server IO #2/DEBUG] [net.minecraftforge.network.HandshakeHandler/FMLHANDSHAKE]: Received client indexed reply 0 of type com.mrcrayfish.framework.api.network.message.HandshakeMessage$Acknowledge
[14Apr2025 13:49:32.127] [Netty Epoll Server IO #2/DEBUG] [Framework/FRAMEWORK_HANDSHAKE]: Received acknowledgement from client
[14Apr2025 13:49:32.149] [Server thread/DEBUG] [net.minecraftforge.network.HandshakeHandler/FMLHANDSHAKE]: Sending ticking packet info 'net.minecraftforge.network.HandshakeMessages$S2CModList' to 'fml:handshake' sequence 2
[14Apr2025 13:49:32.196] [Server thread/DEBUG] [net.minecraftforge.network.HandshakeHandler/FMLHANDSHAKE]: Sending ticking packet info 'Registry minecraft:command_argument_type' to 'fml:handshake' sequence 3
[14Apr2025 13:49:32.210] [Netty Epoll Server IO #2/DEBUG] [net.minecraftforge.network.LoginWrapper/FMLHANDSHAKE]: Recieved login wrapper packet event for channel fml:handshake with index 2
[14Apr2025 13:49:32.212] [Netty Epoll Server IO #2/DEBUG] [net.minecraftforge.network.HandshakeHandler/FMLHANDSHAKE]: Received client indexed reply 2 of type net.minecraftforge.network.HandshakeMessages$C2SModListReply
[14Apr2025 13:49:32.212] [Netty Epoll Server IO #2/DEBUG] [net.minecraftforge.network.HandshakeHandler/FMLHANDSHAKE]: Received client connection with modlist [kuma_api, animation_overhaul, playeranimator, jei, kleeslabs, neat, waystones, epicfight, xaeroworldmap, citadel, alexsmobs, travelersbackpack, mixinextras, iceandfire, balm, terralith, carryon, sodiumoptionsapi, jeresources, puzzlesaccessapi, cloth_config, forge, sodiumdynamiclights, konkrete, embeddium, rubidium, corpse, minecraft, farmersdelight, fabric_api_base, necronomicon, jade, creativecore, cleanswing, xaerominimap, collective, dragonseeker, securitycraft, inventoryhud, architectury, mca, simplyswords, appleskin, alexsdelight, globalxp, refurbished_furniture, puzzleslib, justzoom, framework, dynamictrees, playerrevive, enchantinginfuser, scaffoldingdropsnearby]
[14Apr2025 13:49:32.213] [Netty Epoll Server IO #2/DEBUG] [net.minecraftforge.network.NetworkRegistry/NETREGISTRY]: Channel 'corpse:default' : Version test of '1.0.0' from client : ACCEPTED
[14Apr2025 13:49:32.213] [Netty Epoll Server IO #2/DEBUG] [net.minecraftforge.network.NetworkRegistry/NETREGISTRY]: Channel 'architectury:network' : Version test of '1' from client : ACCEPTED
[14Apr2025 13:49:32.213] [Netty Epoll Server IO #2/DEBUG] [net.minecraftforge.network.NetworkRegistry/NETREGISTRY]: Channel 'jei:channel' : Version test of '1.0.0' from client : ACCEPTED
[14Apr2025 13:49:32.214] [Netty Epoll Server IO #2/DEBUG] [net.minecraftforge.network.NetworkRegistry/NETREGISTRY]: Channel 'carryon:carryonpackets' : Version test of '1.0' from client : ACCEPTED
[14Apr2025 13:49:32.214] [Netty Epoll Server IO #2/DEBUG] [net.minecraftforge.network.NetworkRegistry/NETREGISTRY]: Channel 'minecraft:unregister' : Version test of 'FML3' from client : ACCEPTED
[14Apr2025 13:49:32.214] [Netty Epoll Server IO #2/DEBUG] [net.minecraftforge.network.NetworkRegistry/NETREGISTRY]: Channel 'xaerominimap:main' : Version test of '1.0' from client : ACCEPTED
[14Apr2025 13:49:32.214] [Netty Epoll Server IO #2/DEBUG] [net.minecraftforge.network.NetworkRegistry/NETREGISTRY]: Channel 'citadel:main_channel' : Version test of '1' from client : ACCEPTED
[14Apr2025 13:49:32.214] [Netty Epoll Server IO #2/DEBUG] [net.minecraftforge.network.NetworkRegistry/NETREGISTRY]: Channel 'puzzleslib:1' : Version test of '1' from client : ACCEPTED
[14Apr2025 13:49:32.214] [Netty Epoll Server IO #2/DEBUG] [net.minecraftforge.network.NetworkRegistry/NETREGISTRY]: Channel 'securitycraft:securitycraft' : Version test of 'v1.9.12' from client : ACCEPTED
[14Apr2025 13:49:32.214] [Netty Epoll Server IO #2/DEBUG] [net.minecraftforge.network.NetworkRegistry/NETREGISTRY]: Channel 'iceandfire:main_channel' : Version test of '1' from client : ACCEPTED
[14Apr2025 13:49:32.214] [Netty Epoll Server IO #2/DEBUG] [net.minecraftforge.network.NetworkRegistry/NETREGISTRY]: Channel 'framework:play' : Version test of '1' from client : ACCEPTED
[14Apr2025 13:49:32.214] [Netty Epoll Server IO #2/DEBUG] [net.minecraftforge.network.NetworkRegistry/NETREGISTRY]: Channel 'travelersbackpack:network' : Version test of 'travelersbackpack:1' from client : ACCEPTED
[14Apr2025 13:49:32.214] [Netty Epoll Server IO #2/DEBUG] [net.minecraftforge.network.NetworkRegistry/NETREGISTRY]: Channel 'appleskin:sync' : Version test of '1' from client : ACCEPTED
[14Apr2025 13:49:32.214] [Netty Epoll Server IO #2/DEBUG] [net.minecraftforge.network.NetworkRegistry/NETREGISTRY]: Channel 'framework:handshake' : Version test of '1' from client : ACCEPTED
[14Apr2025 13:49:32.214] [Netty Epoll Server IO #2/DEBUG] [net.minecraftforge.network.NetworkRegistry/NETREGISTRY]: Channel 'fml:loginwrapper' : Version test of 'FML3' from client : ACCEPTED
[14Apr2025 13:49:32.214] [Netty Epoll Server IO #2/DEBUG] [net.minecraftforge.network.NetworkRegistry/NETREGISTRY]: Channel 'enchantinginfuser:1' : Version test of '1' from client : ACCEPTED
[14Apr2025 13:49:32.214] [Netty Epoll Server IO #2/DEBUG] [net.minecraftforge.network.NetworkRegistry/NETREGISTRY]: Channel 'forge:tier_sorting' : Version test of '1.0' from client : ACCEPTED
[14Apr2025 13:49:32.214] [Netty Epoll Server IO #2/DEBUG] [net.minecraftforge.network.NetworkRegistry/NETREGISTRY]: Channel 'alexsmobs:main_channel' : Version test of '1' from client : ACCEPTED
[14Apr2025 13:49:32.214] [Netty Epoll Server IO #2/DEBUG] [net.minecraftforge.network.NetworkRegistry/NETREGISTRY]: Channel 'mca:main' : Version test of '1' from client : ACCEPTED
[14Apr2025 13:49:32.214] [Netty Epoll Server IO #2/DEBUG] [net.minecraftforge.network.NetworkRegistry/NETREGISTRY]: Channel 'playerrevive:main' : Version test of '1' from client : ACCEPTED
[14Apr2025 13:49:32.214] [Netty Epoll Server IO #2/DEBUG] [net.minecraftforge.network.NetworkRegistry/NETREGISTRY]: Channel 'fml:play' : Version test of 'FML3' from client : ACCEPTED
[14Apr2025 13:49:32.214] [Netty Epoll Server IO #2/DEBUG] [net.minecraftforge.network.NetworkRegistry/NETREGISTRY]: Channel 'kleeslabs:network' : Version test of '1.0' from client : ACCEPTED
[14Apr2025 13:49:32.214] [Netty Epoll Server IO #2/DEBUG] [net.minecraftforge.network.NetworkRegistry/NETREGISTRY]: Channel 'creativecore:main' : Version test of '1' from client : ACCEPTED
[14Apr2025 13:49:32.214] [Netty Epoll Server IO #2/DEBUG] [net.minecraftforge.network.NetworkRegistry/NETREGISTRY]: Channel 'epicfight:network_manager' : Version test of '1' from client : ACCEPTED
[14Apr2025 13:49:32.214] [Netty Epoll Server IO #2/DEBUG] [net.minecraftforge.network.NetworkRegistry/NETREGISTRY]: Channel 'fml:handshake' : Version test of 'FML3' from client : ACCEPTED
[14Apr2025 13:49:32.214] [Netty Epoll Server IO #2/DEBUG] [net.minecraftforge.network.NetworkRegistry/NETREGISTRY]: Channel 'xaeroworldmap:main' : Version test of '1.0' from client : ACCEPTED
[14Apr2025 13:49:32.214] [Netty Epoll Server IO #2/DEBUG] [net.minecraftforge.network.NetworkRegistry/NETREGISTRY]: Channel 'minecraft:register' : Version test of 'FML3' from client : ACCEPTED
[14Apr2025 13:49:32.215] [Netty Epoll Server IO #2/DEBUG] [net.minecraftforge.network.NetworkRegistry/NETREGISTRY]: Channel 'forge:split' : Version test of '1.1' from client : ACCEPTED
[14Apr2025 13:49:32.215] [Netty Epoll Server IO #2/DEBUG] [net.minecraftforge.network.NetworkRegistry/NETREGISTRY]: Channel 'waystones:network' : Version test of '1.0' from client : ACCEPTED
[14Apr2025 13:49:32.215] [Netty Epoll Server IO #2/DEBUG] [net.minecraftforge.network.NetworkRegistry/NETREGISTRY]: Channel 'jade:networking' : Version test of '2' from client : ACCEPTED
[14Apr2025 13:49:32.215] [Netty Epoll Server IO #2/DEBUG] [net.minecraftforge.network.NetworkRegistry/NETREGISTRY]: Channel 'refurbished_furniture:play' : Version test of '1' from client : ACCEPTED
[14Apr2025 13:49:32.215] [Netty Epoll Server IO #2/DEBUG] [net.minecraftforge.network.NetworkRegistry/NETREGISTRY]: Accepting channel list from client
[14Apr2025 13:49:32.216] [Netty Epoll Server IO #2/DEBUG] [net.minecraftforge.network.HandshakeHandler/FMLHANDSHAKE]: Accepted client connection mod list
[14Apr2025 13:49:32.250] [Server thread/DEBUG] [net.minecraftforge.network.HandshakeHandler/FMLHANDSHAKE]: Sending ticking packet info 'Registry minecraft:recipe_serializer' to 'fml:handshake' sequence 4
[14Apr2025 13:49:32.257] [Netty Epoll Server IO #2/DEBUG] [net.minecraftforge.network.LoginWrapper/FMLHANDSHAKE]: Recieved login wrapper packet event for channel fml:handshake with index 3
[14Apr2025 13:49:32.257] [Netty Epoll Server IO #2/DEBUG] [net.minecraftforge.network.HandshakeHandler/FMLHANDSHAKE]: Received client indexed reply 3 of type net.minecraftforge.network.HandshakeMessages$C2SAcknowledge
[14Apr2025 13:49:32.257] [Netty Epoll Server IO #2/DEBUG] [net.minecraftforge.network.HandshakeHandler/FMLHANDSHAKE]: Received acknowledgement from client
[14Apr2025 13:49:32.294] [Server thread/DEBUG] [net.minecraftforge.network.HandshakeHandler/FMLHANDSHAKE]: Sending ticking packet info 'Registry minecraft:sound_event' to 'fml:handshake' sequence 5
[14Apr2025 13:49:32.300] [Netty Epoll Server IO #2/DEBUG] [net.minecraftforge.network.LoginWrapper/FMLHANDSHAKE]: Recieved login wrapper packet event for channel fml:handshake with index 4
[14Apr2025 13:49:32.301] [Netty Epoll Server IO #2/DEBUG] [net.minecraftforge.network.HandshakeHandler/FMLHANDSHAKE]: Received client indexed reply 4 of type net.minecraftforge.network.HandshakeMessages$C2SAcknowledge
[14Apr2025 13:49:32.301] [Netty Epoll Server IO #2/DEBUG] [net.minecraftforge.network.HandshakeHandler/FMLHANDSHAKE]: Received acknowledgement from client
[14Apr2025 13:49:32.345] [Server thread/DEBUG] [net.minecraftforge.network.HandshakeHandler/FMLHANDSHAKE]: Sending ticking packet info 'Registry minecraft:particle_type' to 'fml:handshake' sequence 6
[14Apr2025 13:49:32.396] [Server thread/DEBUG] [net.minecraftforge.network.HandshakeHandler/FMLHANDSHAKE]: Sending ticking packet info 'Registry minecraft:villager_profession' to 'fml:handshake' sequence 7
[14Apr2025 13:49:32.431] [Netty Epoll Server IO #2/DEBUG] [net.minecraftforge.network.LoginWrapper/FMLHANDSHAKE]: Recieved login wrapper packet event for channel fml:handshake with index 5
[14Apr2025 13:49:32.431] [Netty Epoll Server IO #2/DEBUG] [net.minecraftforge.network.HandshakeHandler/FMLHANDSHAKE]: Received client indexed reply 5 of type net.minecraftforge.network.HandshakeMessages$C2SAcknowledge
[14Apr2025 13:49:32.431] [Netty Epoll Server IO #2/DEBUG] [net.minecraftforge.network.HandshakeHandler/FMLHANDSHAKE]: Received acknowledgement from client
[14Apr2025 13:49:32.432] [Netty Epoll Server IO #2/DEBUG] [net.minecraftforge.network.LoginWrapper/FMLHANDSHAKE]: Recieved login wrapper packet event for channel fml:handshake with index 6
[14Apr2025 13:49:32.432] [Netty Epoll Server IO #2/DEBUG] [net.minecraftforge.network.HandshakeHandler/FMLHANDSHAKE]: Received client indexed reply 6 of type net.minecraftforge.network.HandshakeMessages$C2SAcknowledge
[14Apr2025 13:49:32.432] [Netty Epoll Server IO #2/DEBUG] [net.minecraftforge.network.HandshakeHandler/FMLHANDSHAKE]: Received acknowledgement from client
[14Apr2025 13:49:32.447] [Server thread/DEBUG] [net.minecraftforge.network.HandshakeHandler/FMLHANDSHAKE]: Sending ticking packet info 'Registry minecraft:item' to 'fml:handshake' sequence 8
[14Apr2025 13:49:32.467] [Netty Epoll Server IO #2/DEBUG] [net.minecraftforge.network.LoginWrapper/FMLHANDSHAKE]: Recieved login wrapper packet event for channel fml:handshake with index 7
[14Apr2025 13:49:32.467] [Netty Epoll Server IO #2/DEBUG] [net.minecraftforge.network.HandshakeHandler/FMLHANDSHAKE]: Received client indexed reply 7 of type net.minecraftforge.network.HandshakeMessages$C2SAcknowledge
[14Apr2025 13:49:32.467] [Netty Epoll Server IO #2/DEBUG] [net.minecraftforge.network.HandshakeHandler/FMLHANDSHAKE]: Received acknowledgement from client
[14Apr2025 13:49:32.497] [Server thread/DEBUG] [net.minecraftforge.network.HandshakeHandler/FMLHANDSHAKE]: Sending ticking packet info 'Registry minecraft:potion' to 'fml:handshake' sequence 9
[14Apr2025 13:49:32.541] [Server thread/DEBUG] [net.minecraftforge.network.HandshakeHandler/FMLHANDSHAKE]: Sending ticking packet info 'Registry minecraft:painting_variant' to 'fml:handshake' sequence 10
[14Apr2025 13:49:32.542] [Netty Epoll Server IO #2/DEBUG] [net.minecraftforge.network.LoginWrapper/FMLHANDSHAKE]: Recieved login wrapper packet event for channel fml:handshake with index 8
[14Apr2025 13:49:32.542] [Netty Epoll Server IO #2/DEBUG] [net.minecraftforge.network.HandshakeHandler/FMLHANDSHAKE]: Received client indexed reply 8 of type net.minecraftforge.network.HandshakeMessages$C2SAcknowledge
[14Apr2025 13:49:32.542] [Netty Epoll Server IO #2/DEBUG] [net.minecraftforge.network.HandshakeHandler/FMLHANDSHAKE]: Received acknowledgement from client
[14Apr2025 13:49:32.582] [Netty Epoll Server IO #2/DEBUG] [net.minecraftforge.network.LoginWrapper/FMLHANDSHAKE]: Recieved login wrapper packet event for channel fml:handshake with index 9
[14Apr2025 13:49:32.583] [Netty Epoll Server IO #2/DEBUG] [net.minecraftforge.network.HandshakeHandler/FMLHANDSHAKE]: Received client indexed reply 9 of type net.minecraftforge.network.HandshakeMessages$C2SAcknowledge
[14Apr2025 13:49:32.583] [Netty Epoll Server IO #2/DEBUG] [net.minecraftforge.network.HandshakeHandler/FMLHANDSHAKE]: Received acknowledgement from client
[14Apr2025 13:49:32.591] [Server thread/DEBUG] [net.minecraftforge.network.HandshakeHandler/FMLHANDSHAKE]: Sending ticking packet info 'Registry epicfight:skill_data_keys' to 'fml:handshake' sequence 11
[14Apr2025 13:49:32.621] [Netty Epoll Server IO #2/DEBUG] [net.minecraftforge.network.LoginWrapper/FMLHANDSHAKE]: Recieved login wrapper packet event for channel fml:handshake with index 10
[14Apr2025 13:49:32.621] [Netty Epoll Server IO #2/DEBUG] [net.minecraftforge.network.HandshakeHandler/FMLHANDSHAKE]: Received client indexed reply 10 of type net.minecraftforge.network.HandshakeMessages$C2SAcknowledge
[14Apr2025 13:49:32.621] [Netty Epoll Server IO #2/DEBUG] [net.minecraftforge.network.HandshakeHandler/FMLHANDSHAKE]: Received acknowledgement from client
[14Apr2025 13:49:32.641] [Server thread/DEBUG] [net.minecraftforge.network.HandshakeHandler/FMLHANDSHAKE]: Sending ticking packet info 'Registry forge:fluid_type' to 'fml:handshake' sequence 12
[14Apr2025 13:49:32.664] [Netty Epoll Server IO #2/DEBUG] [net.minecraftforge.network.LoginWrapper/FMLHANDSHAKE]: Recieved login wrapper packet event for channel fml:handshake with index 11
[14Apr2025 13:49:32.664] [Netty Epoll Server IO #2/DEBUG] [net.minecraftforge.network.HandshakeHandler/FMLHANDSHAKE]: Received client indexed reply 11 of type net.minecraftforge.network.HandshakeMessages$C2SAcknowledge
[14Apr2025 13:49:32.664] [Netty Epoll Server IO #2/DEBUG] [net.minecraftforge.network.HandshakeHandler/FMLHANDSHAKE]: Received acknowledgement from client
[14Apr2025 13:49:32.691] [Server thread/DEBUG] [net.minecraftforge.network.HandshakeHandler/FMLHANDSHAKE]: Sending ticking packet info 'Registry minecraft:block_entity_type' to 'fml:handshake' sequence 13
[14Apr2025 13:49:32.708] [Netty Epoll Server IO #2/DEBUG] [net.minecraftforge.network.LoginWrapper/FMLHANDSHAKE]: Recieved login wrapper packet event for channel fml:handshake with index 12
[14Apr2025 13:49:32.708] [Netty Epoll Server IO #2/DEBUG] [net.minecraftforge.network.HandshakeHandler/FMLHANDSHAKE]: Received client indexed reply 12 of type net.minecraftforge.network.HandshakeMessages$C2SAcknowledge
[14Apr2025 13:49:32.708] [Netty Epoll Server IO #2/DEBUG] [net.minecraftforge.network.HandshakeHandler/FMLHANDSHAKE]: Received acknowledgement from client
[14Apr2025 13:49:32.741] [Server thread/DEBUG] [net.minecraftforge.network.HandshakeHandler/FMLHANDSHAKE]: Sending ticking packet info 'Registry forge:display_contexts' to 'fml:handshake' sequence 14
[14Apr2025 13:49:32.753] [Netty Epoll Server IO #2/DEBUG] [net.minecraftforge.network.LoginWrapper/FMLHANDSHAKE]: Recieved login wrapper packet event for channel fml:handshake with index 13
[14Apr2025 13:49:32.754] [Netty Epoll Server IO #2/DEBUG] [net.minecraftforge.network.HandshakeHandler/FMLHANDSHAKE]: Received client indexed reply 13 of type net.minecraftforge.network.HandshakeMessages$C2SAcknowledge
[14Apr2025 13:49:32.754] [Netty Epoll Server IO #2/DEBUG] [net.minecraftforge.network.HandshakeHandler/FMLHANDSHAKE]: Received acknowledgement from client
[14Apr2025 13:49:32.791] [Server thread/DEBUG] [net.minecraftforge.network.HandshakeHandler/FMLHANDSHAKE]: Sending ticking packet info 'Registry minecraft:block' to 'fml:handshake' sequence 15
[14Apr2025 13:49:32.793] [Netty Epoll Server IO #2/DEBUG] [net.minecraftforge.network.LoginWrapper/FMLHANDSHAKE]: Recieved login wrapper packet event for channel fml:handshake with index 14
[14Apr2025 13:49:32.793] [Netty Epoll Server IO #2/DEBUG] [net.minecraftforge.network.HandshakeHandler/FMLHANDSHAKE]: Received client indexed reply 14 of type net.minecraftforge.network.HandshakeMessages$C2SAcknowledge
[14Apr2025 13:49:32.793] [Netty Epoll Server IO #2/DEBUG] [net.minecraftforge.network.HandshakeHandler/FMLHANDSHAKE]: Received acknowledgement from client
[14Apr2025 13:49:32.840] [Netty Epoll Server IO #2/DEBUG] [net.minecraftforge.network.LoginWrapper/FMLHANDSHAKE]: Recieved login wrapper packet event for channel fml:handshake with index 15
[14Apr2025 13:49:32.840] [Netty Epoll Server IO #2/DEBUG] [net.minecraftforge.network.HandshakeHandler/FMLHANDSHAKE]: Received client indexed reply 15 of type net.minecraftforge.network.HandshakeMessages$C2SAcknowledge
[14Apr2025 13:49:32.840] [Netty Epoll Server IO #2/DEBUG] [net.minecraftforge.network.HandshakeHandler/FMLHANDSHAKE]: Received acknowledgement from client
[14Apr2025 13:49:32.841] [Server thread/DEBUG] [net.minecraftforge.network.HandshakeHandler/FMLHANDSHAKE]: Sending ticking packet info 'Registry forge:entity_data_serializers' to 'fml:handshake' sequence 16
[14Apr2025 13:49:32.886] [Netty Epoll Server IO #2/DEBUG] [net.minecraftforge.network.LoginWrapper/FMLHANDSHAKE]: Recieved login wrapper packet event for channel fml:handshake with index 16
[14Apr2025 13:49:32.886] [Netty Epoll Server IO #2/DEBUG] [net.minecraftforge.network.HandshakeHandler/FMLHANDSHAKE]: Received client indexed reply 16 of type net.minecraftforge.network.HandshakeMessages$C2SAcknowledge
[14Apr2025 13:49:32.886] [Netty Epoll Server IO #2/DEBUG] [net.minecraftforge.network.HandshakeHandler/FMLHANDSHAKE]: Received acknowledgement from client
[14Apr2025 13:49:32.891] [Server thread/DEBUG] [net.minecraftforge.network.HandshakeHandler/FMLHANDSHAKE]: Sending ticking packet info 'Registry minecraft:mob_effect' to 'fml:handshake' sequence 17
[14Apr2025 13:49:32.941] [Server thread/DEBUG] [net.minecraftforge.network.HandshakeHandler/FMLHANDSHAKE]: Sending ticking packet info 'Registry minecraft:stat_type' to 'fml:handshake' sequence 18
[14Apr2025 13:49:32.976] [Netty Epoll Server IO #2/DEBUG] [net.minecraftforge.network.LoginWrapper/FMLHANDSHAKE]: Recieved login wrapper packet event for channel fml:handshake with index 17
[14Apr2025 13:49:32.976] [Netty Epoll Server IO #2/DEBUG] [net.minecraftforge.network.HandshakeHandler/FMLHANDSHAKE]: Received client indexed reply 17 of type net.minecraftforge.network.HandshakeMessages$C2SAcknowledge
[14Apr2025 13:49:32.976] [Netty Epoll Server IO #2/DEBUG] [net.minecraftforge.network.HandshakeHandler/FMLHANDSHAKE]: Received acknowledgement from client
[14Apr2025 13:49:32.991] [Server thread/DEBUG] [net.minecraftforge.network.HandshakeHandler/FMLHANDSHAKE]: Sending ticking packet info 'Registry epicfight:conditions' to 'fml:handshake' sequence 19
[14Apr2025 13:49:33.019] [Netty Epoll Server IO #2/DEBUG] [net.minecraftforge.network.LoginWrapper/FMLHANDSHAKE]: Recieved login wrapper packet event for channel fml:handshake with index 18
[14Apr2025 13:49:33.019] [Netty Epoll Server IO #2/DEBUG] [net.minecraftforge.network.HandshakeHandler/FMLHANDSHAKE]: Received client indexed reply 18 of type net.minecraftforge.network.HandshakeMessages$C2SAcknowledge
[14Apr2025 13:49:33.019] [Netty Epoll Server IO #2/DEBUG] [net.minecraftforge.network.HandshakeHandler/FMLHANDSHAKE]: Received acknowledgement from client
[14Apr2025 13:49:33.041] [Server thread/DEBUG] [net.minecraftforge.network.HandshakeHandler/FMLHANDSHAKE]: Sending ticking packet info 'Registry minecraft:menu' to 'fml:handshake' sequence 20
[14Apr2025 13:49:33.062] [Netty Epoll Server IO #2/DEBUG] [net.minecraftforge.network.LoginWrapper/FMLHANDSHAKE]: Recieved login wrapper packet event for channel fml:handshake with index 19
[14Apr2025 13:49:33.062] [Netty Epoll Server IO #2/DEBUG] [net.minecraftforge.network.HandshakeHandler/FMLHANDSHAKE]: Received client indexed reply 19 of type net.minecraftforge.network.HandshakeMessages$C2SAcknowledge
[14Apr2025 13:49:33.062] [Netty Epoll Server IO #2/DEBUG] [net.minecraftforge.network.HandshakeHandler/FMLHANDSHAKE]: Received acknowledgement from client
[14Apr2025 13:49:33.091] [Server thread/DEBUG] [net.minecraftforge.network.HandshakeHandler/FMLHANDSHAKE]: Sending ticking packet info 'Registry minecraft:enchantment' to 'fml:handshake' sequence 21
[14Apr2025 13:49:33.107] [Netty Epoll Server IO #2/DEBUG] [net.minecraftforge.network.LoginWrapper/FMLHANDSHAKE]: Recieved login wrapper packet event for channel fml:handshake with index 20
[14Apr2025 13:49:33.107] [Netty Epoll Server IO #2/DEBUG] [net.minecraftforge.network.HandshakeHandler/FMLHANDSHAKE]: Received client indexed reply 20 of type net.minecraftforge.network.HandshakeMessages$C2SAcknowledge
[14Apr2025 13:49:33.107] [Netty Epoll Server IO #2/DEBUG] [net.minecraftforge.network.HandshakeHandler/FMLHANDSHAKE]: Received acknowledgement from client
[14Apr2025 13:49:33.141] [Server thread/DEBUG] [net.minecraftforge.network.HandshakeHandler/FMLHANDSHAKE]: Sending ticking packet info 'Registry minecraft:fluid' to 'fml:handshake' sequence 22
[14Apr2025 13:49:33.150] [Netty Epoll Server IO #2/DEBUG] [net.minecraftforge.network.LoginWrapper/FMLHANDSHAKE]: Recieved login wrapper packet event for channel fml:handshake with index 21
[14Apr2025 13:49:33.150] [Netty Epoll Server IO #2/DEBUG] [net.minecraftforge.network.HandshakeHandler/FMLHANDSHAKE]: Received client indexed reply 21 of type net.minecraftforge.network.HandshakeMessages$C2SAcknowledge
[14Apr2025 13:49:33.150] [Netty Epoll Server IO #2/DEBUG] [net.minecraftforge.network.HandshakeHandler/FMLHANDSHAKE]: Received acknowledgement from client
[14Apr2025 13:49:33.191] [Server thread/DEBUG] [net.minecraftforge.network.HandshakeHandler/FMLHANDSHAKE]: Sending ticking packet info 'Registry epicfight:skill' to 'fml:handshake' sequence 23
[14Apr2025 13:49:33.192] [Netty Epoll Server IO #2/DEBUG] [net.minecraftforge.network.LoginWrapper/FMLHANDSHAKE]: Recieved login wrapper packet event for channel fml:handshake with index 22
[14Apr2025 13:49:33.192] [Netty Epoll Server IO #2/DEBUG] [net.minecraftforge.network.HandshakeHandler/FMLHANDSHAKE]: Received client indexed reply 22 of type net.minecraftforge.network.HandshakeMessages$C2SAcknowledge
[14Apr2025 13:49:33.192] [Netty Epoll Server IO #2/DEBUG] [net.minecraftforge.network.HandshakeHandler/FMLHANDSHAKE]: Received acknowledgement from client
[14Apr2025 13:49:33.235] [Netty Epoll Server IO #2/DEBUG] [net.minecraftforge.network.LoginWrapper/FMLHANDSHAKE]: Recieved login wrapper packet event for channel fml:handshake with index 23
[14Apr2025 13:49:33.235] [Netty Epoll Server IO #2/DEBUG] [net.minecraftforge.network.HandshakeHandler/FMLHANDSHAKE]: Received client indexed reply 23 of type net.minecraftforge.network.HandshakeMessages$C2SAcknowledge
[14Apr2025 13:49:33.235] [Netty Epoll Server IO #2/DEBUG] [net.minecraftforge.network.HandshakeHandler/FMLHANDSHAKE]: Received acknowledgement from client
[14Apr2025 13:49:33.241] [Server thread/DEBUG] [net.minecraftforge.network.HandshakeHandler/FMLHANDSHAKE]: Sending ticking packet info 'Registry minecraft:entity_type' to 'fml:handshake' sequence 24
[14Apr2025 13:49:33.292] [Server thread/DEBUG] [net.minecraftforge.network.HandshakeHandler/FMLHANDSHAKE]: Sending ticking packet info 'Config securitycraft-server.toml' to 'fml:handshake' sequence 25
[14Apr2025 13:49:33.341] [Server thread/DEBUG] [net.minecraftforge.network.HandshakeHandler/FMLHANDSHAKE]: Sending ticking packet info 'Config globalxp-server.toml' to 'fml:handshake' sequence 26
[14Apr2025 13:49:33.391] [Server thread/DEBUG] [net.minecraftforge.network.HandshakeHandler/FMLHANDSHAKE]: Sending ticking packet info 'Config travelersbackpack-server.toml' to 'fml:handshake' sequence 27
[14Apr2025 13:49:33.441] [Server thread/DEBUG] [net.minecraftforge.network.HandshakeHandler/FMLHANDSHAKE]: Sending ticking packet info 'Config dynamictrees-server.toml' to 'fml:handshake' sequence 28
[14Apr2025 13:49:33.491] [Server thread/DEBUG] [net.minecraftforge.network.HandshakeHandler/FMLHANDSHAKE]: Sending ticking packet info 'Config enchantinginfuser-server.toml' to 'fml:handshake' sequence 29
[14Apr2025 13:49:33.541] [Server thread/DEBUG] [net.minecraftforge.network.HandshakeHandler/FMLHANDSHAKE]: Sending ticking packet info 'Config corpse-server.toml' to 'fml:handshake' sequence 30
[14Apr2025 13:49:33.591] [Server thread/DEBUG] [net.minecraftforge.network.HandshakeHandler/FMLHANDSHAKE]: Sending ticking packet info 'Config jei-server.toml' to 'fml:handshake' sequence 31
[14Apr2025 13:49:33.641] [Server thread/DEBUG] [net.minecraftforge.network.HandshakeHandler/FMLHANDSHAKE]: Sending ticking packet info 'Config forge-server.toml' to 'fml:handshake' sequence 32
[14Apr2025 13:49:34.283] [Netty Epoll Server IO #2/DEBUG] [net.minecraftforge.network.LoginWrapper/FMLHANDSHAKE]: Recieved login wrapper packet event for channel fml:handshake with index 24
[14Apr2025 13:49:34.283] [Netty Epoll Server IO #2/DEBUG] [net.minecraftforge.network.HandshakeHandler/FMLHANDSHAKE]: Received client indexed reply 24 of type net.minecraftforge.network.HandshakeMessages$C2SAcknowledge
[14Apr2025 13:49:34.284] [Netty Epoll Server IO #2/DEBUG] [net.minecraftforge.network.HandshakeHandler/FMLHANDSHAKE]: Received acknowledgement from client
[14Apr2025 13:49:34.324] [Netty Epoll Server IO #2/DEBUG] [net.minecraftforge.network.LoginWrapper/FMLHANDSHAKE]: Recieved login wrapper packet event for channel fml:handshake with index 25
[14Apr2025 13:49:34.324] [Netty Epoll Server IO #2/DEBUG] [net.minecraftforge.network.HandshakeHandler/FMLHANDSHAKE]: Received client indexed reply 25 of type net.minecraftforge.network.HandshakeMessages$C2SAcknowledge
[14Apr2025 13:49:34.324] [Netty Epoll Server IO #2/DEBUG] [net.minecraftforge.network.HandshakeHandler/FMLHANDSHAKE]: Received acknowledgement from client
[14Apr2025 13:49:34.325] [Netty Epoll Server IO #2/DEBUG] [net.minecraftforge.network.LoginWrapper/FMLHANDSHAKE]: Recieved login wrapper packet event for channel fml:handshake with index 26
[14Apr2025 13:49:34.325] [Netty Epoll Server IO #2/DEBUG] [net.minecraftforge.network.HandshakeHandler/FMLHANDSHAKE]: Received client indexed reply 26 of type net.minecraftforge.network.HandshakeMessages$C2SAcknowledge
[14Apr2025 13:49:34.325] [Netty Epoll Server IO #2/DEBUG] [net.minecraftforge.network.HandshakeHandler/FMLHANDSHAKE]: Received acknowledgement from client
[14Apr2025 13:49:34.325] [Netty Epoll Server IO #2/DEBUG] [net.minecraftforge.network.LoginWrapper/FMLHANDSHAKE]: Recieved login wrapper packet event for channel fml:handshake with index 27
[14Apr2025 13:49:34.325] [Netty Epoll Server IO #2/DEBUG] [net.minecraftforge.network.HandshakeHandler/FMLHANDSHAKE]: Received client indexed reply 27 of type net.minecraftforge.network.HandshakeMessages$C2SAcknowledge
[14Apr2025 13:49:34.326] [Netty Epoll Server IO #2/DEBUG] [net.minecraftforge.network.HandshakeHandler/FMLHANDSHAKE]: Received acknowledgement from client
[14Apr2025 13:49:34.326] [Netty Epoll Server IO #2/DEBUG] [net.minecraftforge.network.LoginWrapper/FMLHANDSHAKE]: Recieved login wrapper packet event for channel fml:handshake with index 28
[14Apr2025 13:49:34.326] [Netty Epoll Server IO #2/DEBUG] [net.minecraftforge.network.HandshakeHandler/FMLHANDSHAKE]: Received client indexed reply 28 of type net.minecraftforge.network.HandshakeMessages$C2SAcknowledge
[14Apr2025 13:49:34.326] [Netty Epoll Server IO #2/DEBUG] [net.minecraftforge.network.HandshakeHandler/FMLHANDSHAKE]: Received acknowledgement from client
[14Apr2025 13:49:34.326] [Netty Epoll Server IO #2/DEBUG] [net.minecraftforge.network.LoginWrapper/FMLHANDSHAKE]: Recieved login wrapper packet event for channel fml:handshake with index 29
[14Apr2025 13:49:34.327] [Netty Epoll Server IO #2/DEBUG] [net.minecraftforge.network.HandshakeHandler/FMLHANDSHAKE]: Received client indexed reply 29 of type net.minecraftforge.network.HandshakeMessages$C2SAcknowledge
[14Apr2025 13:49:34.327] [Netty Epoll Server IO #2/DEBUG] [net.minecraftforge.network.HandshakeHandler/FMLHANDSHAKE]: Received acknowledgement from client
[14Apr2025 13:49:34.328] [Netty Epoll Server IO #2/DEBUG] [net.minecraftforge.network.LoginWrapper/FMLHANDSHAKE]: Recieved login wrapper packet event for channel fml:handshake with index 30
[14Apr2025 13:49:34.328] [Netty Epoll Server IO #2/DEBUG] [net.minecraftforge.network.HandshakeHandler/FMLHANDSHAKE]: Received client indexed reply 30 of type net.minecraftforge.network.HandshakeMessages$C2SAcknowledge
[14Apr2025 13:49:34.328] [Netty Epoll Server IO #2/DEBUG] [net.minecraftforge.network.HandshakeHandler/FMLHANDSHAKE]: Received acknowledgement from client
[14Apr2025 13:49:34.328] [Netty Epoll Server IO #2/DEBUG] [net.minecraftforge.network.LoginWrapper/FMLHANDSHAKE]: Recieved login wrapper packet event for channel fml:handshake with index 31
[14Apr2025 13:49:34.328] [Netty Epoll Server IO #2/DEBUG] [net.minecraftforge.network.HandshakeHandler/FMLHANDSHAKE]: Received client indexed reply 31 of type net.minecraftforge.network.HandshakeMessages$C2SAcknowledge
[14Apr2025 13:49:34.328] [Netty Epoll Server IO #2/DEBUG] [net.minecraftforge.network.HandshakeHandler/FMLHANDSHAKE]: Received acknowledgement from client
[14Apr2025 13:49:34.328] [Netty Epoll Server IO #2/DEBUG] [net.minecraftforge.network.LoginWrapper/FMLHANDSHAKE]: Recieved login wrapper packet event for channel fml:handshake with index 32
[14Apr2025 13:49:34.328] [Netty Epoll Server IO #2/DEBUG] [net.minecraftforge.network.HandshakeHandler/FMLHANDSHAKE]: Received client indexed reply 32 of type net.minecraftforge.network.HandshakeMessages$C2SAcknowledge
[14Apr2025 13:49:34.328] [Netty Epoll Server IO #2/DEBUG] [net.minecraftforge.network.HandshakeHandler/FMLHANDSHAKE]: Received acknowledgement from client
[14Apr2025 13:49:34.341] [Server thread/DEBUG] [net.minecraftforge.network.HandshakeHandler/FMLHANDSHAKE]: Handshake complete!
[14Apr2025 13:49:34.401] [Server thread/WARN] [net.minecraft.network.syncher.SynchedEntityData/]: defineId called for: class net.minecraft.world.entity.player.Player from class tschipp.carryon.common.carry.CarryOnDataManager
[14Apr2025 13:49:34.685] [Server thread/INFO] [net.minecraft.server.players.PlayerList/]: paco[/127.89.181.175:40661] logged in with entity id 143 at (166.98258177230463, 101.0625, 20.76249998807907)
[14Apr2025 13:49:34.698] [Server thread/DEBUG] [net.minecraftforge.network.filters.NetworkFilters/]: Injected net.minecraftforge.network.filters.ForgeConnectionNetworkFilter@524a0a8d into net.minecraft.network.Connection@703848dd
[14Apr2025 13:49:34.834] [Server thread/INFO] [net.minecraft.server.MinecraftServer/]: paco joined the game
[14Apr2025 13:49:35.102] [Server thread/INFO] [Jade/]: Syncing config to paco (c071fbdb-12f6-3dae-9919-8cdbc58fa1b3)
[14Apr2025 13:49:35.264] [Server thread/DEBUG] [io.netty.util.internal.ThreadLocalRandom/]: -Dio.netty.initialSeedUniquifier: 0x82464350ceba6cb3
[14Apr2025 13:49:47.220] [Netty Epoll Server IO #5/DEBUG] [net.minecraftforge.network.HandshakeHandler/FMLHANDSHAKE]: Starting new modded impl connection. Found 33 messages to dispatch.
[14Apr2025 13:49:47.227] [Server thread/DEBUG] [net.minecraftforge.network.HandshakeHandler/FMLHANDSHAKE]: Sending ticking packet info 'FrameworkConfig refurbished_furniture:server' to 'framework:handshake' sequence 0
[14Apr2025 13:49:47.256] [Server thread/DEBUG] [net.minecraftforge.network.HandshakeHandler/FMLHANDSHAKE]: Sending ticking packet info 'net.minecraftforge.network.HandshakeMessages$S2CModData' to 'fml:handshake' sequence 1
[14Apr2025 13:49:47.301] [Netty Epoll Server IO #5/DEBUG] [net.minecraftforge.network.LoginWrapper/FMLHANDSHAKE]: Recieved login wrapper packet event for channel framework:handshake with index 0
[14Apr2025 13:49:47.301] [Netty Epoll Server IO #5/DEBUG] [net.minecraftforge.network.HandshakeHandler/FMLHANDSHAKE]: Received client indexed reply 0 of type com.mrcrayfish.framework.api.network.message.HandshakeMessage$Acknowledge
[14Apr2025 13:49:47.301] [Netty Epoll Server IO #5/DEBUG] [Framework/FRAMEWORK_HANDSHAKE]: Received acknowledgement from client
[14Apr2025 13:49:47.306] [Server thread/DEBUG] [net.minecraftforge.network.HandshakeHandler/FMLHANDSHAKE]: Sending ticking packet info 'net.minecraftforge.network.HandshakeMessages$S2CModList' to 'fml:handshake' sequence 2
[14Apr2025 13:49:47.353] [Server thread/DEBUG] [net.minecraftforge.network.HandshakeHandler/FMLHANDSHAKE]: Sending ticking packet info 'Registry minecraft:command_argument_type' to 'fml:handshake' sequence 3
[14Apr2025 13:49:47.403] [Server thread/DEBUG] [net.minecraftforge.network.HandshakeHandler/FMLHANDSHAKE]: Sending ticking packet info 'Registry minecraft:recipe_serializer' to 'fml:handshake' sequence 4
[14Apr2025 13:49:47.430] [Netty Epoll Server IO #5/DEBUG] [net.minecraftforge.network.LoginWrapper/FMLHANDSHAKE]: Recieved login wrapper packet event for channel fml:handshake with index 2
[14Apr2025 13:49:47.431] [Netty Epoll Server IO #5/DEBUG] [net.minecraftforge.network.HandshakeHandler/FMLHANDSHAKE]: Received client indexed reply 2 of type net.minecraftforge.network.HandshakeMessages$C2SModListReply
[14Apr2025 13:49:47.431] [Netty Epoll Server IO #5/DEBUG] [net.minecraftforge.network.HandshakeHandler/FMLHANDSHAKE]: Received client connection with modlist [kuma_api, animation_overhaul, playeranimator, jei, kleeslabs, neat, waystones, epicfight, xaeroworldmap, citadel, alexsmobs, travelersbackpack, mixinextras, iceandfire, balm, terralith, carryon, sodiumoptionsapi, jeresources, puzzlesaccessapi, cloth_config, forge, sodiumdynamiclights, konkrete, embeddium, rubidium, corpse, minecraft, farmersdelight, fabric_api_base, necronomicon, jade, creativecore, cleanswing, xaerominimap, collective, dragonseeker, securitycraft, inventoryhud, architectury, mca, simplyswords, appleskin, alexsdelight, globalxp, refurbished_furniture, puzzleslib, justzoom, framework, dynamictrees, playerrevive, enchantinginfuser, scaffoldingdropsnearby]
[14Apr2025 13:49:47.431] [Netty Epoll Server IO #5/DEBUG] [net.minecraftforge.network.NetworkRegistry/NETREGISTRY]: Channel 'corpse:default' : Version test of '1.0.0' from client : ACCEPTED
[14Apr2025 13:49:47.431] [Netty Epoll Server IO #5/DEBUG] [net.minecraftforge.network.NetworkRegistry/NETREGISTRY]: Channel 'architectury:network' : Version test of '1' from client : ACCEPTED
[14Apr2025 13:49:47.431] [Netty Epoll Server IO #5/DEBUG] [net.minecraftforge.network.NetworkRegistry/NETREGISTRY]: Channel 'jei:channel' : Version test of '1.0.0' from client : ACCEPTED
[14Apr2025 13:49:47.431] [Netty Epoll Server IO #5/DEBUG] [net.minecraftforge.network.NetworkRegistry/NETREGISTRY]: Channel 'carryon:carryonpackets' : Version test of '1.0' from client : ACCEPTED
[14Apr2025 13:49:47.431] [Netty Epoll Server IO #5/DEBUG] [net.minecraftforge.network.NetworkRegistry/NETREGISTRY]: Channel 'minecraft:unregister' : Version test of 'FML3' from client : ACCEPTED
[14Apr2025 13:49:47.431] [Netty Epoll Server IO #5/DEBUG] [net.minecraftforge.network.NetworkRegistry/NETREGISTRY]: Channel 'xaerominimap:main' : Version test of '1.0' from client : ACCEPTED
[14Apr2025 13:49:47.431] [Netty Epoll Server IO #5/DEBUG] [net.minecraftforge.network.NetworkRegistry/NETREGISTRY]: Channel 'citadel:main_channel' : Version test of '1' from client : ACCEPTED
[14Apr2025 13:49:47.431] [Netty Epoll Server IO #5/DEBUG] [net.minecraftforge.network.NetworkRegistry/NETREGISTRY]: Channel 'puzzleslib:1' : Version test of '1' from client : ACCEPTED
[14Apr2025 13:49:47.431] [Netty Epoll Server IO #5/DEBUG] [net.minecraftforge.network.NetworkRegistry/NETREGISTRY]: Channel 'securitycraft:securitycraft' : Version test of 'v1.9.12' from client : ACCEPTED
[14Apr2025 13:49:47.431] [Netty Epoll Server IO #5/DEBUG] [net.minecraftforge.network.NetworkRegistry/NETREGISTRY]: Channel 'iceandfire:main_channel' : Version test of '1' from client : ACCEPTED
[14Apr2025 13:49:47.431] [Netty Epoll Server IO #5/DEBUG] [net.minecraftforge.network.NetworkRegistry/NETREGISTRY]: Channel 'framework:play' : Version test of '1' from client : ACCEPTED
[14Apr2025 13:49:47.431] [Netty Epoll Server IO #5/DEBUG] [net.minecraftforge.network.NetworkRegistry/NETREGISTRY]: Channel 'travelersbackpack:network' : Version test of 'travelersbackpack:1' from client : ACCEPTED
[14Apr2025 13:49:47.431] [Netty Epoll Server IO #5/DEBUG] [net.minecraftforge.network.NetworkRegistry/NETREGISTRY]: Channel 'appleskin:sync' : Version test of '1' from client : ACCEPTED
[14Apr2025 13:49:47.431] [Netty Epoll Server IO #5/DEBUG] [net.minecraftforge.network.NetworkRegistry/NETREGISTRY]: Channel 'framework:handshake' : Version test of '1' from client : ACCEPTED
[14Apr2025 13:49:47.431] [Netty Epoll Server IO #5/DEBUG] [net.minecraftforge.network.NetworkRegistry/NETREGISTRY]: Channel 'fml:loginwrapper' : Version test of 'FML3' from client : ACCEPTED
[14Apr2025 13:49:47.431] [Netty Epoll Server IO #5/DEBUG] [net.minecraftforge.network.NetworkRegistry/NETREGISTRY]: Channel 'enchantinginfuser:1' : Version test of '1' from client : ACCEPTED
[14Apr2025 13:49:47.431] [Netty Epoll Server IO #5/DEBUG] [net.minecraftforge.network.NetworkRegistry/NETREGISTRY]: Channel 'forge:tier_sorting' : Version test of '1.0' from client : ACCEPTED
[14Apr2025 13:49:47.431] [Netty Epoll Server IO #5/DEBUG] [net.minecraftforge.network.NetworkRegistry/NETREGISTRY]: Channel 'alexsmobs:main_channel' : Version test of '1' from client : ACCEPTED
[14Apr2025 13:49:47.431] [Netty Epoll Server IO #5/DEBUG] [net.minecraftforge.network.NetworkRegistry/NETREGISTRY]: Channel 'mca:main' : Version test of '1' from client : ACCEPTED
[14Apr2025 13:49:47.431] [Netty Epoll Server IO #5/DEBUG] [net.minecraftforge.network.NetworkRegistry/NETREGISTRY]: Channel 'playerrevive:main' : Version test of '1' from client : ACCEPTED
[14Apr2025 13:49:47.431] [Netty Epoll Server IO #5/DEBUG] [net.minecraftforge.network.NetworkRegistry/NETREGISTRY]: Channel 'fml:play' : Version test of 'FML3' from client : ACCEPTED
[14Apr2025 13:49:47.431] [Netty Epoll Server IO #5/DEBUG] [net.minecraftforge.network.NetworkRegistry/NETREGISTRY]: Channel 'kleeslabs:network' : Version test of '1.0' from client : ACCEPTED
[14Apr2025 13:49:47.431] [Netty Epoll Server IO #5/DEBUG] [net.minecraftforge.network.NetworkRegistry/NETREGISTRY]: Channel 'creativecore:main' : Version test of '1' from client : ACCEPTED
[14Apr2025 13:49:47.431] [Netty Epoll Server IO #5/DEBUG] [net.minecraftforge.network.NetworkRegistry/NETREGISTRY]: Channel 'epicfight:network_manager' : Version test of '1' from client : ACCEPTED
[14Apr2025 13:49:47.431] [Netty Epoll Server IO #5/DEBUG] [net.minecraftforge.network.NetworkRegistry/NETREGISTRY]: Channel 'fml:handshake' : Version test of 'FML3' from client : ACCEPTED
[14Apr2025 13:49:47.431] [Netty Epoll Server IO #5/DEBUG] [net.minecraftforge.network.NetworkRegistry/NETREGISTRY]: Channel 'xaeroworldmap:main' : Version test of '1.0' from client : ACCEPTED
[14Apr2025 13:49:47.431] [Netty Epoll Server IO #5/DEBUG] [net.minecraftforge.network.NetworkRegistry/NETREGISTRY]: Channel 'minecraft:register' : Version test of 'FML3' from client : ACCEPTED
[14Apr2025 13:49:47.431] [Netty Epoll Server IO #5/DEBUG] [net.minecraftforge.network.NetworkRegistry/NETREGISTRY]: Channel 'forge:split' : Version test of '1.1' from client : ACCEPTED
[14Apr2025 13:49:47.431] [Netty Epoll Server IO #5/DEBUG] [net.minecraftforge.network.NetworkRegistry/NETREGISTRY]: Channel 'waystones:network' : Version test of '1.0' from client : ACCEPTED
[14Apr2025 13:49:47.432] [Netty Epoll Server IO #5/DEBUG] [net.minecraftforge.network.NetworkRegistry/NETREGISTRY]: Channel 'jade:networking' : Version test of '2' from client : ACCEPTED
[14Apr2025 13:49:47.432] [Netty Epoll Server IO #5/DEBUG] [net.minecraftforge.network.NetworkRegistry/NETREGISTRY]: Channel 'refurbished_furniture:play' : Version test of '1' from client : ACCEPTED
[14Apr2025 13:49:47.432] [Netty Epoll Server IO #5/DEBUG] [net.minecraftforge.network.NetworkRegistry/NETREGISTRY]: Accepting channel list from client
[14Apr2025 13:49:47.432] [Netty Epoll Server IO #5/DEBUG] [net.minecraftforge.network.HandshakeHandler/FMLHANDSHAKE]: Accepted client connection mod list
[14Apr2025 13:49:47.455] [Server thread/DEBUG] [net.minecraftforge.network.HandshakeHandler/FMLHANDSHAKE]: Sending ticking packet info 'Registry minecraft:sound_event' to 'fml:handshake' sequence 5
[14Apr2025 13:49:47.456] [Netty Epoll Server IO #5/DEBUG] [net.minecraftforge.network.LoginWrapper/FMLHANDSHAKE]: Recieved login wrapper packet event for channel fml:handshake with index 3
[14Apr2025 13:49:47.456] [Netty Epoll Server IO #5/DEBUG] [net.minecraftforge.network.HandshakeHandler/FMLHANDSHAKE]: Received client indexed reply 3 of type net.minecraftforge.network.HandshakeMessages$C2SAcknowledge
[14Apr2025 13:49:47.456] [Netty Epoll Server IO #5/DEBUG] [net.minecraftforge.network.HandshakeHandler/FMLHANDSHAKE]: Received acknowledgement from client
[14Apr2025 13:49:47.496] [Netty Epoll Server IO #5/DEBUG] [net.minecraftforge.network.LoginWrapper/FMLHANDSHAKE]: Recieved login wrapper packet event for channel fml:handshake with index 4
[14Apr2025 13:49:47.496] [Netty Epoll Server IO #5/DEBUG] [net.minecraftforge.network.HandshakeHandler/FMLHANDSHAKE]: Received client indexed reply 4 of type net.minecraftforge.network.HandshakeMessages$C2SAcknowledge
[14Apr2025 13:49:47.496] [Netty Epoll Server IO #5/DEBUG] [net.minecraftforge.network.HandshakeHandler/FMLHANDSHAKE]: Received acknowledgement from client
[14Apr2025 13:49:47.499] [Server thread/DEBUG] [net.minecraftforge.network.HandshakeHandler/FMLHANDSHAKE]: Sending ticking packet info 'Registry minecraft:particle_type' to 'fml:handshake' sequence 6
[14Apr2025 13:49:47.549] [Server thread/DEBUG] [net.minecraftforge.network.HandshakeHandler/FMLHANDSHAKE]: Sending ticking packet info 'Registry minecraft:villager_profession' to 'fml:handshake' sequence 7
[14Apr2025 13:49:47.600] [Server thread/DEBUG] [net.minecraftforge.network.HandshakeHandler/FMLHANDSHAKE]: Sending ticking packet info 'Registry minecraft:item' to 'fml:handshake' sequence 8
[14Apr2025 13:49:47.630] [Netty Epoll Server IO #5/DEBUG] [net.minecraftforge.network.LoginWrapper/FMLHANDSHAKE]: Recieved login wrapper packet event for channel fml:handshake with index 5
[14Apr2025 13:49:47.630] [Netty Epoll Server IO #5/DEBUG] [net.minecraftforge.network.HandshakeHandler/FMLHANDSHAKE]: Received client indexed reply 5 of type net.minecraftforge.network.HandshakeMessages$C2SAcknowledge
[14Apr2025 13:49:47.630] [Netty Epoll Server IO #5/DEBUG] [net.minecraftforge.network.HandshakeHandler/FMLHANDSHAKE]: Received acknowledgement from client
[14Apr2025 13:49:47.630] [Netty Epoll Server IO #5/DEBUG] [net.minecraftforge.network.LoginWrapper/FMLHANDSHAKE]: Recieved login wrapper packet event for channel fml:handshake with index 6
[14Apr2025 13:49:47.630] [Netty Epoll Server IO #5/DEBUG] [net.minecraftforge.network.HandshakeHandler/FMLHANDSHAKE]: Received client indexed reply 6 of type net.minecraftforge.network.HandshakeMessages$C2SAcknowledge
[14Apr2025 13:49:47.630] [Netty Epoll Server IO #5/DEBUG] [net.minecraftforge.network.HandshakeHandler/FMLHANDSHAKE]: Received acknowledgement from client
[14Apr2025 13:49:47.655] [Server thread/DEBUG] [net.minecraftforge.network.HandshakeHandler/FMLHANDSHAKE]: Sending ticking packet info 'Registry minecraft:potion' to 'fml:handshake' sequence 9
[14Apr2025 13:49:47.655] [Netty Epoll Server IO #5/DEBUG] [net.minecraftforge.network.LoginWrapper/FMLHANDSHAKE]: Recieved login wrapper packet event for channel fml:handshake with index 7
[14Apr2025 13:49:47.655] [Netty Epoll Server IO #5/DEBUG] [net.minecraftforge.network.HandshakeHandler/FMLHANDSHAKE]: Received client indexed reply 7 of type net.minecraftforge.network.HandshakeMessages$C2SAcknowledge
[14Apr2025 13:49:47.655] [Netty Epoll Server IO #5/DEBUG] [net.minecraftforge.network.HandshakeHandler/FMLHANDSHAKE]: Received acknowledgement from client
[14Apr2025 13:49:47.701] [Server thread/DEBUG] [net.minecraftforge.network.HandshakeHandler/FMLHANDSHAKE]: Sending ticking packet info 'Registry minecraft:painting_variant' to 'fml:handshake' sequence 10
[14Apr2025 13:49:47.718] [Netty Epoll Server IO #5/DEBUG] [net.minecraftforge.network.LoginWrapper/FMLHANDSHAKE]: Recieved login wrapper packet event for channel fml:handshake with index 8
[14Apr2025 13:49:47.718] [Netty Epoll Server IO #5/DEBUG] [net.minecraftforge.network.HandshakeHandler/FMLHANDSHAKE]: Received client indexed reply 8 of type net.minecraftforge.network.HandshakeMessages$C2SAcknowledge
[14Apr2025 13:49:47.718] [Netty Epoll Server IO #5/DEBUG] [net.minecraftforge.network.HandshakeHandler/FMLHANDSHAKE]: Received acknowledgement from client
[14Apr2025 13:49:47.718] [Netty Epoll Server IO #5/DEBUG] [net.minecraftforge.network.LoginWrapper/FMLHANDSHAKE]: Recieved login wrapper packet event for channel fml:handshake with index 9
[14Apr2025 13:49:47.718] [Netty Epoll Server IO #5/DEBUG] [net.minecraftforge.network.HandshakeHandler/FMLHANDSHAKE]: Received client indexed reply 9 of type net.minecraftforge.network.HandshakeMessages$C2SAcknowledge
[14Apr2025 13:49:47.718] [Netty Epoll Server IO #5/DEBUG] [net.minecraftforge.network.HandshakeHandler/FMLHANDSHAKE]: Received acknowledgement from client
[14Apr2025 13:49:47.761] [Server thread/DEBUG] [net.minecraftforge.network.HandshakeHandler/FMLHANDSHAKE]: Sending ticking packet info 'Registry epicfight:skill_data_keys' to 'fml:handshake' sequence 11
[14Apr2025 13:49:47.768] [Netty Epoll Server IO #5/DEBUG] [net.minecraftforge.network.LoginWrapper/FMLHANDSHAKE]: Recieved login wrapper packet event for channel fml:handshake with index 10
[14Apr2025 13:49:47.768] [Netty Epoll Server IO #5/DEBUG] [net.minecraftforge.network.HandshakeHandler/FMLHANDSHAKE]: Received client indexed reply 10 of type net.minecraftforge.network.HandshakeMessages$C2SAcknowledge
[14Apr2025 13:49:47.768] [Netty Epoll Server IO #5/DEBUG] [net.minecraftforge.network.HandshakeHandler/FMLHANDSHAKE]: Received acknowledgement from client
[14Apr2025 13:49:47.803] [Server thread/DEBUG] [net.minecraftforge.network.HandshakeHandler/FMLHANDSHAKE]: Sending ticking packet info 'Registry forge:fluid_type' to 'fml:handshake' sequence 12
[14Apr2025 13:49:47.824] [Netty Epoll Server IO #5/DEBUG] [net.minecraftforge.network.LoginWrapper/FMLHANDSHAKE]: Recieved login wrapper packet event for channel fml:handshake with index 11
[14Apr2025 13:49:47.824] [Netty Epoll Server IO #5/DEBUG] [net.minecraftforge.network.HandshakeHandler/FMLHANDSHAKE]: Received client indexed reply 11 of type net.minecraftforge.network.HandshakeMessages$C2SAcknowledge
[14Apr2025 13:49:47.824] [Netty Epoll Server IO #5/DEBUG] [net.minecraftforge.network.HandshakeHandler/FMLHANDSHAKE]: Received acknowledgement from client
[14Apr2025 13:49:47.855] [Server thread/DEBUG] [net.minecraftforge.network.HandshakeHandler/FMLHANDSHAKE]: Sending ticking packet info 'Registry minecraft:block_entity_type' to 'fml:handshake' sequence 13
[14Apr2025 13:49:47.879] [Netty Epoll Server IO #5/DEBUG] [net.minecraftforge.network.LoginWrapper/FMLHANDSHAKE]: Recieved login wrapper packet event for channel fml:handshake with index 12
[14Apr2025 13:49:47.879] [Netty Epoll Server IO #5/DEBUG] [net.minecraftforge.network.HandshakeHandler/FMLHANDSHAKE]: Received client indexed reply 12 of type net.minecraftforge.network.HandshakeMessages$C2SAcknowledge
[14Apr2025 13:49:47.879] [Netty Epoll Server IO #5/DEBUG] [net.minecraftforge.network.HandshakeHandler/FMLHANDSHAKE]: Received acknowledgement from client
[14Apr2025 13:49:47.901] [Server thread/DEBUG] [net.minecraftforge.network.HandshakeHandler/FMLHANDSHAKE]: Sending ticking packet info 'Registry forge:display_contexts' to 'fml:handshake' sequence 14
[14Apr2025 13:49:47.934] [Netty Epoll Server IO #5/DEBUG] [net.minecraftforge.network.LoginWrapper/FMLHANDSHAKE]: Recieved login wrapper packet event for channel fml:handshake with index 13
[14Apr2025 13:49:47.934] [Netty Epoll Server IO #5/DEBUG] [net.minecraftforge.network.HandshakeHandler/FMLHANDSHAKE]: Received client indexed reply 13 of type net.minecraftforge.network.HandshakeMessages$C2SAcknowledge
[14Apr2025 13:49:47.934] [Netty Epoll Server IO #5/DEBUG] [net.minecraftforge.network.HandshakeHandler/FMLHANDSHAKE]: Received acknowledgement from client
[14Apr2025 13:49:47.950] [Server thread/DEBUG] [net.minecraftforge.network.HandshakeHandler/FMLHANDSHAKE]: Sending ticking packet info 'Registry minecraft:block' to 'fml:handshake' sequence 15
[14Apr2025 13:49:47.990] [Netty Epoll Server IO #5/DEBUG] [net.minecraftforge.network.LoginWrapper/FMLHANDSHAKE]: Recieved login wrapper packet event for channel fml:handshake with index 14
[14Apr2025 13:49:47.990] [Netty Epoll Server IO #5/DEBUG] [net.minecraftforge.network.HandshakeHandler/FMLHANDSHAKE]: Received client indexed reply 14 of type net.minecraftforge.network.HandshakeMessages$C2SAcknowledge
[14Apr2025 13:49:47.990] [Netty Epoll Server IO #5/DEBUG] [net.minecraftforge.network.HandshakeHandler/FMLHANDSHAKE]: Received acknowledgement from client
[14Apr2025 13:49:48.003] [Server thread/DEBUG] [net.minecraftforge.network.HandshakeHandler/FMLHANDSHAKE]: Sending ticking packet info 'Registry forge:entity_data_serializers' to 'fml:handshake' sequence 16
[14Apr2025 13:49:48.048] [Netty Epoll Server IO #5/DEBUG] [net.minecraftforge.network.LoginWrapper/FMLHANDSHAKE]: Recieved login wrapper packet event for channel fml:handshake with index 15
[14Apr2025 13:49:48.048] [Netty Epoll Server IO #5/DEBUG] [net.minecraftforge.network.HandshakeHandler/FMLHANDSHAKE]: Received client indexed reply 15 of type net.minecraftforge.network.HandshakeMessages$C2SAcknowledge
[14Apr2025 13:49:48.048] [Netty Epoll Server IO #5/DEBUG] [net.minecraftforge.network.HandshakeHandler/FMLHANDSHAKE]: Received acknowledgement from client
[14Apr2025 13:49:48.052] [Server thread/DEBUG] [net.minecraftforge.network.HandshakeHandler/FMLHANDSHAKE]: Sending ticking packet info 'Registry minecraft:mob_effect' to 'fml:handshake' sequence 17
[14Apr2025 13:49:48.100] [Netty Epoll Server IO #5/DEBUG] [net.minecraftforge.network.LoginWrapper/FMLHANDSHAKE]: Recieved login wrapper packet event for channel fml:handshake with index 16
[14Apr2025 13:49:48.100] [Netty Epoll Server IO #5/DEBUG] [net.minecraftforge.network.HandshakeHandler/FMLHANDSHAKE]: Received client indexed reply 16 of type net.minecraftforge.network.HandshakeMessages$C2SAcknowledge
[14Apr2025 13:49:48.100] [Netty Epoll Server IO #5/DEBUG] [net.minecraftforge.network.HandshakeHandler/FMLHANDSHAKE]: Received acknowledgement from client
[14Apr2025 13:49:48.101] [Server thread/DEBUG] [net.minecraftforge.network.HandshakeHandler/FMLHANDSHAKE]: Sending ticking packet info 'Registry minecraft:stat_type' to 'fml:handshake' sequence 18
[14Apr2025 13:49:48.150] [Server thread/DEBUG] [net.minecraftforge.network.HandshakeHandler/FMLHANDSHAKE]: Sending ticking packet info 'Registry epicfight:conditions' to 'fml:handshake' sequence 19
[14Apr2025 13:49:48.168] [Netty Epoll Server IO #5/DEBUG] [net.minecraftforge.network.LoginWrapper/FMLHANDSHAKE]: Recieved login wrapper packet event for channel fml:handshake with index 17
[14Apr2025 13:49:48.168] [Netty Epoll Server IO #5/DEBUG] [net.minecraftforge.network.HandshakeHandler/FMLHANDSHAKE]: Received client indexed reply 17 of type net.minecraftforge.network.HandshakeMessages$C2SAcknowledge
[14Apr2025 13:49:48.168] [Netty Epoll Server IO #5/DEBUG] [net.minecraftforge.network.HandshakeHandler/FMLHANDSHAKE]: Received acknowledgement from client
[14Apr2025 13:49:48.204] [Server thread/DEBUG] [net.minecraftforge.network.HandshakeHandler/FMLHANDSHAKE]: Sending ticking packet info 'Registry minecraft:menu' to 'fml:handshake' sequence 20
[14Apr2025 13:49:48.223] [Netty Epoll Server IO #5/DEBUG] [net.minecraftforge.network.LoginWrapper/FMLHANDSHAKE]: Recieved login wrapper packet event for channel fml:handshake with index 18
[14Apr2025 13:49:48.223] [Netty Epoll Server IO #5/DEBUG] [net.minecraftforge.network.HandshakeHandler/FMLHANDSHAKE]: Received client indexed reply 18 of type net.minecraftforge.network.HandshakeMessages$C2SAcknowledge
[14Apr2025 13:49:48.223] [Netty Epoll Server IO #5/DEBUG] [net.minecraftforge.network.HandshakeHandler/FMLHANDSHAKE]: Received acknowledgement from client
[14Apr2025 13:49:48.224] [Netty Epoll Server IO #5/DEBUG] [net.minecraftforge.network.LoginWrapper/FMLHANDSHAKE]: Recieved login wrapper packet event for channel fml:handshake with index 19
[14Apr2025 13:49:48.224] [Netty Epoll Server IO #5/DEBUG] [net.minecraftforge.network.HandshakeHandler/FMLHANDSHAKE]: Received client indexed reply 19 of type net.minecraftforge.network.HandshakeMessages$C2SAcknowledge
[14Apr2025 13:49:48.224] [Netty Epoll Server IO #5/DEBUG] [net.minecraftforge.network.HandshakeHandler/FMLHANDSHAKE]: Received acknowledgement from client
[14Apr2025 13:49:48.259] [Server thread/DEBUG] [net.minecraftforge.network.HandshakeHandler/FMLHANDSHAKE]: Sending ticking packet info 'Registry minecraft:enchantment' to 'fml:handshake' sequence 21
[14Apr2025 13:49:48.279] [Netty Epoll Server IO #5/DEBUG] [net.minecraftforge.network.LoginWrapper/FMLHANDSHAKE]: Recieved login wrapper packet event for channel fml:handshake with index 20
[14Apr2025 13:49:48.279] [Netty Epoll Server IO #5/DEBUG] [net.minecraftforge.network.HandshakeHandler/FMLHANDSHAKE]: Received client indexed reply 20 of type net.minecraftforge.network.HandshakeMessages$C2SAcknowledge
[14Apr2025 13:49:48.280] [Netty Epoll Server IO #5/DEBUG] [net.minecraftforge.network.HandshakeHandler/FMLHANDSHAKE]: Received acknowledgement from client
[14Apr2025 13:49:48.302] [Server thread/DEBUG] [net.minecraftforge.network.HandshakeHandler/FMLHANDSHAKE]: Sending ticking packet info 'Registry minecraft:fluid' to 'fml:handshake' sequence 22
[14Apr2025 13:49:48.333] [Netty Epoll Server IO #5/DEBUG] [net.minecraftforge.network.LoginWrapper/FMLHANDSHAKE]: Recieved login wrapper packet event for channel fml:handshake with index 21
[14Apr2025 13:49:48.334] [Netty Epoll Server IO #5/DEBUG] [net.minecraftforge.network.HandshakeHandler/FMLHANDSHAKE]: Received client indexed reply 21 of type net.minecraftforge.network.HandshakeMessages$C2SAcknowledge
[14Apr2025 13:49:48.334] [Netty Epoll Server IO #5/DEBUG] [net.minecraftforge.network.HandshakeHandler/FMLHANDSHAKE]: Received acknowledgement from client
[14Apr2025 13:49:48.353] [Server thread/DEBUG] [net.minecraftforge.network.HandshakeHandler/FMLHANDSHAKE]: Sending ticking packet info 'Registry epicfight:skill' to 'fml:handshake' sequence 23
[14Apr2025 13:49:48.392] [Netty Epoll Server IO #5/DEBUG] [net.minecraftforge.network.LoginWrapper/FMLHANDSHAKE]: Recieved login wrapper packet event for channel fml:handshake with index 22
[14Apr2025 13:49:48.392] [Netty Epoll Server IO #5/DEBUG] [net.minecraftforge.network.HandshakeHandler/FMLHANDSHAKE]: Received client indexed reply 22 of type net.minecraftforge.network.HandshakeMessages$C2SAcknowledge
[14Apr2025 13:49:48.392] [Netty Epoll Server IO #5/DEBUG] [net.minecraftforge.network.HandshakeHandler/FMLHANDSHAKE]: Received acknowledgement from client
[14Apr2025 13:49:48.407] [Server thread/DEBUG] [net.minecraftforge.network.HandshakeHandler/FMLHANDSHAKE]: Sending ticking packet info 'Registry minecraft:entity_type' to 'fml:handshake' sequence 24
[14Apr2025 13:49:48.449] [Netty Epoll Server IO #5/DEBUG] [net.minecraftforge.network.LoginWrapper/FMLHANDSHAKE]: Recieved login wrapper packet event for channel fml:handshake with index 23
[14Apr2025 13:49:48.449] [Netty Epoll Server IO #5/DEBUG] [net.minecraftforge.network.HandshakeHandler/FMLHANDSHAKE]: Received client indexed reply 23 of type net.minecraftforge.network.HandshakeMessages$C2SAcknowledge
[14Apr2025 13:49:48.449] [Netty Epoll Server IO #5/DEBUG] [net.minecraftforge.network.HandshakeHandler/FMLHANDSHAKE]: Received acknowledgement from client
[14Apr2025 13:49:48.457] [Server thread/DEBUG] [net.minecraftforge.network.HandshakeHandler/FMLHANDSHAKE]: Sending ticking packet info 'Config securitycraft-server.toml' to 'fml:handshake' sequence 25
[14Apr2025 13:49:48.502] [Server thread/DEBUG] [net.minecraftforge.network.HandshakeHandler/FMLHANDSHAKE]: Sending ticking packet info 'Config globalxp-server.toml' to 'fml:handshake' sequence 26
[14Apr2025 13:49:48.563] [Server thread/DEBUG] [net.minecraftforge.network.HandshakeHandler/FMLHANDSHAKE]: Sending ticking packet info 'Config travelersbackpack-server.toml' to 'fml:handshake' sequence 27
[14Apr2025 13:49:48.611] [Server thread/DEBUG] [net.minecraftforge.network.HandshakeHandler/FMLHANDSHAKE]: Sending ticking packet info 'Config dynamictrees-server.toml' to 'fml:handshake' sequence 28
[14Apr2025 13:49:48.651] [Server thread/DEBUG] [net.minecraftforge.network.HandshakeHandler/FMLHANDSHAKE]: Sending ticking packet info 'Config enchantinginfuser-server.toml' to 'fml:handshake' sequence 29
[14Apr2025 13:49:48.702] [Server thread/DEBUG] [net.minecraftforge.network.HandshakeHandler/FMLHANDSHAKE]: Sending ticking packet info 'Config corpse-server.toml' to 'fml:handshake' sequence 30
[14Apr2025 13:49:48.752] [Server thread/DEBUG] [net.minecraftforge.network.HandshakeHandler/FMLHANDSHAKE]: Sending ticking packet info 'Config jei-server.toml' to 'fml:handshake' sequence 31
[14Apr2025 13:49:48.811] [Server thread/DEBUG] [net.minecraftforge.network.HandshakeHandler/FMLHANDSHAKE]: Sending ticking packet info 'Config forge-server.toml' to 'fml:handshake' sequence 32
[14Apr2025 13:49:49.339] [Netty Epoll Server IO #5/DEBUG] [net.minecraftforge.network.LoginWrapper/FMLHANDSHAKE]: Recieved login wrapper packet event for channel fml:handshake with index 24
[14Apr2025 13:49:49.339] [Netty Epoll Server IO #5/DEBUG] [net.minecraftforge.network.HandshakeHandler/FMLHANDSHAKE]: Received client indexed reply 24 of type net.minecraftforge.network.HandshakeMessages$C2SAcknowledge
[14Apr2025 13:49:49.339] [Netty Epoll Server IO #5/DEBUG] [net.minecraftforge.network.HandshakeHandler/FMLHANDSHAKE]: Received acknowledgement from client
[14Apr2025 13:49:49.379] [Netty Epoll Server IO #5/DEBUG] [net.minecraftforge.network.LoginWrapper/FMLHANDSHAKE]: Recieved login wrapper packet event for channel fml:handshake with index 25
[14Apr2025 13:49:49.379] [Netty Epoll Server IO #5/DEBUG] [net.minecraftforge.network.HandshakeHandler/FMLHANDSHAKE]: Received client indexed reply 25 of type net.minecraftforge.network.HandshakeMessages$C2SAcknowledge
[14Apr2025 13:49:49.379] [Netty Epoll Server IO #5/DEBUG] [net.minecraftforge.network.HandshakeHandler/FMLHANDSHAKE]: Received acknowledgement from client
[14Apr2025 13:49:49.379] [Netty Epoll Server IO #5/DEBUG] [net.minecraftforge.network.LoginWrapper/FMLHANDSHAKE]: Recieved login wrapper packet event for channel fml:handshake with index 26
[14Apr2025 13:49:49.379] [Netty Epoll Server IO #5/DEBUG] [net.minecraftforge.network.HandshakeHandler/FMLHANDSHAKE]: Received client indexed reply 26 of type net.minecraftforge.network.HandshakeMessages$C2SAcknowledge
[14Apr2025 13:49:49.379] [Netty Epoll Server IO #5/DEBUG] [net.minecraftforge.network.HandshakeHandler/FMLHANDSHAKE]: Received acknowledgement from client
[14Apr2025 13:49:49.380] [Netty Epoll Server IO #5/DEBUG] [net.minecraftforge.network.LoginWrapper/FMLHANDSHAKE]: Recieved login wrapper packet event for channel fml:handshake with index 27
[14Apr2025 13:49:49.380] [Netty Epoll Server IO #5/DEBUG] [net.minecraftforge.network.HandshakeHandler/FMLHANDSHAKE]: Received client indexed reply 27 of type net.minecraftforge.network.HandshakeMessages$C2SAcknowledge
[14Apr2025 13:49:49.380] [Netty Epoll Server IO #5/DEBUG] [net.minecraftforge.network.HandshakeHandler/FMLHANDSHAKE]: Received acknowledgement from client
[14Apr2025 13:49:49.380] [Netty Epoll Server IO #5/DEBUG] [net.minecraftforge.network.LoginWrapper/FMLHANDSHAKE]: Recieved login wrapper packet event for channel fml:handshake with index 28
[14Apr2025 13:49:49.380] [Netty Epoll Server IO #5/DEBUG] [net.minecraftforge.network.HandshakeHandler/FMLHANDSHAKE]: Received client indexed reply 28 of type net.minecraftforge.network.HandshakeMessages$C2SAcknowledge
[14Apr2025 13:49:49.380] [Netty Epoll Server IO #5/DEBUG] [net.minecraftforge.network.HandshakeHandler/FMLHANDSHAKE]: Received acknowledgement from client
[14Apr2025 13:49:49.380] [Netty Epoll Server IO #5/DEBUG] [net.minecraftforge.network.LoginWrapper/FMLHANDSHAKE]: Recieved login wrapper packet event for channel fml:handshake with index 29
[14Apr2025 13:49:49.380] [Netty Epoll Server IO #5/DEBUG] [net.minecraftforge.network.HandshakeHandler/FMLHANDSHAKE]: Received client indexed reply 29 of type net.minecraftforge.network.HandshakeMessages$C2SAcknowledge
[14Apr2025 13:49:49.380] [Netty Epoll Server IO #5/DEBUG] [net.minecraftforge.network.HandshakeHandler/FMLHANDSHAKE]: Received acknowledgement from client
[14Apr2025 13:49:49.380] [Netty Epoll Server IO #5/DEBUG] [net.minecraftforge.network.LoginWrapper/FMLHANDSHAKE]: Recieved login wrapper packet event for channel fml:handshake with index 30
[14Apr2025 13:49:49.380] [Netty Epoll Server IO #5/DEBUG] [net.minecraftforge.network.HandshakeHandler/FMLHANDSHAKE]: Received client indexed reply 30 of type net.minecraftforge.network.HandshakeMessages$C2SAcknowledge
[14Apr2025 13:49:49.380] [Netty Epoll Server IO #5/DEBUG] [net.minecraftforge.network.HandshakeHandler/FMLHANDSHAKE]: Received acknowledgement from client
[14Apr2025 13:49:49.380] [Netty Epoll Server IO #5/DEBUG] [net.minecraftforge.network.LoginWrapper/FMLHANDSHAKE]: Recieved login wrapper packet event for channel fml:handshake with index 31
[14Apr2025 13:49:49.380] [Netty Epoll Server IO #5/DEBUG] [net.minecraftforge.network.HandshakeHandler/FMLHANDSHAKE]: Received client indexed reply 31 of type net.minecraftforge.network.HandshakeMessages$C2SAcknowledge
[14Apr2025 13:49:49.380] [Netty Epoll Server IO #5/DEBUG] [net.minecraftforge.network.HandshakeHandler/FMLHANDSHAKE]: Received acknowledgement from client
[14Apr2025 13:49:49.380] [Netty Epoll Server IO #5/DEBUG] [net.minecraftforge.network.LoginWrapper/FMLHANDSHAKE]: Recieved login wrapper packet event for channel fml:handshake with index 32
[14Apr2025 13:49:49.381] [Netty Epoll Server IO #5/DEBUG] [net.minecraftforge.network.HandshakeHandler/FMLHANDSHAKE]: Received client indexed reply 32 of type net.minecraftforge.network.HandshakeMessages$C2SAcknowledge
[14Apr2025 13:49:49.381] [Netty Epoll Server IO #5/DEBUG] [net.minecraftforge.network.HandshakeHandler/FMLHANDSHAKE]: Received acknowledgement from client
[14Apr2025 13:49:49.404] [Server thread/DEBUG] [net.minecraftforge.network.HandshakeHandler/FMLHANDSHAKE]: Handshake complete!
[14Apr2025 13:49:49.547] [Server thread/INFO] [net.minecraft.server.players.PlayerList/]: Anau[/127.206.124.17:48177] logged in with entity id 271 at (139.14062993993696, 88.0, 13.795808557123479)
[14Apr2025 13:49:49.547] [Server thread/DEBUG] [net.minecraftforge.network.filters.NetworkFilters/]: Injected net.minecraftforge.network.filters.ForgeConnectionNetworkFilter@5a9a3eff into net.minecraft.network.Connection@65dab6ee
[14Apr2025 13:49:49.573] [Server thread/INFO] [net.minecraft.server.MinecraftServer/]: Anau joined the game
[14Apr2025 13:49:49.678] [Server thread/INFO] [Jade/]: Syncing config to Anau (acd1c713-46ba-358c-8e2e-2ecf980537af)
[14Apr2025 13:50:15.057] [Server thread/WARN] [net.minecraft.network.syncher.SynchedEntityData/]: defineId called for: class forge.net.mca.entity.ZombieVillagerEntityMCA from class forge.net.mca.util.network.datasync.CDataParameter
[14Apr2025 13:50:15.057] [Server thread/WARN] [net.minecraft.network.syncher.SynchedEntityData/]: defineId called for: class forge.net.mca.entity.ZombieVillagerEntityMCA from class forge.net.mca.util.network.datasync.CDataParameter
[14Apr2025 13:50:15.057] [Server thread/WARN] [net.minecraft.network.syncher.SynchedEntityData/]: defineId called for: class forge.net.mca.entity.ZombieVillagerEntityMCA from class forge.net.mca.util.network.datasync.CDataParameter
[14Apr2025 13:50:15.058] [Server thread/WARN] [net.minecraft.network.syncher.SynchedEntityData/]: defineId called for: class forge.net.mca.entity.ZombieVillagerEntityMCA from class forge.net.mca.util.network.datasync.CDataParameter
[14Apr2025 13:50:15.058] [Server thread/WARN] [net.minecraft.network.syncher.SynchedEntityData/]: defineId called for: class forge.net.mca.entity.ZombieVillagerEntityMCA from class forge.net.mca.util.network.datasync.CDataParameter
[14Apr2025 13:50:15.058] [Server thread/WARN] [net.minecraft.network.syncher.SynchedEntityData/]: defineId called for: class forge.net.mca.entity.ZombieVillagerEntityMCA from class forge.net.mca.util.network.datasync.CDataParameter
[14Apr2025 13:50:15.059] [Server thread/WARN] [net.minecraft.network.syncher.SynchedEntityData/]: defineId called for: class forge.net.mca.entity.ZombieVillagerEntityMCA from class forge.net.mca.util.network.datasync.CDataParameter
[14Apr2025 13:50:15.059] [Server thread/WARN] [net.minecraft.network.syncher.SynchedEntityData/]: defineId called for: class forge.net.mca.entity.ZombieVillagerEntityMCA from class forge.net.mca.util.network.datasync.CEnumParameter
[14Apr2025 13:50:15.059] [Server thread/WARN] [net.minecraft.network.syncher.SynchedEntityData/]: defineId called for: class forge.net.mca.entity.ZombieVillagerEntityMCA from class forge.net.mca.util.network.datasync.CDataParameter
[14Apr2025 13:50:15.060] [Server thread/WARN] [net.minecraft.network.syncher.SynchedEntityData/]: defineId called for: class forge.net.mca.entity.ZombieVillagerEntityMCA from class forge.net.mca.util.network.datasync.CDataParameter
[14Apr2025 13:50:15.060] [Server thread/WARN] [net.minecraft.network.syncher.SynchedEntityData/]: defineId called for: class forge.net.mca.entity.ZombieVillagerEntityMCA from class forge.net.mca.util.network.datasync.CDataParameter
[14Apr2025 13:50:15.060] [Server thread/WARN] [net.minecraft.network.syncher.SynchedEntityData/]: defineId called for: class forge.net.mca.entity.ZombieVillagerEntityMCA from class forge.net.mca.util.network.datasync.CDataParameter
[14Apr2025 13:50:15.061] [Server thread/WARN] [net.minecraft.network.syncher.SynchedEntityData/]: defineId called for: class forge.net.mca.entity.ZombieVillagerEntityMCA from class forge.net.mca.util.network.datasync.CDataParameter
[14Apr2025 13:50:15.061] [Server thread/WARN] [net.minecraft.network.syncher.SynchedEntityData/]: defineId called for: class forge.net.mca.entity.ZombieVillagerEntityMCA from class forge.net.mca.util.network.datasync.CDataParameter
[14Apr2025 13:50:15.062] [Server thread/WARN] [net.minecraft.network.syncher.SynchedEntityData/]: defineId called for: class forge.net.mca.entity.ZombieVillagerEntityMCA from class forge.net.mca.util.network.datasync.CDataParameter
[14Apr2025 13:50:15.062] [Server thread/WARN] [net.minecraft.network.syncher.SynchedEntityData/]: defineId called for: class forge.net.mca.entity.ZombieVillagerEntityMCA from class forge.net.mca.util.network.datasync.CDataParameter
[14Apr2025 13:50:15.062] [Server thread/WARN] [net.minecraft.network.syncher.SynchedEntityData/]: defineId called for: class forge.net.mca.entity.ZombieVillagerEntityMCA from class forge.net.mca.util.network.datasync.CDataParameter
[14Apr2025 13:50:15.063] [Server thread/WARN] [net.minecraft.network.syncher.SynchedEntityData/]: defineId called for: class forge.net.mca.entity.ZombieVillagerEntityMCA from class forge.net.mca.util.network.datasync.CDataParameter
[14Apr2025 13:50:15.063] [Server thread/WARN] [net.minecraft.network.syncher.SynchedEntityData/]: defineId called for: class forge.net.mca.entity.ZombieVillagerEntityMCA from class forge.net.mca.util.network.datasync.CDataParameter
[14Apr2025 13:50:15.063] [Server thread/WARN] [net.minecraft.network.syncher.SynchedEntityData/]: defineId called for: class forge.net.mca.entity.ZombieVillagerEntityMCA from class forge.net.mca.util.network.datasync.CEnumParameter
[14Apr2025 13:50:15.063] [Server thread/WARN] [net.minecraft.network.syncher.SynchedEntityData/]: defineId called for: class forge.net.mca.entity.ZombieVillagerEntityMCA from class forge.net.mca.util.network.datasync.CDataParameter
[14Apr2025 13:50:15.064] [Server thread/WARN] [net.minecraft.network.syncher.SynchedEntityData/]: defineId called for: class forge.net.mca.entity.ZombieVillagerEntityMCA from class forge.net.mca.util.network.datasync.CDataParameter
[14Apr2025 13:50:15.064] [Server thread/WARN] [net.minecraft.network.syncher.SynchedEntityData/]: defineId called for: class forge.net.mca.entity.ZombieVillagerEntityMCA from class forge.net.mca.util.network.datasync.CEnumParameter
[14Apr2025 13:50:15.064] [Server thread/WARN] [net.minecraft.network.syncher.SynchedEntityData/]: defineId called for: class forge.net.mca.entity.ZombieVillagerEntityMCA from class forge.net.mca.util.network.datasync.CDataParameter
[14Apr2025 13:50:15.064] [Server thread/WARN] [net.minecraft.network.syncher.SynchedEntityData/]: defineId called for: class forge.net.mca.entity.ZombieVillagerEntityMCA from class forge.net.mca.util.network.datasync.CEnumParameter
[14Apr2025 13:50:15.064] [Server thread/WARN] [net.minecraft.network.syncher.SynchedEntityData/]: defineId called for: class forge.net.mca.entity.ZombieVillagerEntityMCA from class forge.net.mca.util.network.datasync.CEnumParameter
[14Apr2025 13:50:15.065] [Server thread/WARN] [net.minecraft.network.syncher.SynchedEntityData/]: defineId called for: class forge.net.mca.entity.ZombieVillagerEntityMCA from class forge.net.mca.util.network.datasync.CDataParameter
[14Apr2025 13:50:15.065] [Server thread/WARN] [net.minecraft.network.syncher.SynchedEntityData/]: defineId called for: class forge.net.mca.entity.ZombieVillagerEntityMCA from class forge.net.mca.util.network.datasync.CDataParameter
[14Apr2025 13:50:15.065] [Server thread/WARN] [net.minecraft.network.syncher.SynchedEntityData/]: defineId called for: class forge.net.mca.entity.ZombieVillagerEntityMCA from class forge.net.mca.util.network.datasync.CDataParameter
[14Apr2025 13:50:15.065] [Server thread/WARN] [net.minecraft.network.syncher.SynchedEntityData/]: defineId called for: class forge.net.mca.entity.ZombieVillagerEntityMCA from class forge.net.mca.util.network.datasync.CDataParameter
[14Apr2025 13:50:15.065] [Server thread/WARN] [net.minecraft.network.syncher.SynchedEntityData/]: defineId called for: class forge.net.mca.entity.ZombieVillagerEntityMCA from class forge.net.mca.util.network.datasync.CDataParameter
[14Apr2025 13:50:15.066] [Server thread/WARN] [net.minecraft.network.syncher.SynchedEntityData/]: defineId called for: class forge.net.mca.entity.ZombieVillagerEntityMCA from class forge.net.mca.util.network.datasync.CDataParameter
[14Apr2025 13:50:15.066] [Server thread/WARN] [net.minecraft.network.syncher.SynchedEntityData/]: defineId called for: class forge.net.mca.entity.ZombieVillagerEntityMCA from class forge.net.mca.util.network.datasync.CDataParameter
[14Apr2025 13:50:15.066] [Server thread/WARN] [net.minecraft.network.syncher.SynchedEntityData/]: defineId called for: class forge.net.mca.entity.ZombieVillagerEntityMCA from class forge.net.mca.util.network.datasync.CDataParameter
[14Apr2025 13:50:15.066] [Server thread/WARN] [net.minecraft.network.syncher.SynchedEntityData/]: defineId called for: class forge.net.mca.entity.ZombieVillagerEntityMCA from class forge.net.mca.util.network.datasync.CDataParameter
[14Apr2025 13:50:15.067] [Server thread/WARN] [net.minecraft.network.syncher.SynchedEntityData/]: defineId called for: class forge.net.mca.entity.ZombieVillagerEntityMCA from class forge.net.mca.util.network.datasync.CDataParameter
[14Apr2025 13:50:15.067] [Server thread/WARN] [net.minecraft.network.syncher.SynchedEntityData/]: defineId called for: class forge.net.mca.entity.ZombieVillagerEntityMCA from class forge.net.mca.util.network.datasync.CDataParameter
[14Apr2025 13:50:28.662] [Server thread/INFO] [net.minecraft.server.MinecraftServer/]: [paco: Teleported paco to 169.500000, 51.500000, 17.500000]
[14Apr2025 13:50:48.861] [Server thread/INFO] [net.minecraft.server.MinecraftServer/]: [paco: Teleported paco to 130.500000, 77.500000, 17.500000]
[14Apr2025 13:53:32.961] [Server thread/INFO] [net.minecraft.server.MinecraftServer/]: [paco: Teleported paco to -532.500000, 117.500000, -143.500000]
[14Apr2025 13:54:17.642] [Server thread/DEBUG] [net.minecraftforge.common.ForgeHooks/WP]: Gathering id map for writing to world save world
[14Apr2025 13:54:17.658] [Server thread/DEBUG] [net.minecraftforge.common.ForgeHooks/WP]: ID Map collection complete world
[14Apr2025 13:54:58.759] [Server thread/INFO] [net.minecraft.server.MinecraftServer/]: [paco: Teleported paco to -444.500000, 77.500000, -393.500000]
[14Apr2025 13:58:03.525] [Server thread/INFO] [net.minecraft.server.MinecraftServer/]: paco has made the advancement [KEEP ROLLIN' ROLLIN' ROLLIN']
[14Apr2025 13:58:10.805] [Server thread/INFO] [net.minecraft.server.MinecraftServer/]: paco has made the advancement [Rocks Off!]
[14Apr2025 13:59:17.577] [Server thread/DEBUG] [net.minecraftforge.common.ForgeHooks/WP]: Gathering id map for writing to world save world
[14Apr2025 13:59:17.591] [Server thread/DEBUG] [net.minecraftforge.common.ForgeHooks/WP]: ID Map collection complete world
[14Apr2025 14:03:57.000] [Server thread/INFO] [net.minecraft.server.MinecraftServer/]: [paco: Teleported paco to 169.500000, 51.500000, 17.500000]
[14Apr2025 14:04:17.577] [Server thread/DEBUG] [net.minecraftforge.common.ForgeHooks/WP]: Gathering id map for writing to world save world
[14Apr2025 14:04:17.587] [Server thread/DEBUG] [net.minecraftforge.common.ForgeHooks/WP]: ID Map collection complete world
[14Apr2025 14:04:27.655] [Server thread/ERROR] [net.minecraft.Util/]: Invalid entity rotation: NaN, discarding.
[14Apr2025 14:09:11.056] [Server thread/INFO] [net.minecraft.server.MinecraftServer/]: [paco: Teleported paco to Anau]
[14Apr2025 14:09:17.557] [Server thread/DEBUG] [net.minecraftforge.common.ForgeHooks/WP]: Gathering id map for writing to world save world
[14Apr2025 14:09:17.568] [Server thread/DEBUG] [net.minecraftforge.common.ForgeHooks/WP]: ID Map collection complete world
[14Apr2025 14:09:43.948] [Server thread/INFO] [net.minecraft.server.MinecraftServer/]: Anau has made the advancement [Rocks Off!]
[14Apr2025 14:10:21.558] [Server thread/INFO] [net.minecraft.server.MinecraftServer/]: [paco: Teleported paco to 136.500000, 71.500000, -472.500000]
[14Apr2025 14:10:27.569] [Server thread/INFO] [net.minecraft.server.MinecraftServer/]: [paco: Teleported paco to 169.500000, 51.500000, 17.500000]
[14Apr2025 14:10:38.909] [Server thread/INFO] [net.minecraft.server.MinecraftServer/]: [paco: Teleported paco to -546.500000, 72.500000, 481.500000]
[14Apr2025 14:10:39.312] [Worker-Main-3/DEBUG] [mixin/]: Mixing gen.WorldGenRegionMixin from iceandfire.mixins.json into net.minecraft.server.level.WorldGenRegion
[14Apr2025 14:11:29.252] [Server thread/INFO] [net.minecraft.server.MinecraftServer/]: paco has made the advancement [A Terrible Fortress]
[14Apr2025 14:11:32.006] [Worker-Main-2/DEBUG] [mixin/]: Mixing JigsawPlacementPlacerMixin from waystones.mixins.json into net.minecraft.world.level.levelgen.structure.pools.JigsawPlacement$Placer
[14Apr2025 14:12:40.298] [Server thread/INFO] [net.minecraft.server.MinecraftServer/]: [paco: Teleported paco to Anau]
[14Apr2025 14:12:53.285] [Server thread/INFO] [net.minecraft.server.MinecraftServer/]: [paco: Teleported paco to 169.500000, 51.500000, 17.500000]
[14Apr2025 14:13:15.574] [Server thread/INFO] [net.minecraft.server.MinecraftServer/]: [paco: Teleported paco to -551.500000, 73.500000, 484.500000]
[14Apr2025 14:13:22.512] [Server thread/INFO] [net.minecraft.server.MinecraftServer/]: [paco: Teleported paco to Anau]
[14Apr2025 14:13:43.734] [Server thread/INFO] [net.minecraft.server.MinecraftServer/]: [paco: Teleported paco to 169.500000, 51.500000, 17.500000]
[14Apr2025 14:13:57.442] [Server thread/INFO] [net.minecraft.server.MinecraftServer/]: [paco: Teleported paco to -673.500000, 91.500000, 451.500000]
[14Apr2025 14:14:17.558] [Server thread/DEBUG] [net.minecraftforge.common.ForgeHooks/WP]: Gathering id map for writing to world save world
[14Apr2025 14:14:17.569] [Server thread/DEBUG] [net.minecraftforge.common.ForgeHooks/WP]: ID Map collection complete world
[14Apr2025 14:15:50.712] [Server thread/INFO] [net.minecraft.server.MinecraftServer/]: [paco: Teleported paco to Anau]
[14Apr2025 14:15:53.550] [Server thread/WARN] [net.minecraft.server.MinecraftServer/]: Can't keep up! Is the server overloaded? Running 2810ms or 56 ticks behind
[14Apr2025 14:17:35.664] [Server thread/INFO] [net.minecraft.server.MinecraftServer/]: [Anau: Teleported Anau to paco]
[14Apr2025 14:18:41.396] [Server thread/INFO] [net.minecraft.server.MinecraftServer/]: [paco: Teleported paco to 169.500000, 51.500000, 17.500000]
